Tanggal,Produk,Kategori,Qty_Terjual,Harga_Satuan,Total_Penjualan,Stok_Setelah_Transaksi
2025-03-12,Coklat Batang,Snack,7.0,11000,77000.0,163.0
2025-02-19,Roti Tawar,Snack,9.0,15000,135000.0,436.0
2024-07-21,Susu Kental Manis,Produk Susu,1.0,12000,12000.0,456.0
2024-04-22,Coklat Batang,Snack,15.0,11000,165000.0,250.0
2024-06-17,Beras Medium,Sembako,5.0,65000,325000.0,54.0
2025-01-09,,Produk Susu,,25000,375000.0,68.0
2024-07-01,Susu UHT,Produk Susu,3.0,9000,27000.0,57.0
2025-04-24,Kecap Manis,Sembako,14.0,15000,210000.0,215.0
2023-08-22,Teh Celup,Minuman,15.0,8000,120000.0,378.0
2024-06-05,Susu UHT,Produk Susu,14.0,9000,126000.0,519.0
2023-04-29,Teh Botol,Minuman,4.0,5000,20000.0,411.0
2023-12-23,Tepung Terigu,Sembako,7.0,14000,98000.0,265.0
2024-02-22,Air Mineral,Minuman,6.0,4000,24000.0,385.0
2023-06-26,Coklat Batang,Snack,11.0,11000,121000.0,645.0
2023-05-06,Wafer Coklat,Snack,2.0,8000,16000.0,372.0
2023-10-25,Susu UHT,Produk Susu,1.0,9000,9000.0,294.0
2023-08-10,Indomie Soto,Makanan Instan,11.0,3500,38500.0,79.0
2024-03-28,Beras Medium,Sembako,11.0,65000,715000.0,399.0
2024-01-26,Indomie Goreng,Makanan Instan,2.0,3500,7000.0,590.0
2024-05-29,Coklat Batang,Snack,6.0,11000,66000.0,556.0
2025-07-20,Coklat Batang,Snack,17.0,11000,187000.0,668.0
2024-02-14,Wafer Coklat,Snack,5.0,8000,40000.0,419.0
2025-02-20,Saus Sambal,Sembako,8.0,13000,104000.0,332.0
2024-05-28,Mie Ayam Instan,Makanan Instan,14.0,4000,56000.0,335.0
2024-11-27,Susu Kental Manis,Produk Susu,5.0,12000,60000.0,574.0
2025-10-28,Kecap Manis,Sembako,15.0,15000,225000.0,129.0
2025-03-02,Telur Ayam,Sembako,8.0,30000,240000.0,180.0
2023-05-24,Susu UHT,Produk Susu,9.0,9000,81000.0,409.0
2023-02-14,Keju Slice,Produk Susu,7.0,18000,126000.0,608.0
2023-03-01,Telur Ayam,Sembako,1.0,30000,30000.0,233.0
2023-02-27,Air Mineral,Minuman,13.0,4000,52000.0,401.0
2024-04-30,Keju Slice,Produk Susu,13.0,18000,234000.0,150.0
2024-02-05,Air Mineral,Minuman,3.0,4000,12000.0,339.0
2025-02-16,Kopi Sachet,Minuman,7.0,2500,17500.0,195.0
2025-08-04,Indomie Soto,Makanan Instan,2.0,3500,7000.0,430.0
2025-12-24,Keju Slice,Produk Susu,10.0,18000,180000.0,213.0
2023-12-11,,Produk Susu,,12000,,
2025-07-16,Keripik Kentang,Snack,8.0,12000,96000.0,454.0
2025-02-01,Tepung Terigu,Sembako,16.0,14000,224000.0,406.0
2024-06-21,Biskuit Coklat,Snack,13.0,9000,117000.0,155.0
2023-04-10,Kopi Botol,Minuman,,7000,,175.0
2023-09-10,Telur Ayam,Sembako,1.0,30000,30000.0,96.0
2024-05-11,Teh Celup,Minuman,13.0,8000,104000.0,189.0
2025-06-24,Keripik Kentang,Snack,12.0,12000,144000.0,341.0
2023-07-12,Yogurt Botol,Produk Susu,9.0,10000,90000.0,464.0
2023-02-27,Gula Pasir,Sembako,6.0,16000,96000.0,186.0
2023-04-14,Indomie Soto,Makanan Instan,5.0,3500,17500.0,233.0
2024-04-11,,Snack,12.0,9000,,135.0
2025-08-31,Air Mineral,Minuman,11.0,4000,44000.0,163.0
2024-07-13,Susu Kental Manis,Produk Susu,7.0,12000,84000.0,436.0
2024-01-27,Kacang Panggang,Snack,7.0,10000,70000.0,382.0
2025-08-27,Susu UHT,Produk Susu,11.0,9000,99000.0,184.0
2025-01-08,,Minuman,,2500,17500.0,239.0
2023-02-22,Teh Botol,Minuman,6.0,5000,30000.0,151.0
2024-06-25,Beras Premium,Sembako,2.0,75000,150000.0,400.0
2024-07-29,Keripik Kentang,Snack,6.0,12000,72000.0,253.0
2023-05-03,Mie Ayam Instan,Makanan Instan,3.0,4000,12000.0,221.0
2025-04-02,Air Mineral,Minuman,8.0,4000,32000.0,489.0
2023-08-28,Beras Premium,Sembako,5.0,75000,375000.0,517.0
2023-12-15,Keripik Kentang,Snack,6.0,12000,72000.0,675.0
2024-05-26,Kecap Manis,Sembako,6.0,15000,90000.0,125.0
2024-08-24,Susu UHT,Produk Susu,10.0,9000,90000.0,82.0
2023-10-06,Kacang Panggang,Snack,15.0,10000,150000.0,102.0
2025-12-17,Kopi Botol,Minuman,10.0,7000,70000.0,95.0
2024-10-02,,Produk Susu,,12000,,
2023-02-23,Telur Ayam,Sembako,4.0,30000,120000.0,457.0
2025-03-01,Susu UHT,Produk Susu,13.0,9000,117000.0,291.0
2023-05-23,,Minuman,5.0,7000,,579.0
2024-02-26,Tepung Terigu,Sembako,6.0,14000,84000.0,400.0
2023-11-13,Kacang Panggang,Snack,10.0,10000,100000.0,87.0
2024-12-12,Keju Slice,Produk Susu,14.0,18000,252000.0,147.0
2023-11-20,Kecap Manis,Sembako,8.0,15000,120000.0,372.0
2023-04-25,Teh Botol,Minuman,4.0,5000,20000.0,391.0
2024-08-19,Air Mineral,Minuman,13.0,4000,52000.0,306.0
2025-01-18,Jus Kotak,Minuman,15.0,7000,105000.0,129.0
2023-11-11,Kopi Sachet,Minuman,1.0,2500,2500.0,573.0
2024-07-26,Ramen Pedas,Makanan Instan,13.0,7000,91000.0,237.0
2023-10-14,Teh Celup,Minuman,8.0,8000,64000.0,564.0
2023-05-04,Indomie Goreng,Makanan Instan,15.0,3500,52500.0,528.0
2024-08-26,Minuman Isotonik,Minuman,10.0,8500,85000.0,442.0
2024-02-01,Jus Kotak,Minuman,13.0,7000,91000.0,384.0
2023-06-13,Susu UHT,Produk Susu,9.0,9000,81000.0,340.0
2025-06-23,Minyak Goreng,Sembako,8.0,28000,224000.0,83.0
2024-10-02,Coklat Batang,Snack,4.0,11000,44000.0,352.0
2023-12-09,Ramen Pedas,Makanan Instan,11.0,7000,77000.0,496.0
2023-01-26,Jus Kotak,Minuman,12.0,7000,84000.0,62.0
2025-05-02,Biskuit Coklat,Snack,5.0,9000,45000.0,60.0
2023-10-10,Saus Sambal,Sembako,13.0,13000,169000.0,50.0
2023-05-06,Tepung Terigu,Sembako,11.0,14000,154000.0,113.0
2025-03-13,Susu Kental Manis,Produk Susu,7.0,12000,84000.0,537.0
2025-10-20,Teh Celup,Minuman,9.0,8000,72000.0,385.0
2024-02-04,Kecap Manis,Sembako,14.0,15000,210000.0,724.0
2023-03-29,Beras Medium,Sembako,12.0,65000,780000.0,215.0
2023-08-22,Biskuit Coklat,Snack,6.0,9000,54000.0,616.0
2025-06-24,Kecap Manis,Sembako,14.0,15000,210000.0,445.0
2025-10-28,Kopi Botol,Minuman,2.0,7000,14000.0,152.0
2023-05-29,Kecap Manis,Sembako,1.0,15000,15000.0,646.0
2025-06-12,Roti Tawar,Snack,8.0,15000,120000.0,68.0
2023-02-22,Ramen Pedas,Makanan Instan,3.0,7000,21000.0,532.0
2024-09-28,Wafer Coklat,Snack,12.0,8000,96000.0,438.0
2024-05-05,Kecap Manis,Sembako,7.0,15000,105000.0,293.0
2024-01-17,,Snack,,15000,45000.0,
2025-10-22,Teh Celup,Minuman,16.0,8000,128000.0,131.0
2024-02-27,Kopi Botol,Minuman,15.0,7000,105000.0,496.0
2025-10-02,Coklat Batang,Snack,12.0,11000,132000.0,245.0
2023-01-01,Jus Kotak,Minuman,14.0,7000,98000.0,396.0
2025-05-03,Sereal Sarapan,Produk Susu,11.0,25000,275000.0,617.0
2025-06-20,Jus Kotak,Minuman,3.0,7000,21000.0,475.0
2025-09-24,Roti Tawar,Snack,7.0,15000,105000.0,652.0
2024-08-22,Susu Kental Manis,Produk Susu,10.0,12000,120000.0,656.0
2025-09-02,Minyak Goreng,Sembako,5.0,28000,140000.0,331.0
2023-04-02,Yogurt Botol,Produk Susu,15.0,10000,150000.0,418.0
2025-10-02,Susu UHT,Produk Susu,4.0,9000,36000.0,340.0
2025-08-05,Tepung Terigu,Sembako,13.0,14000,182000.0,278.0
2023-12-08,Air Mineral,Minuman,6.0,4000,24000.0,325.0
2023-09-28,Beras Premium,Sembako,6.0,75000,450000.0,660.0
2025-05-14,,Minuman,14.0,7000,,241.0
2023-07-14,Coklat Batang,Snack,,11000,,411.0
2024-10-12,Beras Medium,Sembako,14.0,65000,910000.0,267.0
2024-01-21,Kopi Sachet,Minuman,12.0,2500,30000.0,346.0
2025-05-11,Kopi Botol,Minuman,8.0,7000,56000.0,231.0
2025-07-02,Teh Botol,Minuman,17.0,5000,85000.0,356.0
2023-09-20,Kopi Botol,Minuman,5.0,7000,35000.0,550.0
2024-10-24,Keju Slice,Produk Susu,9.0,18000,162000.0,407.0
2025-03-06,Yogurt Botol,Produk Susu,11.0,10000,110000.0,661.0
2025-12-06,Gula Pasir,Sembako,3.0,16000,48000.0,160.0
2023-12-16,Keripik Kentang,Snack,14.0,12000,168000.0,198.0
2023-01-17,,Produk Susu,15.0,9000,135000.0,
2024-07-04,Biskuit Coklat,Snack,12.0,9000,108000.0,555.0
2025-08-28,Minyak Goreng,Sembako,13.0,28000,364000.0,392.0
2025-12-26,Susu UHT,Produk Susu,14.0,9000,126000.0,618.0
2024-08-12,Teh Celup,Minuman,14.0,8000,112000.0,175.0
2024-02-25,,Produk Susu,7.0,9000,63000.0,199.0
2024-02-13,Susu UHT,Produk Susu,16.0,9000,144000.0,398.0
2025-10-29,,Snack,,11000,,
2025-05-28,Mie Ayam Instan,Makanan Instan,6.0,4000,24000.0,373.0
2025-04-25,Beras Premium,Sembako,14.0,75000,1050000.0,258.0
2024-01-03,Sereal Sarapan,Produk Susu,14.0,25000,350000.0,313.0
2024-06-21,Beras Premium,Sembako,15.0,75000,1125000.0,343.0
2023-09-24,Sereal Sarapan,Produk Susu,14.0,25000,350000.0,547.0
2025-06-24,Minyak Goreng,Sembako,8.0,28000,224000.0,98.0
2025-04-12,Coklat Batang,Snack,10.0,11000,110000.0,513.0
2025-05-30,Indomie Soto,Makanan Instan,6.0,3500,21000.0,389.0
2024-07-16,Teh Botol,Minuman,6.0,5000,30000.0,371.0
2023-07-25,Susu Kental Manis,Produk Susu,15.0,12000,180000.0,158.0
2023-04-22,Beras Medium,Sembako,13.0,65000,845000.0,229.0
2025-08-24,Indomie Soto,Makanan Instan,12.0,3500,42000.0,133.0
2024-11-02,Minuman Isotonik,Minuman,3.0,8500,25500.0,373.0
2025-09-07,Coklat Batang,Snack,17.0,11000,187000.0,275.0
2023-12-22,Tepung Terigu,Sembako,11.0,14000,154000.0,446.0
2025-06-30,Jus Kotak,Minuman,5.0,7000,35000.0,287.0
2024-07-19,Beras Medium,Sembako,10.0,65000,650000.0,301.0
2024-12-07,Susu Kental Manis,Produk Susu,7.0,12000,84000.0,413.0
2024-12-01,Teh Botol,Minuman,9.0,5000,45000.0,307.0
2025-08-05,Coklat Batang,Snack,5.0,11000,55000.0,66.0
2024-07-13,Susu Kental Manis,Produk Susu,6.0,12000,72000.0,407.0
2023-04-19,Ramen Pedas,Makanan Instan,14.0,7000,98000.0,599.0
2024-10-08,Minyak Goreng,Sembako,4.0,28000,112000.0,324.0
2024-12-19,Biskuit Coklat,Snack,16.0,9000,144000.0,567.0
2025-08-25,,Snack,15.0,12000,180000.0,211.0
2024-08-20,Indomie Soto,Makanan Instan,15.0,3500,52500.0,258.0
2025-11-02,Sereal Sarapan,Produk Susu,9.0,25000,225000.0,506.0
2023-11-18,Indomie Goreng,Makanan Instan,9.0,3500,31500.0,262.0
2025-09-18,Indomie Goreng,Makanan Instan,17.0,3500,59500.0,
2025-07-23,Susu UHT,Produk Susu,5.0,9000,45000.0,60.0
2024-03-31,Susu Kental Manis,Produk Susu,,12000,,457.0
2023-09-05,Teh Botol,Minuman,1.0,5000,5000.0,418.0
2025-04-08,Biskuit Coklat,Snack,16.0,9000,144000.0,161.0
2024-01-21,Indomie Soto,Makanan Instan,4.0,3500,14000.0,355.0
2023-06-08,Beras Medium,Sembako,11.0,65000,715000.0,359.0
2025-08-27,Tepung Terigu,Sembako,,14000,,187.0
2023-01-06,Kopi Sachet,Minuman,14.0,2500,35000.0,343.0
2025-06-07,Indomie Soto,Makanan Instan,14.0,3500,49000.0,448.0
2024-10-14,Susu Kental Manis,Produk Susu,14.0,12000,168000.0,394.0
2024-04-06,Keju Slice,Produk Susu,4.0,18000,72000.0,286.0
2023-03-20,Teh Celup,Minuman,9.0,8000,72000.0,424.0
2024-01-29,Beras Medium,Sembako,16.0,65000,1040000.0,323.0
2023-10-14,Ramen Pedas,Makanan Instan,2.0,7000,14000.0,417.0
2023-04-25,Teh Botol,Minuman,13.0,5000,65000.0,452.0
2023-09-28,Minyak Goreng,Sembako,15.0,28000,420000.0,120.0
2025-08-26,Teh Celup,Minuman,8.0,8000,64000.0,621.0
2023-10-27,Kacang Panggang,Snack,12.0,10000,120000.0,601.0
2024-02-15,Coklat Batang,Snack,9.0,11000,99000.0,276.0
2025-06-13,Coklat Batang,Snack,17.0,11000,187000.0,161.0
2023-06-01,,Minuman,3.0,5000,15000.0,
2024-01-13,Roti Tawar,Snack,6.0,15000,90000.0,261.0
2025-11-25,Susu UHT,Produk Susu,9.0,9000,81000.0,429.0
2023-04-10,Coklat Batang,Snack,9.0,11000,99000.0,562.0
2025-05-18,Yogurt Botol,Produk Susu,13.0,10000,130000.0,680.0
2024-03-11,Yogurt Botol,Produk Susu,3.0,10000,30000.0,500.0
2023-08-07,Minuman Isotonik,Minuman,1.0,8500,8500.0,240.0
2023-06-04,Ramen Pedas,Makanan Instan,15.0,7000,105000.0,621.0
2024-11-19,Minuman Isotonik,Minuman,8.0,8500,68000.0,232.0
2023-02-13,Ramen Pedas,Makanan Instan,8.0,7000,56000.0,399.0
2024-03-07,Gula Pasir,Sembako,14.0,16000,224000.0,419.0
2025-04-20,Yogurt Botol,Produk Susu,14.0,10000,140000.0,672.0
2023-10-06,Wafer Coklat,Snack,8.0,8000,64000.0,374.0
2023-11-12,Keripik Kentang,Snack,14.0,12000,168000.0,239.0
2024-01-21,Teh Botol,Minuman,5.0,5000,25000.0,62.0
2023-12-31,Tepung Terigu,Sembako,4.0,14000,56000.0,422.0
2023-05-23,Kopi Botol,Minuman,13.0,7000,91000.0,613.0
2025-12-09,Sereal Sarapan,Produk Susu,16.0,25000,400000.0,437.0
2023-03-31,Air Mineral,Minuman,5.0,4000,20000.0,232.0
2024-05-31,Susu Kental Manis,Produk Susu,8.0,12000,96000.0,285.0
2025-07-03,Wafer Coklat,Snack,11.0,8000,88000.0,100.0
2025-03-05,Susu Kental Manis,Produk Susu,12.0,12000,144000.0,59.0
2024-10-13,Beras Premium,Sembako,13.0,75000,975000.0,387.0
2025-07-10,Susu UHT,Produk Susu,10.0,9000,90000.0,356.0
2023-05-18,Telur Ayam,Sembako,5.0,30000,150000.0,268.0
2023-11-11,Susu Kental Manis,Produk Susu,6.0,12000,72000.0,156.0
2023-11-30,Kecap Manis,Sembako,2.0,15000,30000.0,317.0
2023-10-21,Ramen Pedas,Makanan Instan,7.0,7000,49000.0,613.0
2025-12-08,Mie Ayam Instan,Makanan Instan,16.0,4000,64000.0,385.0
2024-03-03,Kecap Manis,Sembako,12.0,15000,180000.0,117.0
2023-07-24,Coklat Batang,Snack,11.0,11000,121000.0,369.0
2023-03-22,Telur Ayam,Sembako,11.0,30000,330000.0,182.0
2024-05-14,Saus Sambal,Sembako,3.0,13000,39000.0,238.0
2024-01-20,Kopi Botol,Minuman,9.0,7000,63000.0,555.0
2024-02-22,Jus Kotak,Minuman,4.0,7000,28000.0,357.0
2025-01-03,Coklat Batang,Snack,15.0,11000,165000.0,444.0
2024-01-05,Beras Medium,Sembako,10.0,65000,650000.0,286.0
2025-06-02,Sereal Sarapan,Produk Susu,5.0,25000,125000.0,140.0
2025-04-28,Ramen Pedas,Makanan Instan,2.0,7000,14000.0,318.0
2023-05-19,Keripik Kentang,Snack,10.0,12000,120000.0,396.0
2025-01-05,Roti Tawar,Snack,5.0,15000,75000.0,281.0
2023-07-05,Beras Premium,Sembako,6.0,75000,450000.0,178.0
2025-11-18,Jus Kotak,Minuman,4.0,7000,28000.0,163.0
2025-07-18,Susu Kental Manis,Produk Susu,8.0,12000,96000.0,427.0
2023-09-26,Ramen Pedas,Makanan Instan,15.0,7000,105000.0,54.0
2024-02-28,Indomie Goreng,Makanan Instan,5.0,3500,17500.0,321.0
2024-02-23,Roti Tawar,Snack,7.0,15000,105000.0,288.0
2025-02-14,Beras Premium,Sembako,11.0,75000,825000.0,358.0
2023-11-13,Kopi Botol,Minuman,2.0,7000,14000.0,559.0
2024-08-31,Indomie Soto,Makanan Instan,11.0,3500,38500.0,164.0
2024-01-28,Minyak Goreng,Sembako,10.0,28000,280000.0,129.0
2023-04-30,Susu Kental Manis,Produk Susu,10.0,12000,120000.0,192.0
2025-03-20,Biskuit Coklat,Snack,7.0,9000,63000.0,91.0
2023-06-08,Minuman Isotonik,Minuman,4.0,8500,34000.0,402.0
2024-12-06,Biskuit Coklat,Snack,15.0,9000,135000.0,289.0
2023-04-25,Gula Pasir,Sembako,9.0,16000,144000.0,433.0
2023-04-22,Coklat Batang,Snack,4.0,11000,44000.0,391.0
2023-06-12,Coklat Batang,Snack,14.0,11000,154000.0,52.0
2025-08-17,Indomie Soto,Makanan Instan,12.0,3500,42000.0,73.0
2025-04-22,Kecap Manis,Sembako,6.0,15000,90000.0,595.0
2025-02-04,Kopi Sachet,Minuman,13.0,2500,32500.0,461.0
2024-04-23,Teh Botol,Minuman,6.0,5000,30000.0,227.0
2024-06-26,Saus Sambal,Sembako,4.0,13000,52000.0,340.0
2023-06-22,Minyak Goreng,Sembako,7.0,28000,196000.0,246.0
2023-01-25,Coklat Batang,Snack,10.0,11000,110000.0,442.0
2024-05-05,Minyak Goreng,Sembako,15.0,28000,420000.0,178.0
2025-03-13,Coklat Batang,Snack,7.0,11000,77000.0,540.0
2024-07-28,Telur Ayam,Sembako,15.0,30000,450000.0,347.0
2023-06-13,Roti Tawar,Snack,3.0,15000,45000.0,267.0
2025-02-22,Beras Premium,Sembako,15.0,75000,1125000.0,145.0
2023-09-10,Ramen Pedas,Makanan Instan,3.0,7000,21000.0,278.0
2023-04-13,Ramen Pedas,Makanan Instan,11.0,7000,77000.0,65.0
2024-05-28,Indomie Goreng,Makanan Instan,4.0,3500,14000.0,434.0
2025-12-03,Tepung Terigu,Sembako,10.0,14000,140000.0,611.0
2023-05-08,Kopi Botol,Minuman,12.0,7000,84000.0,388.0
2023-09-25,Kecap Manis,Sembako,13.0,15000,195000.0,151.0
2024-04-17,Minuman Isotonik,Minuman,,8500,,406.0
2025-10-13,Jus Kotak,Minuman,17.0,7000,119000.0,410.0
2024-06-04,Kecap Manis,Sembako,7.0,15000,105000.0,102.0
2023-01-08,Teh Celup,Minuman,7.0,8000,56000.0,259.0
2025-12-09,Saus Sambal,Sembako,6.0,13000,78000.0,591.0
2025-05-24,Susu Kental Manis,Produk Susu,11.0,12000,132000.0,202.0
2024-01-03,Indomie Goreng,Makanan Instan,15.0,3500,52500.0,704.0
2025-02-24,Biskuit Coklat,Snack,9.0,9000,81000.0,596.0
2023-12-09,Susu Kental Manis,Produk Susu,3.0,12000,36000.0,666.0
2024-12-06,Roti Tawar,Snack,4.0,15000,60000.0,286.0
2025-12-19,,Makanan Instan,,7000,63000.0,
2025-07-14,Teh Celup,Minuman,14.0,8000,112000.0,364.0
2025-12-28,,Makanan Instan,,3500,56000.0,
2024-12-06,Wafer Coklat,Snack,14.0,8000,112000.0,685.0
2023-06-29,Kopi Botol,Minuman,4.0,7000,28000.0,276.0
2025-09-09,Indomie Goreng,Makanan Instan,6.0,3500,21000.0,352.0
2023-01-28,Yogurt Botol,Produk Susu,14.0,10000,140000.0,350.0
2024-09-20,Saus Sambal,Sembako,9.0,13000,117000.0,151.0
2023-01-10,,Snack,5.0,9000,45000.0,284.0
2023-10-14,Kopi Botol,Minuman,15.0,7000,105000.0,61.0
2023-08-27,Coklat Batang,Snack,6.0,11000,66000.0,207.0
2024-10-28,Ramen Pedas,Makanan Instan,8.0,7000,56000.0,254.0
2024-05-12,Susu UHT,Produk Susu,1.0,9000,9000.0,150.0
2025-06-29,,Snack,,15000,,
2023-04-24,Indomie Goreng,Makanan Instan,1.0,3500,3500.0,122.0
2024-02-13,Sereal Sarapan,Produk Susu,5.0,25000,125000.0,165.0
2023-03-06,Kopi Botol,Minuman,2.0,7000,14000.0,315.0
2025-11-02,Ramen Pedas,Makanan Instan,8.0,7000,56000.0,295.0
2024-03-05,Teh Celup,Minuman,12.0,8000,96000.0,667.0
2023-07-22,Kopi Sachet,Minuman,5.0,2500,12500.0,236.0
2023-10-25,Susu Kental Manis,Produk Susu,11.0,12000,132000.0,570.0
2024-04-25,Yogurt Botol,Produk Susu,7.0,10000,70000.0,541.0
2024-12-12,Minyak Goreng,Sembako,13.0,28000,364000.0,263.0
2024-11-21,Susu Kental Manis,Produk Susu,15.0,12000,180000.0,487.0
2023-11-11,Minuman Isotonik,Minuman,7.0,8500,59500.0,576.0
2023-12-31,Roti Tawar,Snack,1.0,15000,15000.0,175.0
2024-09-04,Mie Ayam Instan,Makanan Instan,7.0,4000,28000.0,378.0
2024-05-05,Keripik Kentang,Snack,4.0,12000,48000.0,170.0
2025-08-14,Teh Botol,Minuman,7.0,5000,35000.0,339.0
2023-09-06,Air Mineral,Minuman,1.0,4000,4000.0,540.0
2024-01-05,Yogurt Botol,Produk Susu,15.0,10000,150000.0,194.0
2024-08-21,Beras Medium,Sembako,13.0,65000,845000.0,420.0
2023-07-04,Kopi Botol,Minuman,10.0,7000,70000.0,451.0
2024-09-25,Mie Ayam Instan,Makanan Instan,13.0,4000,52000.0,105.0
2024-11-03,Kopi Botol,Minuman,16.0,7000,112000.0,543.0
2025-07-07,Biskuit Coklat,Snack,13.0,9000,117000.0,162.0
2024-09-18,Air Mineral,Minuman,2.0,4000,8000.0,108.0
2025-09-26,Wafer Coklat,Snack,15.0,8000,120000.0,291.0
2025-12-26,Kacang Panggang,Snack,8.0,10000,80000.0,173.0
2025-11-01,,Sembako,,75000,,391.0
2024-02-02,Ramen Pedas,Makanan Instan,5.0,7000,35000.0,591.0
2025-01-02,Susu UHT,Produk Susu,4.0,9000,36000.0,277.0
2023-10-23,Telur Ayam,Sembako,13.0,30000,390000.0,58.0
2024-12-11,Biskuit Coklat,Snack,5.0,9000,45000.0,434.0
2025-06-20,Kopi Botol,Minuman,6.0,7000,42000.0,561.0
2025-11-28,Mie Ayam Instan,Makanan Instan,15.0,4000,60000.0,61.0
2023-06-03,Beras Medium,Sembako,3.0,65000,195000.0,367.0
2023-11-14,Beras Premium,Sembako,2.0,75000,150000.0,313.0
2023-09-14,Tepung Terigu,Sembako,11.0,14000,154000.0,505.0
2023-11-10,Ramen Pedas,Makanan Instan,11.0,7000,77000.0,668.0
2024-08-17,Beras Premium,Sembako,11.0,75000,825000.0,453.0
2024-10-07,Kopi Botol,Minuman,15.0,7000,105000.0,180.0
2024-03-22,Biskuit Coklat,Snack,12.0,9000,108000.0,98.0
2025-08-24,Tepung Terigu,Sembako,13.0,14000,182000.0,277.0
2025-02-20,Kopi Botol,Minuman,12.0,7000,84000.0,163.0
2025-11-03,Jus Kotak,Minuman,19.0,7000,133000.0,53.0
2025-05-30,Indomie Soto,Makanan Instan,6.0,3500,21000.0,389.0
2025-07-12,Teh Botol,Minuman,18.0,5000,90000.0,222.0
2025-07-18,,Produk Susu,8.0,12000,,427.0
2025-10-22,,Minuman,16.0,8000,128000.0,
2025-08-15,Teh Botol,Minuman,17.0,5000,85000.0,331.0
2023-04-04,Coklat Batang,Snack,12.0,11000,132000.0,543.0
2023-01-27,Beras Medium,Sembako,11.0,65000,715000.0,150.0
2025-03-19,Roti Tawar,Snack,16.0,15000,240000.0,93.0
2024-03-16,Kopi Botol,Minuman,5.0,7000,35000.0,516.0
2023-11-24,Telur Ayam,Sembako,7.0,30000,210000.0,71.0
2023-08-19,Sereal Sarapan,Produk Susu,9.0,25000,225000.0,487.0
2023-01-17,Susu UHT,Produk Susu,15.0,9000,135000.0,309.0
2023-01-01,Indomie Goreng,Makanan Instan,9.0,3500,31500.0,191.0
2024-03-19,Keju Slice,Produk Susu,13.0,18000,234000.0,491.0
2025-06-12,Roti Tawar,Snack,3.0,15000,45000.0,518.0
2024-08-15,Keripik Kentang,Snack,3.0,12000,36000.0,536.0
2023-10-12,,Minuman,,8000,,414.0
2024-03-09,Keripik Kentang,Snack,14.0,12000,168000.0,226.0
2024-06-08,Coklat Batang,Snack,2.0,11000,22000.0,129.0
2025-12-27,Minuman Isotonik,Minuman,15.0,8500,127500.0,113.0
2025-08-04,Jus Kotak,Minuman,14.0,7000,98000.0,494.0
2023-12-26,Biskuit Coklat,Snack,2.0,9000,18000.0,276.0
2023-09-18,Mie Ayam Instan,Makanan Instan,13.0,4000,52000.0,235.0
2023-05-18,,Minuman,2.0,5000,10000.0,
2025-01-26,Indomie Soto,Makanan Instan,12.0,3500,42000.0,328.0
2023-06-12,Wafer Coklat,Snack,2.0,8000,16000.0,621.0
2025-04-13,Yogurt Botol,Produk Susu,6.0,10000,60000.0,72.0
2023-06-03,Saus Sambal,Sembako,10.0,13000,130000.0,132.0
2023-11-04,Kecap Manis,Sembako,3.0,15000,45000.0,365.0
2023-10-21,Air Mineral,Minuman,4.0,4000,16000.0,515.0
2024-01-16,Tepung Terigu,Sembako,7.0,14000,98000.0,298.0
2023-12-23,Kacang Panggang,Snack,10.0,10000,100000.0,358.0
2025-01-07,Coklat Batang,Snack,16.0,11000,176000.0,323.0
2025-02-06,Susu Kental Manis,Produk Susu,13.0,12000,156000.0,309.0
2023-10-28,Indomie Soto,Makanan Instan,10.0,3500,35000.0,524.0
2023-12-21,Susu Kental Manis,Produk Susu,11.0,12000,132000.0,109.0
2023-07-29,Biskuit Coklat,Snack,1.0,9000,9000.0,405.0
2023-04-22,Sereal Sarapan,Produk Susu,,25000,125000.0,
2025-11-21,Susu UHT,Produk Susu,15.0,9000,135000.0,398.0
2024-06-25,Kacang Panggang,Snack,11.0,10000,110000.0,230.0
2023-06-21,Gula Pasir,Sembako,5.0,16000,80000.0,442.0
2023-10-19,Beras Premium,Sembako,12.0,75000,900000.0,494.0
2025-04-27,Susu Kental Manis,Produk Susu,4.0,12000,48000.0,552.0
2025-10-01,Kacang Panggang,Snack,13.0,10000,130000.0,63.0
2023-04-19,Keripik Kentang,Snack,10.0,12000,120000.0,409.0
2025-05-22,Teh Botol,Minuman,13.0,5000,65000.0,116.0
2025-08-24,Susu Kental Manis,Produk Susu,9.0,12000,108000.0,121.0
2025-06-15,Gula Pasir,Sembako,10.0,16000,160000.0,197.0
2023-01-05,Beras Premium,Sembako,10.0,75000,750000.0,332.0
2025-07-11,Ramen Pedas,Makanan Instan,12.0,7000,84000.0,293.0
2025-04-04,Minyak Goreng,Sembako,6.0,28000,168000.0,241.0
2025-12-22,Kopi Botol,Minuman,10.0,7000,70000.0,143.0
2023-06-05,Yogurt Botol,Produk Susu,11.0,10000,110000.0,327.0
2025-03-24,Indomie Goreng,Makanan Instan,10.0,3500,35000.0,200.0
2023-03-01,Keripik Kentang,Snack,,12000,168000.0,532.0
2024-07-25,,Makanan Instan,16.0,3500,,165.0
2025-12-01,Susu UHT,Produk Susu,16.0,9000,144000.0,92.0
2025-04-13,Yogurt Botol,Produk Susu,6.0,10000,,72.0
2023-07-17,,Produk Susu,12.0,12000,144000.0,451.0
2024-02-14,Telur Ayam,Sembako,9.0,30000,270000.0,409.0
2023-05-26,Gula Pasir,Sembako,1.0,16000,16000.0,471.0
2025-05-15,Yogurt Botol,Produk Susu,13.0,10000,130000.0,503.0
2025-02-20,Indomie Soto,Makanan Instan,17.0,3500,59500.0,488.0
2024-05-07,Minuman Isotonik,Minuman,15.0,8500,127500.0,269.0
2024-04-03,Wafer Coklat,Snack,9.0,8000,72000.0,149.0
2025-04-05,Kacang Panggang,Snack,8.0,10000,80000.0,230.0
2023-02-10,Beras Medium,Sembako,9.0,65000,585000.0,102.0
2023-08-15,Kopi Sachet,Minuman,2.0,2500,5000.0,185.0
2025-11-15,Teh Celup,Minuman,13.0,8000,104000.0,653.0
2025-06-07,Coklat Batang,Snack,4.0,11000,44000.0,479.0
2023-09-04,Kecap Manis,Sembako,13.0,15000,195000.0,169.0
2023-06-06,Keju Slice,Produk Susu,13.0,18000,234000.0,674.0
2023-06-28,Air Mineral,Minuman,5.0,4000,20000.0,325.0
2024-11-24,Air Mineral,Minuman,12.0,4000,48000.0,273.0
2024-02-21,Roti Tawar,Snack,5.0,15000,75000.0,134.0
2023-03-11,Susu Kental Manis,Produk Susu,5.0,12000,60000.0,385.0
2025-02-27,Saus Sambal,Sembako,12.0,13000,156000.0,473.0
2023-10-28,Wafer Coklat,Snack,6.0,8000,48000.0,581.0
2025-11-09,Kecap Manis,Sembako,4.0,15000,60000.0,438.0
2023-06-13,Teh Celup,Minuman,6.0,8000,48000.0,86.0
2024-06-19,Telur Ayam,Sembako,2.0,30000,60000.0,333.0
2025-12-22,Susu Kental Manis,Produk Susu,8.0,12000,96000.0,58.0
2023-03-17,Sereal Sarapan,Produk Susu,11.0,25000,275000.0,491.0
2024-07-01,Sereal Sarapan,Produk Susu,15.0,25000,375000.0,515.0
2023-02-27,Beras Premium,Sembako,5.0,75000,375000.0,564.0
2025-06-03,Indomie Soto,Makanan Instan,15.0,3500,52500.0,304.0
2023-01-06,Teh Celup,Minuman,4.0,8000,32000.0,259.0
2023-12-03,Teh Botol,Minuman,5.0,5000,25000.0,286.0
2023-10-18,Coklat Batang,Snack,1.0,11000,11000.0,241.0
2024-04-16,Sereal Sarapan,Produk Susu,11.0,25000,275000.0,121.0
2023-11-02,Beras Premium,Sembako,8.0,75000,600000.0,612.0
2023-07-25,Saus Sambal,Sembako,14.0,13000,182000.0,433.0
2024-10-19,Telur Ayam,Sembako,15.0,30000,450000.0,608.0
2023-07-03,Beras Premium,Sembako,6.0,75000,450000.0,442.0
2023-06-17,Kopi Botol,Minuman,9.0,7000,63000.0,350.0
2025-05-18,Susu UHT,Produk Susu,14.0,9000,126000.0,109.0
2023-06-06,Ramen Pedas,Makanan Instan,11.0,7000,77000.0,588.0
2023-05-14,Ramen Pedas,Makanan Instan,4.0,7000,28000.0,138.0
2023-06-10,Sereal Sarapan,Produk Susu,2.0,25000,50000.0,89.0
2024-03-31,Keju Slice,Produk Susu,,18000,,
2023-08-28,Telur Ayam,Sembako,3.0,30000,90000.0,452.0
2024-10-26,Teh Celup,Minuman,4.0,8000,32000.0,285.0
2025-11-05,Jus Kotak,Minuman,14.0,7000,98000.0,178.0
2023-09-10,Beras Premium,Sembako,10.0,75000,750000.0,121.0
2025-07-02,Tepung Terigu,Sembako,14.0,14000,196000.0,128.0
2025-09-01,Saus Sambal,Sembako,14.0,13000,182000.0,469.0
2023-05-11,Minuman Isotonik,Minuman,4.0,8500,34000.0,164.0
2024-05-26,Jus Kotak,Minuman,3.0,7000,21000.0,455.0
2024-01-30,Beras Medium,Sembako,15.0,65000,975000.0,69.0
2023-01-02,Beras Premium,Sembako,5.0,75000,375000.0,274.0
2023-08-02,Indomie Soto,Makanan Instan,1.0,3500,3500.0,181.0
2023-11-13,Indomie Goreng,Makanan Instan,14.0,3500,49000.0,238.0
2025-07-23,Roti Tawar,Snack,4.0,15000,60000.0,659.0
2024-03-17,Tepung Terigu,Sembako,14.0,14000,196000.0,529.0
2023-11-19,Beras Premium,Sembako,5.0,75000,375000.0,626.0
2024-08-02,Coklat Batang,Snack,7.0,11000,77000.0,533.0
2023-08-26,Tepung Terigu,Sembako,1.0,14000,14000.0,104.0
2024-01-27,Mie Ayam Instan,Makanan Instan,13.0,4000,52000.0,301.0
2023-07-02,Coklat Batang,Snack,4.0,11000,44000.0,298.0
2024-11-16,Jus Kotak,Minuman,9.0,7000,63000.0,437.0
2023-12-26,Biskuit Coklat,Snack,2.0,9000,18000.0,276.0
2025-03-10,Coklat Batang,Snack,10.0,11000,110000.0,656.0
2023-03-17,Air Mineral,Minuman,3.0,4000,12000.0,527.0
2024-03-06,Kecap Manis,Sembako,6.0,15000,90000.0,164.0
2025-03-17,Teh Botol,Minuman,13.0,5000,65000.0,616.0
2025-04-12,Coklat Batang,Snack,10.0,11000,110000.0,513.0
2024-07-14,Ramen Pedas,Makanan Instan,16.0,7000,112000.0,330.0
2024-06-16,Sereal Sarapan,Produk Susu,7.0,25000,175000.0,550.0
2025-02-22,Keripik Kentang,Snack,12.0,12000,144000.0,255.0
2023-03-14,Teh Botol,Minuman,11.0,5000,55000.0,134.0
2024-10-12,Saus Sambal,Sembako,11.0,13000,143000.0,567.0
2024-01-26,Teh Botol,Minuman,13.0,5000,65000.0,322.0
2023-02-08,Jus Kotak,Minuman,4.0,7000,28000.0,167.0
2023-11-27,Teh Botol,Minuman,3.0,5000,15000.0,358.0
2024-04-25,Air Mineral,Minuman,9.0,4000,36000.0,437.0
2025-05-16,Minuman Isotonik,Minuman,9.0,8500,76500.0,129.0
2025-06-16,Ramen Pedas,Makanan Instan,16.0,7000,112000.0,460.0
2024-12-01,Minyak Goreng,Sembako,14.0,28000,392000.0,84.0
2023-07-04,Kopi Botol,Minuman,6.0,7000,42000.0,97.0
2024-02-25,Susu UHT,Produk Susu,7.0,9000,63000.0,199.0
2025-03-14,Indomie Goreng,Makanan Instan,10.0,3500,35000.0,358.0
2025-09-01,Wafer Coklat,Snack,10.0,8000,80000.0,221.0
2025-12-28,Beras Medium,Sembako,6.0,65000,390000.0,410.0
2023-03-10,Gula Pasir,Sembako,4.0,16000,64000.0,472.0
2025-10-14,Keripik Kentang,Snack,17.0,12000,204000.0,238.0
2024-11-09,Sereal Sarapan,Produk Susu,15.0,25000,375000.0,418.0
2023-11-11,Tepung Terigu,Sembako,8.0,14000,112000.0,372.0
2023-04-18,Jus Kotak,Minuman,11.0,7000,77000.0,206.0
2023-07-21,Kecap Manis,Sembako,7.0,15000,105000.0,276.0
2025-01-22,Ramen Pedas,Makanan Instan,12.0,7000,84000.0,539.0
2024-08-18,Indomie Goreng,Makanan Instan,7.0,3500,24500.0,72.0
2024-08-19,Roti Tawar,Snack,7.0,15000,105000.0,52.0
2023-09-20,Indomie Goreng,Makanan Instan,9.0,3500,31500.0,409.0
2025-04-30,Coklat Batang,Snack,2.0,11000,22000.0,172.0
2023-02-08,Saus Sambal,Sembako,10.0,13000,130000.0,154.0
2023-10-27,Kacang Panggang,Snack,12.0,10000,120000.0,601.0
2025-01-16,Beras Premium,Sembako,16.0,75000,1200000.0,722.0
2024-09-15,Saus Sambal,Sembako,14.0,13000,182000.0,122.0
2024-10-19,Keripik Kentang,Snack,1.0,12000,12000.0,634.0
2025-03-16,Jus Kotak,Minuman,11.0,7000,77000.0,132.0
2025-09-06,Kacang Panggang,Snack,13.0,10000,130000.0,241.0
2024-07-23,Keju Slice,Produk Susu,5.0,18000,90000.0,71.0
2025-10-26,Kecap Manis,Sembako,5.0,15000,75000.0,176.0
2025-05-01,Yogurt Botol,Produk Susu,12.0,10000,120000.0,97.0
2024-04-10,Indomie Goreng,Makanan Instan,9.0,3500,31500.0,113.0
2025-06-21,Keju Slice,Produk Susu,4.0,18000,72000.0,490.0
2023-03-01,Keju Slice,Produk Susu,8.0,18000,144000.0,385.0
2023-04-19,Beras Medium,Sembako,5.0,65000,325000.0,164.0
2023-11-20,Kecap Manis,Sembako,6.0,15000,90000.0,89.0
2025-12-22,Air Mineral,Minuman,13.0,4000,52000.0,540.0
2024-03-14,,Minuman,,5000,30000.0,64.0
2023-12-10,Beras Premium,Sembako,11.0,75000,825000.0,685.0
2023-07-23,Coklat Batang,Snack,13.0,11000,143000.0,492.0
2025-07-13,Kopi Botol,Minuman,18.0,7000,126000.0,456.0
2023-07-08,Keripik Kentang,Snack,1.0,12000,12000.0,231.0
2024-04-24,Sereal Sarapan,Produk Susu,9.0,25000,225000.0,473.0
2025-11-13,Mie Ayam Instan,Makanan Instan,17.0,4000,68000.0,51.0
2023-04-13,Beras Medium,Sembako,5.0,65000,325000.0,384.0
2025-05-06,Teh Celup,Minuman,7.0,8000,56000.0,304.0
2023-09-27,Biskuit Coklat,Snack,2.0,9000,18000.0,169.0
2023-08-06,Minuman Isotonik,Minuman,14.0,8500,119000.0,493.0
2024-06-22,Coklat Batang,Snack,14.0,11000,154000.0,590.0
2023-03-06,Kopi Sachet,Minuman,10.0,2500,25000.0,261.0
2023-12-25,Ramen Pedas,Makanan Instan,4.0,7000,28000.0,564.0
2025-12-23,Sereal Sarapan,Produk Susu,5.0,25000,125000.0,432.0
2025-04-21,Teh Botol,Minuman,3.0,5000,15000.0,278.0
2023-04-01,Coklat Batang,Snack,7.0,11000,77000.0,300.0
2025-01-29,Yogurt Botol,Produk Susu,15.0,10000,150000.0,185.0
2023-08-27,Ramen Pedas,Makanan Instan,2.0,7000,14000.0,320.0
2024-11-03,Minuman Isotonik,Minuman,10.0,8500,85000.0,256.0
2025-06-02,Teh Celup,Minuman,8.0,8000,64000.0,613.0
2023-02-13,Kopi Sachet,Minuman,10.0,2500,25000.0,625.0
2023-07-29,Keju Slice,Produk Susu,2.0,18000,36000.0,341.0
2025-08-29,Kecap Manis,Sembako,3.0,15000,45000.0,538.0
2025-10-02,Saus Sambal,Sembako,12.0,13000,156000.0,295.0
2024-10-03,Keju Slice,Produk Susu,8.0,18000,144000.0,282.0
2025-03-05,Minuman Isotonik,Minuman,16.0,8500,136000.0,240.0
2024-04-26,Kopi Botol,Minuman,7.0,7000,49000.0,640.0
2023-04-11,Kopi Botol,Minuman,15.0,7000,105000.0,514.0
2024-03-05,Tepung Terigu,Sembako,6.0,14000,84000.0,367.0
2023-11-22,Teh Botol,Minuman,6.0,5000,30000.0,241.0
2024-11-29,Yogurt Botol,Produk Susu,6.0,10000,60000.0,511.0
2023-03-22,Tepung Terigu,Sembako,8.0,14000,112000.0,186.0
2025-06-26,Jus Kotak,Minuman,18.0,7000,126000.0,211.0
2023-05-11,Susu UHT,Produk Susu,9.0,9000,81000.0,179.0
2024-03-07,Kacang Panggang,Snack,9.0,10000,90000.0,510.0
2025-08-22,Sereal Sarapan,Produk Susu,14.0,25000,350000.0,459.0
2025-05-22,Keripik Kentang,Snack,7.0,12000,84000.0,207.0
2024-11-17,Kecap Manis,Sembako,12.0,15000,180000.0,59.0
2024-10-02,Susu Kental Manis,Produk Susu,12.0,12000,144000.0,463.0
2025-06-03,Keripik Kentang,Snack,3.0,12000,36000.0,406.0
2023-04-19,Keripik Kentang,Snack,12.0,12000,144000.0,587.0
2025-07-30,Ramen Pedas,Makanan Instan,2.0,7000,14000.0,451.0
2023-04-20,Keripik Kentang,Snack,14.0,12000,168000.0,72.0
2023-08-12,Indomie Soto,Makanan Instan,7.0,3500,24500.0,298.0
2023-03-05,Biskuit Coklat,Snack,13.0,9000,117000.0,583.0
2024-10-03,Kopi Botol,Minuman,11.0,7000,77000.0,465.0
2023-09-14,Susu UHT,Produk Susu,14.0,9000,126000.0,438.0
2023-07-02,Kopi Sachet,Minuman,2.0,2500,5000.0,207.0
2025-06-28,Coklat Batang,Snack,16.0,11000,176000.0,163.0
2025-08-03,Wafer Coklat,Snack,10.0,8000,80000.0,727.0
2025-04-21,Sereal Sarapan,Produk Susu,5.0,25000,125000.0,433.0
2024-05-21,Sereal Sarapan,Produk Susu,16.0,25000,400000.0,181.0
2023-01-27,Beras Premium,Sembako,11.0,75000,825000.0,67.0
2025-07-02,Minyak Goreng,Sembako,5.0,28000,140000.0,193.0
2024-07-05,Sereal Sarapan,Produk Susu,,25000,125000.0,504.0
2023-06-07,Wafer Coklat,Snack,9.0,8000,72000.0,263.0
2025-02-15,Biskuit Coklat,Snack,7.0,9000,63000.0,257.0
2024-07-09,Susu UHT,Produk Susu,13.0,9000,117000.0,114.0
2025-03-08,Kopi Sachet,Minuman,6.0,2500,15000.0,315.0
2024-03-14,Beras Premium,Sembako,3.0,75000,225000.0,373.0
2025-09-12,Jus Kotak,Minuman,6.0,7000,42000.0,175.0
2023-03-28,Sereal Sarapan,Produk Susu,14.0,25000,350000.0,319.0
2025-04-08,Gula Pasir,Sembako,11.0,16000,176000.0,356.0
2023-03-15,Keripik Kentang,Snack,13.0,12000,156000.0,67.0
2023-09-30,Susu UHT,Produk Susu,15.0,9000,135000.0,545.0
2023-10-12,Indomie Goreng,Makanan Instan,2.0,3500,7000.0,178.0
2024-12-10,Telur Ayam,Sembako,14.0,30000,420000.0,297.0
2025-07-08,Kacang Panggang,Snack,6.0,10000,60000.0,255.0
2023-07-25,Kacang Panggang,Snack,12.0,10000,120000.0,133.0
2023-11-18,Mie Ayam Instan,Makanan Instan,4.0,4000,16000.0,240.0
2025-09-08,Coklat Batang,Snack,6.0,11000,66000.0,346.0
2024-08-17,Kecap Manis,Sembako,1.0,15000,15000.0,144.0
2024-04-06,Wafer Coklat,Snack,11.0,8000,88000.0,113.0
2025-03-26,Keripik Kentang,Snack,16.0,12000,192000.0,141.0
2025-10-04,,Produk Susu,11.0,12000,132000.0,
2023-01-20,Saus Sambal,Sembako,6.0,13000,78000.0,383.0
2023-11-14,Kacang Panggang,Snack,2.0,10000,20000.0,305.0
2024-06-12,Biskuit Coklat,Snack,6.0,9000,54000.0,320.0
2024-06-24,Kopi Botol,Minuman,11.0,7000,77000.0,114.0
2023-05-13,Air Mineral,Minuman,3.0,4000,12000.0,358.0
2023-08-08,Teh Botol,Minuman,6.0,5000,30000.0,163.0
2024-11-04,Susu Kental Manis,Produk Susu,3.0,12000,36000.0,257.0
2023-02-05,Yogurt Botol,Produk Susu,2.0,10000,20000.0,281.0
2025-09-18,Yogurt Botol,Produk Susu,9.0,10000,90000.0,240.0
2025-02-07,Coklat Batang,Snack,14.0,11000,154000.0,508.0
2025-12-25,Coklat Batang,Snack,16.0,11000,176000.0,442.0
2025-07-31,Indomie Soto,Makanan Instan,8.0,3500,28000.0,322.0
2024-09-25,Telur Ayam,Sembako,13.0,30000,390000.0,119.0
2025-09-22,Kecap Manis,Sembako,11.0,15000,165000.0,62.0
2023-09-06,Telur Ayam,Sembako,15.0,30000,450000.0,498.0
2023-06-11,Saus Sambal,Sembako,2.0,13000,26000.0,615.0
2025-10-15,Biskuit Coklat,Snack,3.0,9000,27000.0,486.0
2025-04-17,Minyak Goreng,Sembako,4.0,28000,112000.0,148.0
2024-04-04,Coklat Batang,Snack,2.0,11000,22000.0,588.0
2025-09-15,Indomie Goreng,Makanan Instan,5.0,3500,17500.0,411.0
2025-09-19,Biskuit Coklat,Snack,5.0,9000,45000.0,101.0
2023-11-07,Beras Medium,Sembako,6.0,65000,390000.0,124.0
2023-10-15,Wafer Coklat,Snack,2.0,8000,16000.0,536.0
2023-11-04,Yogurt Botol,Produk Susu,9.0,10000,90000.0,341.0
2024-07-14,Yogurt Botol,Produk Susu,3.0,10000,30000.0,411.0
2025-10-03,Indomie Goreng,Makanan Instan,5.0,3500,17500.0,368.0
2023-03-29,Keju Slice,Produk Susu,7.0,18000,126000.0,409.0
2025-09-19,Beras Premium,Sembako,16.0,75000,1200000.0,481.0
2023-05-05,Tepung Terigu,Sembako,,14000,126000.0,
2023-10-03,Gula Pasir,Sembako,5.0,16000,80000.0,103.0
2023-07-25,Wafer Coklat,Snack,3.0,8000,24000.0,313.0
2023-04-22,Indomie Soto,Makanan Instan,9.0,3500,31500.0,319.0
2023-05-23,Kacang Panggang,Snack,3.0,10000,30000.0,329.0
2023-12-30,Teh Celup,Minuman,12.0,8000,96000.0,452.0
2025-04-30,Yogurt Botol,Produk Susu,18.0,10000,180000.0,59.0
2025-08-08,Wafer Coklat,Snack,13.0,8000,104000.0,294.0
2024-07-24,Gula Pasir,Sembako,12.0,16000,192000.0,355.0
2024-04-29,Kecap Manis,Sembako,4.0,15000,60000.0,647.0
2024-10-29,Sereal Sarapan,Produk Susu,8.0,25000,200000.0,384.0
2023-08-31,Keripik Kentang,Snack,11.0,12000,132000.0,476.0
2024-07-31,Ramen Pedas,Makanan Instan,6.0,7000,42000.0,145.0
2024-07-09,Minyak Goreng,Sembako,2.0,28000,56000.0,483.0
2023-11-22,Jus Kotak,Minuman,8.0,7000,56000.0,132.0
2024-08-19,Jus Kotak,Minuman,9.0,7000,63000.0,123.0
2023-01-11,Teh Botol,Minuman,15.0,5000,75000.0,226.0
2023-12-22,Biskuit Coklat,Snack,6.0,9000,54000.0,113.0
2024-10-09,Wafer Coklat,Snack,2.0,8000,16000.0,713.0
2024-10-06,Beras Medium,Sembako,15.0,65000,975000.0,177.0
2023-11-13,Minuman Isotonik,Minuman,2.0,8500,17000.0,69.0
2023-07-26,Biskuit Coklat,Snack,6.0,9000,54000.0,481.0
2025-05-28,Susu UHT,Produk Susu,13.0,9000,117000.0,279.0
2025-12-27,Kecap Manis,Sembako,9.0,15000,135000.0,459.0
2025-03-22,Coklat Batang,Snack,6.0,11000,66000.0,84.0
2024-08-12,Keripik Kentang,Snack,14.0,12000,168000.0,121.0
2024-01-21,Susu Kental Manis,Produk Susu,14.0,12000,168000.0,636.0
2025-09-05,Kecap Manis,Sembako,7.0,15000,105000.0,245.0
2024-08-23,Keripik Kentang,Snack,2.0,12000,24000.0,280.0
2024-02-18,Ramen Pedas,Makanan Instan,9.0,7000,63000.0,471.0
2024-05-21,Tepung Terigu,Sembako,12.0,14000,168000.0,241.0
2023-09-13,Sereal Sarapan,Produk Susu,8.0,25000,200000.0,482.0
2025-12-10,Kopi Botol,Minuman,15.0,7000,105000.0,120.0
2025-09-15,Roti Tawar,Snack,7.0,15000,105000.0,343.0
2023-07-05,Wafer Coklat,Snack,6.0,8000,48000.0,338.0
2023-10-24,Kopi Botol,Minuman,3.0,7000,21000.0,511.0
2023-09-05,Keripik Kentang,Snack,13.0,12000,156000.0,284.0
2024-06-07,Saus Sambal,Sembako,15.0,13000,195000.0,280.0
2024-02-01,Teh Celup,Minuman,7.0,8000,56000.0,113.0
2023-03-24,Roti Tawar,Snack,4.0,15000,60000.0,224.0
2024-01-31,Coklat Batang,Snack,3.0,11000,33000.0,439.0
2023-07-27,Jus Kotak,Minuman,4.0,7000,28000.0,427.0
2025-08-23,Yogurt Botol,Produk Susu,18.0,10000,180000.0,
2024-07-28,Kecap Manis,Sembako,17.0,15000,255000.0,381.0
2023-08-06,Teh Celup,Minuman,14.0,8000,112000.0,528.0
2025-08-21,Air Mineral,Minuman,6.0,4000,24000.0,409.0
2023-10-27,Indomie Soto,Makanan Instan,6.0,3500,21000.0,209.0
2025-06-03,Wafer Coklat,Snack,11.0,8000,88000.0,195.0
2023-10-09,Indomie Goreng,Makanan Instan,12.0,3500,42000.0,392.0
2023-01-02,Air Mineral,Minuman,6.0,4000,24000.0,312.0
2025-10-13,Keripik Kentang,Snack,13.0,12000,156000.0,280.0
2024-04-18,Susu Kental Manis,Produk Susu,4.0,12000,48000.0,299.0
2023-07-26,Susu UHT,Produk Susu,8.0,9000,72000.0,358.0
2025-05-11,Teh Celup,Minuman,13.0,8000,104000.0,569.0
2023-11-12,Sereal Sarapan,Produk Susu,10.0,25000,250000.0,275.0
2025-09-29,Biskuit Coklat,Snack,16.0,9000,144000.0,230.0
2025-07-23,Yogurt Botol,Produk Susu,14.0,10000,140000.0,184.0
2024-05-18,Mie Ayam Instan,Makanan Instan,12.0,4000,48000.0,
2023-12-13,Air Mineral,Minuman,10.0,4000,40000.0,620.0
2025-03-06,,Produk Susu,4.0,9000,36000.0,394.0
2023-03-28,Telur Ayam,Sembako,5.0,30000,150000.0,93.0
2023-09-09,Minyak Goreng,Sembako,3.0,28000,84000.0,239.0
2023-11-26,Kopi Botol,Minuman,6.0,7000,42000.0,584.0
2023-02-03,Kopi Sachet,Minuman,2.0,2500,5000.0,208.0
2025-05-16,Minuman Isotonik,Minuman,9.0,8500,76500.0,129.0
2024-05-10,Kopi Sachet,Minuman,8.0,2500,20000.0,472.0
2025-07-26,Minyak Goreng,Sembako,3.0,28000,84000.0,360.0
2025-02-20,Kopi Sachet,Minuman,16.0,2500,40000.0,117.0
2025-03-22,Teh Botol,Minuman,5.0,5000,25000.0,
2023-03-11,Beras Premium,Sembako,14.0,75000,1050000.0,236.0
2023-10-02,Susu Kental Manis,Produk Susu,5.0,12000,60000.0,51.0
2023-07-19,Keripik Kentang,Snack,14.0,12000,168000.0,266.0
2025-08-23,Yogurt Botol,Produk Susu,18.0,10000,180000.0,482.0
2025-10-16,Teh Celup,Minuman,3.0,8000,24000.0,148.0
2023-05-03,Kecap Manis,Sembako,9.0,15000,135000.0,306.0
2025-06-11,Biskuit Coklat,Snack,14.0,9000,126000.0,420.0
2023-11-15,Coklat Batang,Snack,5.0,11000,55000.0,558.0
2025-11-12,Coklat Batang,Snack,13.0,11000,143000.0,285.0
2024-07-12,Beras Medium,Sembako,3.0,65000,195000.0,92.0
2025-10-01,Telur Ayam,Sembako,4.0,30000,120000.0,494.0
2023-11-25,Air Mineral,Minuman,13.0,4000,52000.0,322.0
2024-03-18,Susu UHT,Produk Susu,6.0,9000,54000.0,378.0
2024-11-25,Air Mineral,Minuman,16.0,4000,64000.0,442.0
2024-03-06,Gula Pasir,Sembako,9.0,16000,144000.0,460.0
2024-04-01,Coklat Batang,Snack,14.0,11000,154000.0,307.0
2025-01-18,Gula Pasir,Sembako,5.0,16000,80000.0,94.0
2024-02-27,Susu UHT,Produk Susu,3.0,9000,27000.0,164.0
2024-03-18,Jus Kotak,Minuman,11.0,7000,77000.0,361.0
2024-08-06,Jus Kotak,Minuman,15.0,7000,105000.0,475.0
2024-12-15,Tepung Terigu,Sembako,16.0,14000,224000.0,61.0
2023-03-01,Keripik Kentang,Snack,14.0,12000,168000.0,532.0
2024-05-04,Kacang Panggang,Snack,16.0,10000,160000.0,626.0
2025-07-09,Tepung Terigu,Sembako,6.0,14000,84000.0,499.0
2025-11-26,Keju Slice,Produk Susu,9.0,18000,162000.0,532.0
2023-09-02,Susu Kental Manis,Produk Susu,1.0,12000,12000.0,120.0
2023-05-26,Jus Kotak,Minuman,13.0,7000,91000.0,140.0
2023-06-03,Beras Medium,Sembako,9.0,65000,585000.0,84.0
2025-09-12,Susu Kental Manis,Produk Susu,13.0,12000,156000.0,283.0
2024-04-30,Keju Slice,Produk Susu,6.0,18000,108000.0,376.0
2023-12-05,Teh Celup,Minuman,1.0,8000,8000.0,330.0
2025-05-20,Kacang Panggang,Snack,6.0,10000,60000.0,408.0
2024-05-24,Jus Kotak,Minuman,1.0,7000,7000.0,147.0
2023-10-21,Minyak Goreng,Sembako,11.0,28000,308000.0,383.0
2025-01-16,Telur Ayam,Sembako,16.0,30000,480000.0,308.0
2023-11-18,Biskuit Coklat,Snack,15.0,9000,135000.0,210.0
2024-08-29,Roti Tawar,Snack,15.0,15000,225000.0,631.0
2025-05-23,Mie Ayam Instan,Makanan Instan,8.0,4000,32000.0,365.0
2024-11-19,Kecap Manis,Sembako,16.0,15000,240000.0,492.0
2025-01-23,Biskuit Coklat,Snack,6.0,9000,54000.0,143.0
2024-11-09,Susu UHT,Produk Susu,1.0,9000,9000.0,656.0
2025-12-18,Susu Kental Manis,Produk Susu,15.0,12000,180000.0,213.0
2024-01-07,Telur Ayam,Sembako,2.0,30000,60000.0,407.0
2023-10-03,Wafer Coklat,Snack,1.0,8000,8000.0,262.0
2025-03-12,Wafer Coklat,Snack,10.0,8000,80000.0,344.0
2024-05-01,Telur Ayam,Sembako,2.0,30000,60000.0,386.0
2023-05-04,Telur Ayam,Sembako,10.0,30000,300000.0,260.0
2025-12-27,,Sembako,12.0,30000,360000.0,59.0
2023-06-04,Kopi Botol,Minuman,8.0,7000,56000.0,647.0
2025-06-29,Wafer Coklat,Snack,4.0,8000,32000.0,434.0
2024-05-21,Indomie Goreng,Makanan Instan,4.0,3500,14000.0,602.0
2024-11-21,Tepung Terigu,Sembako,4.0,14000,56000.0,50.0
2024-09-14,Beras Premium,Sembako,3.0,75000,225000.0,288.0
2024-02-23,Biskuit Coklat,Snack,6.0,9000,54000.0,175.0
2025-12-23,,Snack,6.0,10000,60000.0,
2024-07-04,Teh Botol,Minuman,10.0,5000,50000.0,442.0
2023-04-27,Keju Slice,Produk Susu,13.0,18000,234000.0,478.0
2023-05-01,Jus Kotak,Minuman,1.0,7000,7000.0,478.0
2025-09-04,Telur Ayam,Sembako,14.0,30000,420000.0,588.0
2023-06-04,Beras Premium,Sembako,3.0,75000,225000.0,315.0
2024-05-21,Ramen Pedas,Makanan Instan,4.0,7000,28000.0,429.0
2025-09-18,Gula Pasir,Sembako,9.0,16000,144000.0,316.0
2025-02-05,Beras Premium,Sembako,17.0,75000,1275000.0,110.0
2024-03-31,Roti Tawar,Snack,11.0,15000,165000.0,385.0
2024-06-15,Kopi Botol,Minuman,5.0,7000,35000.0,271.0
2023-07-21,Kopi Botol,Minuman,14.0,7000,98000.0,192.0
2025-11-25,Kacang Panggang,Snack,15.0,10000,150000.0,214.0
2025-01-01,Coklat Batang,Snack,17.0,11000,187000.0,242.0
2024-01-27,Minuman Isotonik,Minuman,2.0,8500,17000.0,484.0
2023-07-09,Minyak Goreng,Sembako,8.0,28000,224000.0,430.0
2025-09-17,Keripik Kentang,Snack,12.0,12000,144000.0,272.0
2025-12-07,Teh Celup,Minuman,12.0,8000,96000.0,305.0
2024-04-01,Minyak Goreng,Sembako,14.0,28000,392000.0,311.0
2024-11-16,Yogurt Botol,Produk Susu,9.0,10000,90000.0,633.0
2024-01-10,Kopi Sachet,Minuman,4.0,2500,10000.0,295.0
2023-11-01,Indomie Goreng,Makanan Instan,13.0,3500,45500.0,266.0
2023-04-02,Yogurt Botol,Produk Susu,5.0,10000,50000.0,541.0
2025-07-11,Minuman Isotonik,Minuman,16.0,8500,136000.0,394.0
2024-09-14,Indomie Soto,Makanan Instan,14.0,3500,49000.0,273.0
2024-11-11,Coklat Batang,Snack,14.0,11000,154000.0,544.0
2024-06-04,Minyak Goreng,Sembako,10.0,28000,280000.0,502.0
2024-09-27,Minyak Goreng,Sembako,17.0,28000,476000.0,585.0
2024-04-01,Teh Botol,Minuman,15.0,5000,75000.0,335.0
2025-09-17,Jus Kotak,Minuman,8.0,7000,56000.0,326.0
2023-02-01,Indomie Soto,Makanan Instan,1.0,3500,3500.0,264.0
2025-03-05,Ramen Pedas,Makanan Instan,15.0,7000,105000.0,384.0
2024-11-14,Telur Ayam,Sembako,9.0,30000,270000.0,171.0
2023-03-05,Teh Botol,Minuman,8.0,5000,40000.0,281.0
2025-09-01,Biskuit Coklat,Snack,12.0,9000,108000.0,216.0
2023-06-20,Telur Ayam,Sembako,6.0,30000,180000.0,303.0
2024-02-25,Ramen Pedas,Makanan Instan,16.0,7000,112000.0,480.0
2025-03-23,Kopi Sachet,Minuman,16.0,2500,40000.0,403.0
2023-01-02,Yogurt Botol,Produk Susu,7.0,10000,70000.0,572.0
2025-07-09,Ramen Pedas,Makanan Instan,14.0,7000,98000.0,163.0
2024-08-02,Wafer Coklat,Snack,6.0,8000,48000.0,215.0
2024-02-19,Jus Kotak,Minuman,14.0,7000,98000.0,172.0
2024-03-29,Telur Ayam,Sembako,9.0,30000,270000.0,281.0
2025-03-24,Coklat Batang,Snack,17.0,11000,187000.0,444.0
2023-04-20,Gula Pasir,Sembako,11.0,16000,176000.0,137.0
2023-02-10,Beras Medium,Sembako,10.0,65000,650000.0,278.0
2023-07-23,Minuman Isotonik,Minuman,15.0,8500,127500.0,496.0
2025-10-03,Sereal Sarapan,Produk Susu,8.0,25000,200000.0,421.0
2025-02-05,Roti Tawar,Snack,10.0,15000,150000.0,452.0
2024-11-27,Minyak Goreng,Sembako,10.0,28000,280000.0,225.0
2024-10-22,Beras Premium,Sembako,10.0,75000,750000.0,738.0
2024-06-13,Teh Botol,Minuman,14.0,5000,70000.0,384.0
2023-07-13,Susu Kental Manis,Produk Susu,8.0,12000,96000.0,351.0
2024-06-24,Keripik Kentang,Snack,10.0,12000,120000.0,54.0
2023-05-10,Gula Pasir,Sembako,11.0,16000,176000.0,227.0
2024-05-17,Teh Celup,Minuman,2.0,8000,16000.0,203.0
2024-02-25,Keju Slice,Produk Susu,4.0,18000,72000.0,482.0
2024-10-04,Jus Kotak,Minuman,4.0,7000,28000.0,338.0
2025-10-24,Telur Ayam,Sembako,10.0,30000,300000.0,311.0
2025-11-02,Susu Kental Manis,Produk Susu,11.0,12000,132000.0,348.0
2025-06-15,Air Mineral,Minuman,14.0,4000,56000.0,80.0
2025-08-04,Gula Pasir,Sembako,13.0,16000,208000.0,211.0
2025-06-12,Yogurt Botol,Produk Susu,3.0,10000,30000.0,102.0
2025-08-31,Beras Premium,Sembako,11.0,75000,825000.0,417.0
2024-12-08,Air Mineral,Minuman,2.0,4000,8000.0,446.0
2025-01-07,Telur Ayam,Sembako,16.0,30000,480000.0,313.0
2023-09-24,Indomie Soto,Makanan Instan,1.0,3500,3500.0,297.0
2023-04-04,Teh Botol,Minuman,5.0,5000,25000.0,129.0
2024-10-26,Keripik Kentang,Snack,15.0,12000,180000.0,129.0
2024-05-12,Susu UHT,Produk Susu,5.0,9000,45000.0,489.0
2023-06-08,Coklat Batang,Snack,12.0,11000,132000.0,403.0
2025-10-11,Susu Kental Manis,Produk Susu,9.0,12000,108000.0,497.0
2023-10-21,Roti Tawar,Snack,14.0,15000,210000.0,352.0
2023-10-12,Coklat Batang,Snack,1.0,11000,11000.0,559.0
2024-12-29,Indomie Soto,Makanan Instan,3.0,3500,10500.0,352.0
2023-04-27,Mie Ayam Instan,Makanan Instan,3.0,4000,12000.0,221.0
2025-01-23,Yogurt Botol,Produk Susu,14.0,10000,140000.0,256.0
2025-01-18,Susu Kental Manis,Produk Susu,13.0,12000,156000.0,686.0
2024-10-08,Teh Celup,Minuman,11.0,8000,88000.0,394.0
2024-02-27,Gula Pasir,Sembako,2.0,16000,32000.0,156.0
2025-04-20,Sereal Sarapan,Produk Susu,5.0,25000,125000.0,403.0
2023-05-26,Wafer Coklat,Snack,8.0,8000,64000.0,75.0
2025-02-28,Teh Botol,Minuman,5.0,5000,25000.0,57.0
2023-03-08,Telur Ayam,Sembako,4.0,30000,120000.0,256.0
2023-03-26,Yogurt Botol,Produk Susu,11.0,10000,110000.0,692.0
2023-12-04,Susu Kental Manis,Produk Susu,10.0,12000,120000.0,169.0
2023-07-24,Indomie Soto,Makanan Instan,14.0,3500,49000.0,65.0
2023-09-08,Keripik Kentang,Snack,13.0,12000,156000.0,98.0
2024-01-21,Susu UHT,Produk Susu,8.0,9000,72000.0,171.0
2023-05-05,Gula Pasir,Sembako,9.0,16000,144000.0,239.0
2023-09-24,Indomie Goreng,Makanan Instan,6.0,3500,21000.0,312.0
2024-12-15,Beras Premium,Sembako,15.0,75000,1125000.0,402.0
2023-07-16,Beras Medium,Sembako,5.0,65000,325000.0,332.0
2025-06-11,Biskuit Coklat,Snack,12.0,9000,108000.0,237.0
2024-06-08,,Snack,,11000,22000.0,
2024-11-28,Yogurt Botol,Produk Susu,3.0,10000,30000.0,272.0
2024-09-11,Yogurt Botol,Produk Susu,8.0,10000,80000.0,266.0
2024-08-14,Teh Botol,Minuman,8.0,5000,40000.0,312.0
2025-09-25,Minyak Goreng,Sembako,5.0,28000,140000.0,259.0
2023-03-31,Air Mineral,Minuman,5.0,4000,20000.0,
2025-04-12,Sereal Sarapan,Produk Susu,12.0,25000,300000.0,224.0
2023-06-10,Tepung Terigu,Sembako,4.0,14000,56000.0,415.0
2024-07-23,Biskuit Coklat,Snack,13.0,9000,117000.0,302.0
2023-11-06,Indomie Soto,Makanan Instan,3.0,3500,10500.0,312.0
2025-02-06,Saus Sambal,Sembako,11.0,13000,143000.0,695.0
2023-01-24,Kopi Sachet,Minuman,10.0,2500,25000.0,241.0
2024-11-10,Minuman Isotonik,Minuman,14.0,8500,119000.0,452.0
2024-08-26,Indomie Soto,Makanan Instan,15.0,3500,52500.0,75.0
2023-10-25,Mie Ayam Instan,Makanan Instan,8.0,4000,32000.0,553.0
2023-09-06,,Sembako,,30000,450000.0,
2024-08-05,Teh Celup,Minuman,8.0,8000,64000.0,677.0
2023-12-27,Yogurt Botol,Produk Susu,5.0,10000,50000.0,356.0
2025-05-05,Biskuit Coklat,Snack,7.0,9000,63000.0,54.0
2024-04-16,Gula Pasir,Sembako,10.0,16000,160000.0,164.0
2024-10-10,Kacang Panggang,Snack,1.0,10000,10000.0,387.0
2023-06-26,Coklat Batang,Snack,3.0,11000,33000.0,114.0
2024-12-20,Gula Pasir,Sembako,13.0,16000,208000.0,99.0
2025-02-04,Roti Tawar,Snack,7.0,15000,105000.0,318.0
2023-01-31,Sereal Sarapan,Produk Susu,15.0,25000,375000.0,219.0
2024-07-10,Roti Tawar,Snack,3.0,15000,45000.0,309.0
2024-10-24,Susu Kental Manis,Produk Susu,8.0,12000,96000.0,562.0
2024-04-12,Teh Botol,Minuman,,5000,35000.0,581.0
2023-07-17,Susu Kental Manis,Produk Susu,12.0,12000,144000.0,451.0
2024-09-10,Kecap Manis,Sembako,8.0,15000,120000.0,287.0
2025-01-24,Indomie Soto,Makanan Instan,10.0,3500,35000.0,432.0
2023-02-17,Kopi Botol,Minuman,3.0,7000,21000.0,454.0
2024-08-26,Minyak Goreng,Sembako,11.0,28000,308000.0,218.0
2025-09-22,Sereal Sarapan,Produk Susu,6.0,25000,150000.0,688.0
2025-05-27,Jus Kotak,Minuman,14.0,7000,98000.0,268.0
2025-03-26,Beras Medium,Sembako,9.0,65000,585000.0,219.0
2025-11-05,Kopi Sachet,Minuman,5.0,2500,12500.0,315.0
2024-05-24,Coklat Batang,Snack,6.0,11000,66000.0,96.0
2025-05-22,Teh Botol,Minuman,12.0,5000,60000.0,247.0
2025-04-19,Yogurt Botol,Produk Susu,6.0,10000,60000.0,254.0
2024-05-24,Kacang Panggang,Snack,9.0,10000,90000.0,682.0
2024-04-07,Saus Sambal,Sembako,8.0,13000,104000.0,621.0
2023-01-04,Coklat Batang,Snack,12.0,11000,132000.0,149.0
2024-09-07,Wafer Coklat,Snack,3.0,8000,24000.0,407.0
2025-01-25,Kecap Manis,Sembako,18.0,15000,270000.0,359.0
2023-01-26,Keju Slice,Produk Susu,2.0,18000,36000.0,474.0
2024-09-06,Keju Slice,Produk Susu,3.0,18000,54000.0,210.0
2024-03-14,Teh Botol,Minuman,6.0,5000,30000.0,64.0
2024-10-01,Minuman Isotonik,Minuman,3.0,8500,25500.0,464.0
2024-08-26,Telur Ayam,Sembako,3.0,30000,90000.0,388.0
2024-01-04,Susu Kental Manis,Produk Susu,13.0,12000,156000.0,301.0
2024-08-12,Teh Celup,Minuman,14.0,8000,,175.0
2023-11-21,Biskuit Coklat,Snack,8.0,9000,72000.0,389.0
2024-08-23,Saus Sambal,Sembako,13.0,13000,169000.0,263.0
2023-08-04,Kecap Manis,Sembako,7.0,15000,105000.0,383.0
2023-03-19,Roti Tawar,Snack,10.0,15000,150000.0,231.0
2025-11-06,Biskuit Coklat,Snack,9.0,9000,81000.0,212.0
2023-02-26,Yogurt Botol,Produk Susu,13.0,10000,130000.0,151.0
2025-12-27,Telur Ayam,Sembako,12.0,30000,360000.0,59.0
2024-10-23,Yogurt Botol,Produk Susu,8.0,10000,80000.0,211.0
2025-04-18,Susu Kental Manis,Produk Susu,19.0,12000,228000.0,311.0
2025-03-24,Susu UHT,Produk Susu,12.0,9000,108000.0,328.0
2025-06-30,Beras Medium,Sembako,5.0,65000,325000.0,283.0
2025-07-10,Ramen Pedas,Makanan Instan,15.0,7000,105000.0,238.0
2024-09-13,Air Mineral,Minuman,13.0,4000,52000.0,553.0
2024-06-12,Saus Sambal,Sembako,16.0,13000,208000.0,67.0
2024-09-11,Beras Premium,Sembako,13.0,75000,975000.0,54.0
2023-01-23,Beras Medium,Sembako,7.0,65000,455000.0,242.0
2025-06-07,Gula Pasir,Sembako,8.0,16000,128000.0,447.0
2024-06-24,Saus Sambal,Sembako,,13000,156000.0,216.0
2024-02-10,Jus Kotak,Minuman,9.0,7000,63000.0,190.0
2023-07-06,Tepung Terigu,Sembako,2.0,14000,28000.0,398.0
2024-08-26,Tepung Terigu,Sembako,15.0,14000,210000.0,218.0
2024-09-03,Wafer Coklat,Snack,,8000,128000.0,
2024-02-13,Beras Premium,Sembako,17.0,75000,1275000.0,110.0
2023-07-07,Mie Ayam Instan,Makanan Instan,1.0,4000,4000.0,553.0
2024-06-22,Air Mineral,Minuman,11.0,4000,44000.0,66.0
2023-10-10,Susu UHT,Produk Susu,14.0,9000,126000.0,217.0
2023-01-30,Tepung Terigu,Sembako,12.0,14000,168000.0,74.0
2023-03-28,Yogurt Botol,Produk Susu,8.0,10000,80000.0,548.0
2023-05-21,Keripik Kentang,Snack,4.0,12000,48000.0,444.0
2025-11-15,Keju Slice,Produk Susu,18.0,18000,324000.0,192.0
2023-07-10,Sereal Sarapan,Produk Susu,12.0,25000,300000.0,482.0
2024-02-14,Susu UHT,Produk Susu,12.0,9000,108000.0,292.0
2023-09-20,Air Mineral,Minuman,12.0,4000,48000.0,275.0
2023-01-18,Beras Medium,Sembako,4.0,65000,260000.0,65.0
2024-06-19,Telur Ayam,Sembako,8.0,30000,240000.0,50.0
2025-08-17,Roti Tawar,Snack,11.0,15000,165000.0,286.0
2023-05-26,Kopi Botol,Minuman,10.0,7000,70000.0,392.0
2024-01-06,Telur Ayam,Sembako,2.0,30000,60000.0,117.0
2025-03-03,Telur Ayam,Sembako,10.0,30000,300000.0,320.0
2024-08-17,Indomie Goreng,Makanan Instan,5.0,3500,17500.0,598.0
2025-11-28,Yogurt Botol,Produk Susu,8.0,10000,80000.0,533.0
2024-02-06,Sereal Sarapan,Produk Susu,11.0,25000,275000.0,141.0
2023-01-29,,Sembako,,30000,270000.0,234.0
2025-08-22,Susu Kental Manis,Produk Susu,15.0,12000,180000.0,314.0
2023-02-03,Wafer Coklat,Snack,10.0,8000,80000.0,500.0
2025-05-18,Wafer Coklat,Snack,15.0,8000,120000.0,270.0
2025-07-13,Kopi Sachet,Minuman,14.0,2500,35000.0,434.0
2025-05-15,Susu UHT,Produk Susu,7.0,9000,63000.0,317.0
2025-07-21,,Snack,,12000,156000.0,
2024-07-20,Keju Slice,Produk Susu,15.0,18000,270000.0,142.0
2023-11-17,Air Mineral,Minuman,9.0,4000,36000.0,496.0
2025-11-07,Teh Celup,Minuman,5.0,8000,40000.0,429.0
2024-03-25,Minyak Goreng,Sembako,15.0,28000,420000.0,101.0
2024-08-04,Mie Ayam Instan,Makanan Instan,11.0,4000,44000.0,262.0
2024-03-21,Teh Celup,Minuman,9.0,8000,72000.0,604.0
2024-09-08,Biskuit Coklat,Snack,9.0,9000,81000.0,282.0
2025-03-01,Minyak Goreng,Sembako,12.0,28000,336000.0,547.0
2025-02-28,Susu UHT,Produk Susu,4.0,9000,36000.0,240.0
2024-11-23,Ramen Pedas,Makanan Instan,17.0,7000,119000.0,252.0
2024-07-23,Susu UHT,Produk Susu,10.0,9000,90000.0,731.0
2024-01-08,Teh Celup,Minuman,8.0,8000,64000.0,561.0
2024-07-26,,Minuman,,8500,110500.0,354.0
2023-12-26,Telur Ayam,Sembako,2.0,30000,60000.0,423.0
2024-02-12,Roti Tawar,Snack,6.0,15000,90000.0,171.0
2023-08-09,Biskuit Coklat,Snack,12.0,9000,108000.0,357.0
2025-07-28,Beras Medium,Sembako,14.0,65000,910000.0,269.0
2023-03-19,Kecap Manis,Sembako,11.0,15000,165000.0,326.0
2024-10-10,Susu UHT,Produk Susu,6.0,9000,54000.0,428.0
2023-08-03,Roti Tawar,Snack,11.0,15000,165000.0,84.0
2025-06-08,Saus Sambal,Sembako,4.0,13000,52000.0,344.0
2024-03-15,Kecap Manis,Sembako,3.0,15000,45000.0,150.0
2023-01-23,Susu UHT,Produk Susu,10.0,9000,90000.0,281.0
2024-02-03,Gula Pasir,Sembako,9.0,16000,144000.0,52.0
2025-10-26,,Sembako,5.0,15000,,176.0
2023-06-01,Sereal Sarapan,Produk Susu,5.0,25000,125000.0,152.0
2024-08-17,Gula Pasir,Sembako,4.0,16000,64000.0,407.0
2023-07-10,Saus Sambal,Sembako,6.0,13000,78000.0,263.0
2025-02-20,Keripik Kentang,Snack,6.0,12000,72000.0,448.0
2023-03-06,Mie Ayam Instan,Makanan Instan,,4000,56000.0,
2024-12-31,Indomie Goreng,Makanan Instan,14.0,3500,49000.0,252.0
2023-11-29,Telur Ayam,Sembako,10.0,30000,300000.0,463.0
2024-01-10,Tepung Terigu,Sembako,12.0,14000,168000.0,298.0
2023-08-07,Sereal Sarapan,Produk Susu,13.0,25000,325000.0,211.0
2023-08-27,Yogurt Botol,Produk Susu,11.0,10000,110000.0,64.0
2024-05-11,Beras Premium,Sembako,3.0,75000,225000.0,272.0
2024-12-27,Kecap Manis,Sembako,6.0,15000,90000.0,562.0
2024-11-24,Coklat Batang,Snack,16.0,11000,176000.0,426.0
2023-09-21,Keju Slice,Produk Susu,3.0,18000,54000.0,354.0
2024-09-08,Beras Medium,Sembako,8.0,65000,520000.0,365.0
2025-11-20,Air Mineral,Minuman,12.0,4000,48000.0,415.0
2024-09-30,Kecap Manis,Sembako,16.0,15000,240000.0,153.0
2024-11-27,Jus Kotak,Minuman,3.0,7000,21000.0,88.0
2025-06-17,Mie Ayam Instan,Makanan Instan,14.0,4000,56000.0,202.0
2024-05-12,Beras Medium,Sembako,3.0,65000,195000.0,386.0
2024-08-18,Keripik Kentang,Snack,12.0,12000,144000.0,516.0
2025-09-17,Kopi Sachet,Minuman,15.0,2500,37500.0,113.0
2024-12-29,Keripik Kentang,Snack,6.0,12000,72000.0,264.0
2024-05-24,Ramen Pedas,Makanan Instan,8.0,7000,56000.0,185.0
2024-08-23,Indomie Goreng,Makanan Instan,9.0,3500,31500.0,691.0
2025-05-31,Indomie Soto,Makanan Instan,16.0,3500,56000.0,184.0
2023-12-14,Keripik Kentang,Snack,11.0,12000,132000.0,418.0
2024-10-25,Wafer Coklat,Snack,4.0,8000,32000.0,480.0
2023-09-17,Kopi Sachet,Minuman,8.0,2500,20000.0,677.0
2025-04-08,Kecap Manis,Sembako,17.0,15000,255000.0,198.0
2023-08-04,Air Mineral,Minuman,7.0,4000,28000.0,520.0
2025-07-13,Yogurt Botol,Produk Susu,17.0,10000,170000.0,83.0
2023-11-28,Mie Ayam Instan,Makanan Instan,6.0,4000,24000.0,486.0
2023-11-14,Gula Pasir,Sembako,15.0,16000,240000.0,248.0
2025-09-26,Teh Botol,Minuman,6.0,5000,30000.0,575.0
2024-02-15,Kopi Sachet,Minuman,5.0,2500,12500.0,108.0
2023-11-10,Air Mineral,Minuman,4.0,4000,16000.0,246.0
2024-01-06,Teh Botol,Minuman,5.0,5000,25000.0,379.0
2024-05-26,Minyak Goreng,Sembako,16.0,28000,448000.0,525.0
2023-06-05,Roti Tawar,Snack,4.0,15000,60000.0,580.0
2023-07-30,Kopi Sachet,Minuman,2.0,2500,5000.0,519.0
2023-03-11,Telur Ayam,Sembako,11.0,30000,330000.0,57.0
2025-10-28,Yogurt Botol,Produk Susu,5.0,10000,50000.0,155.0
2025-01-25,Gula Pasir,Sembako,9.0,16000,144000.0,234.0
2025-08-07,,Produk Susu,9.0,9000,,
2024-11-08,Kacang Panggang,Snack,4.0,10000,40000.0,83.0
2023-05-05,Coklat Batang,Snack,12.0,11000,132000.0,563.0
2024-12-08,Yogurt Botol,Produk Susu,11.0,10000,110000.0,208.0
2025-02-21,Coklat Batang,Snack,14.0,11000,154000.0,452.0
2025-08-22,Sereal Sarapan,Produk Susu,8.0,25000,200000.0,395.0
2024-11-22,Kacang Panggang,Snack,6.0,10000,60000.0,173.0
2025-08-01,Beras Medium,Sembako,3.0,65000,195000.0,494.0
2024-09-22,Susu Kental Manis,Produk Susu,15.0,12000,180000.0,346.0
2024-04-06,Kopi Sachet,Minuman,8.0,2500,20000.0,493.0
2024-09-30,Sereal Sarapan,Produk Susu,13.0,25000,325000.0,177.0
2024-04-07,Keju Slice,Produk Susu,12.0,18000,216000.0,302.0
2024-10-11,Wafer Coklat,Snack,5.0,8000,40000.0,140.0
2023-02-17,Coklat Batang,Snack,5.0,11000,55000.0,158.0
2024-03-02,Kacang Panggang,Snack,9.0,10000,90000.0,501.0
2024-12-12,,Sembako,13.0,28000,,263.0
2024-10-15,Teh Celup,Minuman,9.0,8000,72000.0,263.0
2025-05-13,Keju Slice,Produk Susu,13.0,18000,234000.0,242.0
2025-12-07,Tepung Terigu,Sembako,12.0,14000,168000.0,86.0
2025-09-17,Susu UHT,Produk Susu,,9000,45000.0,304.0
2024-06-20,Teh Celup,Minuman,11.0,8000,88000.0,597.0
2025-07-08,Telur Ayam,Sembako,6.0,30000,180000.0,161.0
2025-06-25,Saus Sambal,Sembako,15.0,13000,195000.0,515.0
2023-03-28,Beras Medium,Sembako,12.0,65000,780000.0,80.0
2024-01-26,Biskuit Coklat,Snack,6.0,9000,54000.0,110.0
2024-08-20,Minyak Goreng,Sembako,11.0,28000,308000.0,105.0
2023-07-25,Biskuit Coklat,Snack,15.0,9000,135000.0,429.0
2025-04-12,Keripik Kentang,Snack,15.0,12000,180000.0,183.0
2023-05-19,Indomie Goreng,Makanan Instan,1.0,3500,3500.0,404.0
2024-01-24,Indomie Soto,Makanan Instan,15.0,3500,52500.0,385.0
2023-05-20,Mie Ayam Instan,Makanan Instan,11.0,4000,44000.0,273.0
2023-08-21,Saus Sambal,Sembako,1.0,13000,13000.0,400.0
2024-01-08,Air Mineral,Minuman,9.0,4000,36000.0,330.0
2025-05-24,Roti Tawar,Snack,16.0,15000,240000.0,337.0
2023-03-01,Air Mineral,Minuman,7.0,4000,28000.0,557.0
2024-02-04,Indomie Soto,Makanan Instan,12.0,3500,42000.0,215.0
2024-08-29,Yogurt Botol,Produk Susu,6.0,10000,60000.0,519.0
2023-03-21,Susu Kental Manis,Produk Susu,15.0,12000,180000.0,194.0
2025-08-10,Yogurt Botol,Produk Susu,7.0,10000,70000.0,534.0
2025-12-29,Sereal Sarapan,Produk Susu,13.0,25000,325000.0,569.0
2024-09-05,Sereal Sarapan,Produk Susu,8.0,25000,200000.0,392.0
2023-09-03,Roti Tawar,Snack,8.0,15000,120000.0,199.0
2024-01-02,Beras Medium,Sembako,12.0,65000,780000.0,387.0
2024-02-15,Susu UHT,Produk Susu,9.0,9000,81000.0,182.0
2023-05-23,Minyak Goreng,Sembako,15.0,28000,420000.0,71.0
2024-08-27,Roti Tawar,Snack,6.0,15000,90000.0,91.0
2024-04-13,Biskuit Coklat,Snack,14.0,9000,126000.0,270.0
2023-03-27,Sereal Sarapan,Produk Susu,10.0,25000,250000.0,207.0
2023-03-24,Telur Ayam,Sembako,3.0,30000,90000.0,210.0
2023-03-03,Susu UHT,Produk Susu,2.0,9000,18000.0,349.0
2024-05-16,Keju Slice,Produk Susu,14.0,18000,252000.0,658.0
2024-04-25,Wafer Coklat,Snack,12.0,8000,96000.0,357.0
2025-04-13,Sereal Sarapan,Produk Susu,13.0,25000,325000.0,537.0
2025-05-18,Air Mineral,Minuman,8.0,4000,32000.0,143.0
2024-04-24,Yogurt Botol,Produk Susu,9.0,10000,90000.0,671.0
2025-01-07,Yogurt Botol,Produk Susu,6.0,10000,60000.0,686.0
2024-02-29,Teh Botol,Minuman,11.0,5000,55000.0,193.0
2024-11-13,Kacang Panggang,Snack,7.0,10000,70000.0,457.0
2023-05-26,Indomie Goreng,Makanan Instan,12.0,3500,42000.0,606.0
2025-02-01,Roti Tawar,Snack,10.0,15000,150000.0,425.0
2025-12-07,Minyak Goreng,Sembako,10.0,28000,280000.0,394.0
2024-02-07,Indomie Soto,Makanan Instan,2.0,3500,7000.0,200.0
2024-10-13,Sereal Sarapan,Produk Susu,16.0,25000,400000.0,338.0
2023-08-29,Yogurt Botol,Produk Susu,15.0,10000,150000.0,451.0
2024-11-01,Jus Kotak,Minuman,5.0,7000,35000.0,292.0
2023-06-03,Telur Ayam,Sembako,9.0,30000,270000.0,642.0
2023-07-03,Teh Celup,Minuman,4.0,8000,32000.0,132.0
2023-10-27,Kacang Panggang,Snack,12.0,10000,,601.0
2024-08-12,Kacang Panggang,Snack,7.0,10000,70000.0,344.0
2024-03-23,Saus Sambal,Sembako,8.0,13000,104000.0,276.0
2023-02-25,Keripik Kentang,Snack,5.0,12000,60000.0,259.0
2024-09-11,Teh Botol,Minuman,6.0,5000,30000.0,202.0
2025-08-19,Kopi Botol,Minuman,5.0,7000,35000.0,437.0
2024-03-05,Yogurt Botol,Produk Susu,9.0,10000,90000.0,624.0
2023-11-14,Jus Kotak,Minuman,11.0,7000,77000.0,342.0
2023-11-24,Sereal Sarapan,Produk Susu,1.0,25000,25000.0,490.0
2023-04-13,Beras Medium,Sembako,15.0,65000,975000.0,181.0
2025-04-30,Jus Kotak,Minuman,13.0,7000,91000.0,229.0
2023-11-26,Keripik Kentang,Snack,12.0,12000,144000.0,167.0
2024-11-03,Yogurt Botol,Produk Susu,3.0,10000,30000.0,58.0
2025-05-03,Tepung Terigu,Sembako,11.0,14000,154000.0,334.0
2025-03-17,Ramen Pedas,Makanan Instan,9.0,7000,63000.0,486.0
2025-05-18,Beras Medium,Sembako,7.0,65000,455000.0,388.0
2025-02-28,Susu Kental Manis,Produk Susu,6.0,12000,72000.0,66.0
2024-10-08,Roti Tawar,Snack,8.0,15000,120000.0,60.0
2023-08-14,Beras Medium,Sembako,4.0,65000,260000.0,249.0
2023-09-22,Ramen Pedas,Makanan Instan,9.0,7000,63000.0,424.0
2023-11-07,Sereal Sarapan,Produk Susu,10.0,25000,250000.0,408.0
2024-04-18,Roti Tawar,Snack,5.0,15000,75000.0,326.0
2024-02-05,Air Mineral,Minuman,8.0,4000,32000.0,346.0
2024-12-28,Susu UHT,Produk Susu,4.0,9000,36000.0,436.0
2023-11-18,Keripik Kentang,Snack,13.0,12000,156000.0,185.0
2024-02-09,Coklat Batang,Snack,10.0,11000,110000.0,215.0
2025-04-10,Roti Tawar,Snack,6.0,15000,90000.0,220.0
2025-11-28,Biskuit Coklat,Snack,7.0,9000,63000.0,384.0
2024-05-31,Tepung Terigu,Sembako,17.0,14000,238000.0,103.0
2024-12-21,Roti Tawar,Snack,12.0,15000,180000.0,205.0
2024-09-08,Teh Celup,Minuman,13.0,8000,104000.0,151.0
2023-08-31,Ramen Pedas,Makanan Instan,2.0,7000,14000.0,433.0
2025-03-16,Minyak Goreng,Sembako,15.0,28000,420000.0,296.0
2025-06-06,Ramen Pedas,Makanan Instan,17.0,7000,119000.0,443.0
2024-05-28,Air Mineral,Minuman,11.0,4000,44000.0,490.0
2024-10-22,Telur Ayam,Sembako,3.0,30000,,391.0
2025-09-16,Telur Ayam,Sembako,8.0,30000,240000.0,213.0
2025-03-16,Ramen Pedas,Makanan Instan,13.0,7000,91000.0,411.0
2024-12-03,Jus Kotak,Minuman,7.0,7000,49000.0,340.0
2025-12-28,Sereal Sarapan,Produk Susu,2.0,25000,50000.0,382.0
2024-10-01,Susu Kental Manis,Produk Susu,17.0,12000,204000.0,581.0
2023-10-25,Sereal Sarapan,Produk Susu,,25000,,101.0
2025-04-09,Keju Slice,Produk Susu,13.0,18000,234000.0,392.0
2024-06-25,Yogurt Botol,Produk Susu,3.0,10000,30000.0,220.0
2023-03-17,Teh Botol,Minuman,8.0,5000,40000.0,304.0
2023-04-17,Jus Kotak,Minuman,6.0,7000,42000.0,282.0
2025-03-07,Jus Kotak,Minuman,7.0,7000,49000.0,364.0
2024-07-19,Gula Pasir,Sembako,6.0,16000,96000.0,57.0
2025-01-08,Gula Pasir,Sembako,14.0,16000,224000.0,132.0
2025-03-17,,Makanan Instan,13.0,3500,45500.0,339.0
2025-04-17,Kopi Botol,Minuman,15.0,7000,105000.0,286.0
2024-12-31,Indomie Soto,Makanan Instan,15.0,3500,52500.0,345.0
2025-05-31,Kopi Sachet,Minuman,4.0,2500,10000.0,569.0
2025-09-13,Kecap Manis,Sembako,16.0,15000,240000.0,541.0
2024-12-05,Kacang Panggang,Snack,15.0,10000,150000.0,81.0
2025-11-27,Minyak Goreng,Sembako,7.0,28000,196000.0,553.0
2025-03-09,Telur Ayam,Sembako,19.0,30000,570000.0,380.0
2023-11-16,Ramen Pedas,Makanan Instan,1.0,7000,7000.0,144.0
2025-12-30,Keju Slice,Produk Susu,9.0,18000,162000.0,343.0
2023-04-07,Sereal Sarapan,Produk Susu,14.0,25000,350000.0,287.0
2024-03-20,Kecap Manis,Sembako,14.0,15000,210000.0,239.0
2025-12-14,Biskuit Coklat,Snack,4.0,9000,36000.0,228.0
2025-06-01,Beras Medium,Sembako,12.0,65000,780000.0,233.0
2023-02-11,Kopi Botol,Minuman,13.0,7000,91000.0,301.0
2025-04-08,Indomie Goreng,Makanan Instan,18.0,3500,63000.0,349.0
2025-01-08,Mie Ayam Instan,Makanan Instan,6.0,4000,24000.0,69.0
2024-09-27,Indomie Goreng,Makanan Instan,6.0,3500,21000.0,51.0
2025-01-10,Kopi Botol,Minuman,17.0,7000,119000.0,420.0
2024-01-25,Kopi Sachet,Minuman,6.0,2500,15000.0,145.0
2025-02-16,Biskuit Coklat,Snack,19.0,9000,171000.0,109.0
2025-08-17,Teh Botol,Minuman,6.0,5000,30000.0,169.0
2024-12-18,Mie Ayam Instan,Makanan Instan,13.0,4000,52000.0,134.0
2023-04-22,Kacang Panggang,Snack,14.0,10000,140000.0,645.0
2024-06-30,Yogurt Botol,Produk Susu,7.0,10000,70000.0,90.0
2024-06-05,Minuman Isotonik,Minuman,15.0,8500,127500.0,503.0
2023-03-27,Teh Botol,Minuman,4.0,5000,20000.0,588.0
2024-06-26,Yogurt Botol,Produk Susu,14.0,10000,140000.0,550.0
2024-12-09,Keju Slice,Produk Susu,9.0,18000,162000.0,371.0
2023-10-17,Keripik Kentang,Snack,12.0,12000,144000.0,315.0
2025-10-11,Jus Kotak,Minuman,5.0,7000,35000.0,226.0
2025-02-02,Coklat Batang,Snack,15.0,11000,165000.0,396.0
2024-12-14,Gula Pasir,Sembako,14.0,16000,224000.0,112.0
2024-04-20,Yogurt Botol,Produk Susu,9.0,10000,90000.0,93.0
2024-05-05,Wafer Coklat,Snack,12.0,8000,96000.0,306.0
2025-11-08,Minyak Goreng,Sembako,8.0,28000,224000.0,217.0
2023-11-20,Teh Botol,Minuman,1.0,5000,5000.0,301.0
2025-04-13,Keju Slice,Produk Susu,5.0,18000,90000.0,570.0
2025-02-26,,Snack,,15000,,366.0
2023-09-12,Teh Botol,Minuman,9.0,5000,45000.0,193.0
2024-10-28,Beras Medium,Sembako,13.0,65000,,418.0
2023-04-06,Susu Kental Manis,Produk Susu,9.0,12000,108000.0,322.0
2024-05-21,Sereal Sarapan,Produk Susu,13.0,25000,325000.0,574.0
2023-11-15,Keju Slice,Produk Susu,9.0,18000,162000.0,320.0
2025-11-17,Minyak Goreng,Sembako,6.0,28000,168000.0,541.0
2023-04-23,Beras Premium,Sembako,11.0,75000,825000.0,649.0
2025-02-11,Ramen Pedas,Makanan Instan,8.0,7000,56000.0,281.0
2023-01-22,Keju Slice,Produk Susu,7.0,18000,126000.0,690.0
2025-01-28,Roti Tawar,Snack,8.0,15000,120000.0,413.0
2024-07-09,Susu UHT,Produk Susu,16.0,9000,144000.0,151.0
2025-04-27,Kopi Sachet,Minuman,16.0,2500,40000.0,266.0
2025-06-11,Jus Kotak,Minuman,10.0,7000,70000.0,279.0
2025-08-17,Kopi Botol,Minuman,6.0,7000,42000.0,154.0
2024-11-24,Teh Celup,Minuman,16.0,8000,128000.0,446.0
2024-12-01,Mie Ayam Instan,Makanan Instan,4.0,4000,16000.0,680.0
2025-01-25,Roti Tawar,Snack,12.0,15000,180000.0,244.0
2023-04-11,Minuman Isotonik,Minuman,11.0,8500,93500.0,296.0
2024-07-29,Wafer Coklat,Snack,4.0,8000,32000.0,469.0
2025-07-09,Ramen Pedas,Makanan Instan,9.0,7000,63000.0,412.0
2025-07-07,Jus Kotak,Minuman,10.0,7000,70000.0,328.0
2025-10-07,Minuman Isotonik,Minuman,13.0,8500,110500.0,452.0
2025-06-02,Teh Celup,Minuman,5.0,8000,40000.0,648.0
2024-12-09,Ramen Pedas,Makanan Instan,8.0,7000,56000.0,310.0
2024-04-11,Tepung Terigu,Sembako,1.0,14000,14000.0,251.0
2024-07-23,,Sembako,,13000,156000.0,105.0
2024-12-03,Telur Ayam,Sembako,8.0,30000,240000.0,455.0
2025-05-23,Kacang Panggang,Snack,6.0,10000,60000.0,96.0
2023-01-05,Minyak Goreng,Sembako,12.0,28000,336000.0,405.0
2023-03-01,Teh Celup,Minuman,10.0,8000,80000.0,51.0
2023-07-07,Minyak Goreng,Sembako,1.0,28000,28000.0,70.0
2025-02-03,Susu Kental Manis,Produk Susu,5.0,12000,60000.0,313.0
2023-07-22,Mie Ayam Instan,Makanan Instan,14.0,4000,56000.0,274.0
2025-03-29,Sereal Sarapan,Produk Susu,10.0,25000,250000.0,347.0
2023-02-10,Teh Celup,Minuman,7.0,8000,56000.0,158.0
2025-10-07,Indomie Goreng,Makanan Instan,7.0,3500,24500.0,183.0
2023-03-30,Keju Slice,Produk Susu,12.0,18000,216000.0,575.0
2023-09-20,Teh Botol,Minuman,2.0,5000,10000.0,303.0
2023-10-17,Indomie Soto,Makanan Instan,4.0,3500,14000.0,426.0
2023-08-29,Yogurt Botol,Produk Susu,13.0,10000,130000.0,594.0
2024-07-01,Jus Kotak,Minuman,4.0,7000,28000.0,85.0
2023-06-19,Tepung Terigu,Sembako,15.0,14000,210000.0,157.0
2024-05-05,Saus Sambal,Sembako,9.0,13000,117000.0,405.0
2023-04-10,Kacang Panggang,Snack,13.0,10000,130000.0,160.0
2024-05-29,Kacang Panggang,Snack,6.0,10000,60000.0,97.0
2025-09-30,Saus Sambal,Sembako,8.0,13000,104000.0,295.0
2024-02-23,Beras Premium,Sembako,11.0,75000,825000.0,522.0
2025-08-28,Teh Celup,Minuman,11.0,8000,88000.0,164.0
2025-11-21,Wafer Coklat,Snack,12.0,8000,96000.0,249.0
2023-12-14,Kopi Sachet,Minuman,15.0,2500,37500.0,282.0
2023-11-17,Minyak Goreng,Sembako,10.0,28000,280000.0,208.0
2024-10-19,Kopi Sachet,Minuman,11.0,2500,27500.0,559.0
2023-12-29,Ramen Pedas,Makanan Instan,5.0,7000,35000.0,406.0
2024-10-18,Susu UHT,Produk Susu,8.0,9000,72000.0,215.0
2024-11-10,Mie Ayam Instan,Makanan Instan,2.0,4000,8000.0,710.0
2025-11-17,Indomie Soto,Makanan Instan,6.0,3500,21000.0,138.0
2023-07-11,,Snack,6.0,10000,60000.0,394.0
2024-11-01,Biskuit Coklat,Snack,14.0,9000,126000.0,408.0
2025-12-20,Kopi Sachet,Minuman,8.0,2500,20000.0,151.0
2025-10-09,Telur Ayam,Sembako,9.0,30000,270000.0,424.0
2025-01-29,Susu Kental Manis,Produk Susu,10.0,12000,120000.0,275.0
2025-10-10,Keripik Kentang,Snack,5.0,12000,60000.0,560.0
2023-09-29,Ramen Pedas,Makanan Instan,2.0,7000,14000.0,484.0
2024-10-10,Kecap Manis,Sembako,4.0,15000,60000.0,368.0
2024-09-02,Indomie Soto,Makanan Instan,6.0,3500,21000.0,90.0
2025-05-07,Kecap Manis,Sembako,11.0,15000,165000.0,253.0
2025-03-28,Jus Kotak,Minuman,6.0,7000,42000.0,199.0
2024-06-23,Indomie Goreng,Makanan Instan,9.0,3500,31500.0,618.0
2023-01-06,Saus Sambal,Sembako,5.0,13000,65000.0,544.0
2023-11-15,Ramen Pedas,Makanan Instan,2.0,7000,14000.0,419.0
2024-06-26,Yogurt Botol,Produk Susu,14.0,10000,140000.0,550.0
2025-01-08,Teh Celup,Minuman,6.0,8000,48000.0,540.0
2025-11-11,Biskuit Coklat,Snack,6.0,9000,54000.0,288.0
2024-05-08,Ramen Pedas,Makanan Instan,8.0,7000,56000.0,322.0
2023-07-10,Kopi Sachet,Minuman,5.0,2500,12500.0,297.0
2025-12-30,Minuman Isotonik,Minuman,3.0,8500,25500.0,161.0
2023-04-04,Kecap Manis,Sembako,4.0,15000,60000.0,322.0
2023-12-25,Biskuit Coklat,Snack,11.0,9000,99000.0,61.0
2023-07-19,Telur Ayam,Sembako,8.0,30000,240000.0,531.0
2024-11-12,Susu UHT,Produk Susu,2.0,9000,18000.0,423.0
2025-03-26,Indomie Soto,Makanan Instan,7.0,3500,24500.0,279.0
2025-02-19,Keju Slice,Produk Susu,7.0,18000,126000.0,206.0
2025-06-15,Minyak Goreng,Sembako,15.0,28000,420000.0,122.0
2025-03-31,Susu Kental Manis,Produk Susu,10.0,12000,120000.0,397.0
2025-02-25,Yogurt Botol,Produk Susu,12.0,10000,120000.0,556.0
2025-11-22,Roti Tawar,Snack,15.0,15000,225000.0,392.0
2024-11-08,Air Mineral,Minuman,6.0,4000,24000.0,226.0
2023-01-28,Beras Premium,Sembako,13.0,75000,975000.0,
2023-08-01,Coklat Batang,Snack,1.0,11000,11000.0,136.0
2025-01-15,Susu UHT,Produk Susu,10.0,9000,90000.0,263.0
2024-07-11,Mie Ayam Instan,Makanan Instan,10.0,4000,40000.0,188.0
2024-03-20,Roti Tawar,Snack,16.0,15000,240000.0,425.0
2023-11-02,Beras Premium,Sembako,13.0,75000,975000.0,348.0
2024-05-23,Keju Slice,Produk Susu,5.0,18000,90000.0,549.0
2024-01-25,Kecap Manis,Sembako,10.0,15000,150000.0,137.0
2023-07-07,Beras Premium,Sembako,3.0,75000,225000.0,274.0
2024-10-21,Indomie Goreng,Makanan Instan,3.0,3500,10500.0,376.0
2024-04-27,Kopi Sachet,Minuman,7.0,2500,17500.0,73.0
2025-03-16,Indomie Soto,Makanan Instan,9.0,3500,31500.0,230.0
2025-05-09,Teh Celup,Minuman,14.0,8000,112000.0,639.0
2025-09-12,Minyak Goreng,Sembako,13.0,28000,364000.0,229.0
2024-03-24,Telur Ayam,Sembako,2.0,30000,60000.0,94.0
2023-02-08,Minyak Goreng,Sembako,13.0,28000,364000.0,62.0
2024-10-21,Beras Premium,Sembako,14.0,75000,1050000.0,160.0
2025-10-11,Air Mineral,Minuman,15.0,4000,60000.0,265.0
2023-06-17,Wafer Coklat,Snack,14.0,8000,112000.0,484.0
2024-06-08,Beras Medium,Sembako,3.0,65000,195000.0,272.0
2023-09-06,Minuman Isotonik,Minuman,3.0,8500,25500.0,342.0
2025-04-27,Kopi Sachet,Minuman,10.0,2500,25000.0,142.0
2025-07-24,Biskuit Coklat,Snack,15.0,9000,135000.0,255.0
2025-11-27,Beras Premium,Sembako,8.0,75000,600000.0,506.0
2023-07-14,Tepung Terigu,Sembako,10.0,14000,140000.0,362.0
2023-07-18,Teh Celup,Minuman,14.0,8000,112000.0,435.0
2024-03-22,Minyak Goreng,Sembako,15.0,28000,420000.0,423.0
2025-04-23,Beras Premium,Sembako,14.0,75000,1050000.0,131.0
2025-05-14,Keripik Kentang,Snack,5.0,12000,60000.0,328.0
2023-04-06,Saus Sambal,Sembako,1.0,13000,13000.0,200.0
2025-04-05,Teh Celup,Minuman,18.0,8000,144000.0,61.0
2023-02-22,Biskuit Coklat,Snack,2.0,9000,18000.0,379.0
2025-05-09,Minyak Goreng,Sembako,10.0,28000,280000.0,284.0
2024-01-03,Teh Celup,Minuman,5.0,8000,40000.0,617.0
2024-06-04,Yogurt Botol,Produk Susu,9.0,10000,90000.0,219.0
2024-07-17,Yogurt Botol,Produk Susu,16.0,10000,160000.0,448.0
2023-10-31,Ramen Pedas,Makanan Instan,,7000,14000.0,562.0
2025-07-28,Minuman Isotonik,Minuman,7.0,8500,59500.0,209.0
2023-03-21,Susu UHT,Produk Susu,10.0,9000,90000.0,236.0
2024-04-26,Saus Sambal,Sembako,13.0,13000,169000.0,535.0
2023-04-15,Teh Celup,Minuman,7.0,8000,56000.0,311.0
2025-05-09,Kacang Panggang,Snack,16.0,10000,160000.0,549.0
2024-02-06,Air Mineral,Minuman,3.0,4000,12000.0,352.0
2023-09-28,Jus Kotak,Minuman,8.0,7000,56000.0,522.0
2025-09-20,Teh Celup,Minuman,12.0,8000,96000.0,546.0
2024-01-26,Teh Celup,Minuman,7.0,8000,56000.0,113.0
2025-03-15,Keripik Kentang,Snack,7.0,12000,84000.0,212.0
2024-04-28,Mie Ayam Instan,Makanan Instan,15.0,4000,60000.0,123.0
2023-12-21,Gula Pasir,Sembako,11.0,16000,176000.0,382.0
2025-02-16,Beras Medium,Sembako,16.0,65000,1040000.0,425.0
2025-08-23,Tepung Terigu,Sembako,10.0,14000,140000.0,355.0
2023-10-17,Teh Celup,Minuman,9.0,8000,72000.0,346.0
2023-05-02,Wafer Coklat,Snack,15.0,8000,120000.0,206.0
2024-10-20,Minuman Isotonik,Minuman,4.0,8500,34000.0,170.0
2024-03-03,Minyak Goreng,Sembako,13.0,28000,364000.0,642.0
2024-09-25,Mie Ayam Instan,Makanan Instan,13.0,4000,52000.0,105.0
2025-12-26,Tepung Terigu,Sembako,10.0,14000,140000.0,154.0
2025-11-06,Minuman Isotonik,Minuman,16.0,8500,136000.0,386.0
2024-02-11,Keripik Kentang,Snack,14.0,12000,168000.0,157.0
2024-09-04,Air Mineral,Minuman,3.0,4000,12000.0,303.0
2023-10-15,Yogurt Botol,Produk Susu,7.0,10000,70000.0,322.0
2023-07-03,Sereal Sarapan,Produk Susu,11.0,25000,275000.0,592.0
2024-06-22,Susu Kental Manis,Produk Susu,11.0,12000,132000.0,337.0
2023-09-21,Tepung Terigu,Sembako,12.0,14000,168000.0,287.0
2025-07-15,Ramen Pedas,Makanan Instan,9.0,7000,63000.0,140.0
2025-12-20,Beras Premium,Sembako,8.0,75000,600000.0,102.0
2024-05-26,Ramen Pedas,Makanan Instan,5.0,7000,35000.0,250.0
2025-07-20,Ramen Pedas,Makanan Instan,4.0,7000,28000.0,535.0
2023-12-17,Minuman Isotonik,Minuman,2.0,8500,17000.0,318.0
2024-10-06,Kecap Manis,Sembako,1.0,15000,15000.0,380.0
2025-12-05,Susu UHT,Produk Susu,3.0,9000,27000.0,66.0
2024-01-11,Minyak Goreng,Sembako,13.0,28000,364000.0,322.0
2023-06-19,Mie Ayam Instan,Makanan Instan,9.0,4000,36000.0,127.0
2023-11-26,Beras Premium,Sembako,10.0,75000,750000.0,52.0
2025-09-17,Air Mineral,Minuman,17.0,4000,68000.0,335.0
2023-01-12,Roti Tawar,Snack,15.0,15000,225000.0,482.0
2023-01-25,Biskuit Coklat,Snack,14.0,9000,126000.0,283.0
2024-10-03,Yogurt Botol,Produk Susu,11.0,10000,110000.0,322.0
2024-09-23,Saus Sambal,Sembako,8.0,13000,104000.0,478.0
2025-01-14,Air Mineral,Minuman,9.0,4000,36000.0,233.0
2025-04-22,Beras Premium,Sembako,16.0,75000,1200000.0,174.0
2025-12-03,Coklat Batang,Snack,9.0,11000,99000.0,417.0
2023-10-31,Ramen Pedas,Makanan Instan,2.0,7000,14000.0,562.0
2024-12-05,Teh Celup,Minuman,6.0,8000,48000.0,496.0
2025-04-29,Gula Pasir,Sembako,16.0,16000,256000.0,61.0
2023-04-22,Tepung Terigu,Sembako,5.0,14000,70000.0,370.0
2025-01-14,Beras Premium,Sembako,8.0,75000,600000.0,416.0
2025-04-07,Sereal Sarapan,Produk Susu,5.0,25000,125000.0,499.0
2023-07-28,Ramen Pedas,Makanan Instan,14.0,7000,98000.0,507.0
2024-01-20,Roti Tawar,Snack,6.0,15000,90000.0,138.0
2025-08-17,Minuman Isotonik,Minuman,16.0,8500,136000.0,216.0
2025-02-11,Sereal Sarapan,Produk Susu,14.0,25000,350000.0,127.0
2025-12-26,Minuman Isotonik,Minuman,13.0,8500,110500.0,583.0
2024-06-06,Kopi Botol,Minuman,2.0,7000,14000.0,82.0
2024-09-12,Wafer Coklat,Snack,15.0,8000,120000.0,126.0
2025-10-11,Susu UHT,Produk Susu,6.0,9000,54000.0,533.0
2025-10-01,Minuman Isotonik,Minuman,12.0,8500,102000.0,425.0
2025-08-26,Kopi Sachet,Minuman,15.0,2500,37500.0,254.0
2025-12-16,Jus Kotak,Minuman,8.0,7000,56000.0,192.0
2025-08-10,Keju Slice,Produk Susu,18.0,18000,324000.0,494.0
2025-12-30,Ramen Pedas,Makanan Instan,16.0,7000,112000.0,390.0
2023-07-22,Yogurt Botol,Produk Susu,2.0,10000,20000.0,466.0
2023-02-18,Gula Pasir,Sembako,11.0,16000,176000.0,338.0
2023-04-16,Wafer Coklat,Snack,5.0,8000,40000.0,609.0
2024-06-15,Indomie Goreng,Makanan Instan,8.0,3500,28000.0,482.0
2023-07-26,Susu Kental Manis,Produk Susu,11.0,12000,132000.0,83.0
2023-02-28,Indomie Soto,Makanan Instan,2.0,3500,7000.0,249.0
2025-11-05,Air Mineral,Minuman,7.0,4000,28000.0,566.0
2023-01-06,Teh Celup,Minuman,4.0,8000,32000.0,
2023-11-16,Teh Celup,Minuman,13.0,8000,104000.0,165.0
2025-02-07,Telur Ayam,Sembako,13.0,30000,390000.0,248.0
2025-12-28,Biskuit Coklat,Snack,16.0,9000,144000.0,335.0
2023-03-06,Telur Ayam,Sembako,9.0,30000,270000.0,623.0
2025-04-21,Kopi Sachet,Minuman,9.0,2500,22500.0,425.0
2023-04-14,Yogurt Botol,Produk Susu,3.0,10000,30000.0,547.0
2023-12-13,Gula Pasir,Sembako,5.0,16000,80000.0,265.0
2024-01-16,Minyak Goreng,Sembako,15.0,28000,420000.0,335.0
2024-01-07,Susu UHT,Produk Susu,12.0,9000,108000.0,139.0
2024-11-26,Sereal Sarapan,Produk Susu,14.0,25000,350000.0,333.0
2024-10-01,Telur Ayam,Sembako,6.0,30000,180000.0,227.0
2025-06-10,Telur Ayam,Sembako,5.0,30000,150000.0,509.0
2024-10-26,Roti Tawar,Snack,4.0,15000,60000.0,80.0
2025-09-14,Keju Slice,Produk Susu,5.0,18000,90000.0,96.0
2023-06-14,Telur Ayam,Sembako,3.0,30000,90000.0,514.0
2024-05-09,Kacang Panggang,Snack,2.0,10000,20000.0,370.0
2023-12-27,Saus Sambal,Sembako,15.0,13000,195000.0,463.0
2025-06-07,Kopi Botol,Minuman,14.0,7000,98000.0,301.0
2023-06-18,Susu UHT,Produk Susu,8.0,9000,72000.0,502.0
2023-06-07,Kacang Panggang,Snack,2.0,10000,,279.0
2025-12-19,Ramen Pedas,Makanan Instan,9.0,7000,63000.0,269.0
2024-08-03,Minuman Isotonik,Minuman,7.0,8500,59500.0,518.0
2024-11-04,Minuman Isotonik,Minuman,17.0,8500,144500.0,192.0
2023-12-07,Kopi Botol,Minuman,2.0,7000,14000.0,538.0
2023-11-12,Susu UHT,Produk Susu,3.0,9000,27000.0,586.0
2025-04-08,Indomie Goreng,Makanan Instan,19.0,3500,66500.0,672.0
2025-02-06,Minuman Isotonik,Minuman,13.0,8500,110500.0,222.0
2025-02-12,Ramen Pedas,Makanan Instan,8.0,7000,56000.0,178.0
2023-08-17,Indomie Goreng,Makanan Instan,10.0,3500,35000.0,104.0
2023-09-29,Kopi Botol,Minuman,4.0,7000,28000.0,271.0
2023-08-06,,Minuman,2.0,5000,10000.0,
2023-08-01,Beras Medium,Sembako,7.0,65000,455000.0,441.0
2023-07-26,Ramen Pedas,Makanan Instan,13.0,7000,91000.0,373.0
2024-07-05,Yogurt Botol,Produk Susu,12.0,10000,120000.0,116.0
2025-02-28,Teh Botol,Minuman,16.0,5000,80000.0,350.0
2023-07-15,Roti Tawar,Snack,7.0,15000,105000.0,112.0
2024-04-03,Kopi Botol,Minuman,17.0,7000,119000.0,521.0
2024-01-04,Tepung Terigu,Sembako,2.0,14000,28000.0,373.0
2025-06-16,Keripik Kentang,Snack,3.0,12000,36000.0,198.0
2025-08-16,Beras Premium,Sembako,19.0,75000,1425000.0,545.0
2023-02-18,Yogurt Botol,Produk Susu,12.0,10000,120000.0,649.0
2024-08-03,Keju Slice,Produk Susu,10.0,18000,180000.0,103.0
2023-03-19,Minyak Goreng,Sembako,4.0,28000,112000.0,496.0
2024-08-18,Ramen Pedas,Makanan Instan,7.0,7000,49000.0,131.0
2025-11-04,Kecap Manis,Sembako,16.0,15000,240000.0,541.0
2024-08-02,Saus Sambal,Sembako,3.0,13000,39000.0,706.0
2025-01-30,Air Mineral,Minuman,13.0,4000,52000.0,159.0
2024-10-01,Kacang Panggang,Snack,10.0,10000,100000.0,423.0
2024-10-25,Mie Ayam Instan,Makanan Instan,5.0,4000,20000.0,640.0
2025-09-23,Kopi Botol,Minuman,8.0,7000,56000.0,163.0
2025-10-29,Kopi Botol,Minuman,11.0,7000,77000.0,377.0
2025-08-22,Telur Ayam,Sembako,4.0,30000,120000.0,105.0
2025-02-07,Coklat Batang,Snack,14.0,11000,,508.0
2023-08-06,Indomie Goreng,Makanan Instan,9.0,3500,31500.0,279.0
2023-08-09,Kopi Botol,Minuman,7.0,7000,49000.0,410.0
2023-04-17,Saus Sambal,Sembako,14.0,13000,182000.0,164.0
2024-09-09,Indomie Goreng,Makanan Instan,6.0,3500,21000.0,405.0
2025-08-18,Telur Ayam,Sembako,17.0,30000,510000.0,144.0
2024-12-28,Telur Ayam,Sembako,8.0,30000,240000.0,249.0
2023-10-20,Wafer Coklat,Snack,2.0,8000,16000.0,170.0
2023-05-23,Kopi Botol,Minuman,5.0,7000,35000.0,579.0
2025-03-16,Susu Kental Manis,Produk Susu,17.0,12000,204000.0,348.0
2023-03-07,Teh Botol,Minuman,13.0,5000,65000.0,378.0
2025-04-11,Mie Ayam Instan,Makanan Instan,8.0,4000,32000.0,138.0
2023-08-14,Roti Tawar,Snack,4.0,15000,60000.0,332.0
2023-01-01,Kacang Panggang,Snack,4.0,10000,40000.0,85.0
2024-02-23,Sereal Sarapan,Produk Susu,2.0,25000,50000.0,217.0
2023-06-22,Jus Kotak,Minuman,6.0,7000,42000.0,249.0
2023-10-26,Telur Ayam,Sembako,3.0,30000,90000.0,356.0
2025-03-15,Kecap Manis,Sembako,15.0,15000,225000.0,321.0
2025-01-25,Telur Ayam,Sembako,3.0,30000,90000.0,353.0
2024-05-05,Teh Celup,Minuman,4.0,8000,32000.0,588.0
2024-04-16,Jus Kotak,Minuman,7.0,7000,49000.0,310.0
2024-05-17,Indomie Goreng,Makanan Instan,14.0,3500,49000.0,617.0
2023-06-28,Kopi Botol,Minuman,6.0,7000,42000.0,344.0
2024-01-01,Sereal Sarapan,Produk Susu,3.0,25000,75000.0,86.0
2025-09-16,Roti Tawar,Snack,10.0,15000,150000.0,151.0
2024-12-08,Teh Celup,Minuman,9.0,8000,72000.0,685.0
2025-08-25,Keripik Kentang,Snack,15.0,12000,180000.0,211.0
2025-08-08,Keju Slice,Produk Susu,11.0,18000,198000.0,631.0
2023-12-16,Kopi Botol,Minuman,5.0,7000,35000.0,339.0
2025-10-07,Biskuit Coklat,Snack,15.0,9000,135000.0,519.0
2024-07-19,Gula Pasir,Sembako,6.0,16000,96000.0,57.0
2023-01-02,Indomie Soto,Makanan Instan,1.0,3500,3500.0,337.0
2023-04-14,Roti Tawar,Snack,15.0,15000,225000.0,52.0
2024-05-16,Kecap Manis,Sembako,14.0,15000,210000.0,451.0
2025-09-30,Jus Kotak,Minuman,6.0,7000,42000.0,275.0
2025-01-10,Telur Ayam,Sembako,12.0,30000,360000.0,340.0
2024-09-06,Telur Ayam,Sembako,11.0,30000,330000.0,94.0
2023-04-30,Indomie Goreng,Makanan Instan,14.0,3500,49000.0,331.0
2023-07-16,Kacang Panggang,Snack,14.0,10000,140000.0,279.0
2024-06-26,Beras Premium,Sembako,8.0,75000,600000.0,666.0
2023-03-05,Kopi Botol,Minuman,4.0,7000,28000.0,333.0
2025-04-27,Beras Medium,Sembako,12.0,65000,780000.0,93.0
2023-05-27,Jus Kotak,Minuman,6.0,7000,42000.0,89.0
2023-02-24,Jus Kotak,Minuman,13.0,7000,91000.0,231.0
2024-07-29,Sereal Sarapan,Produk Susu,13.0,25000,325000.0,438.0
2024-05-01,Indomie Soto,Makanan Instan,11.0,3500,38500.0,59.0
2025-08-13,Ramen Pedas,Makanan Instan,9.0,7000,63000.0,218.0
2023-04-11,Susu UHT,Produk Susu,8.0,9000,72000.0,108.0
2024-12-25,Yogurt Botol,Produk Susu,14.0,10000,140000.0,474.0
2023-10-10,Tepung Terigu,Sembako,6.0,14000,84000.0,55.0
2024-09-12,Beras Premium,Sembako,12.0,75000,900000.0,464.0
2023-07-19,Susu UHT,Produk Susu,3.0,9000,27000.0,65.0
2023-11-19,Kopi Botol,Minuman,12.0,7000,84000.0,417.0
2023-01-09,Air Mineral,Minuman,15.0,4000,60000.0,386.0
2024-02-11,Beras Medium,Sembako,7.0,65000,455000.0,209.0
2023-10-05,Yogurt Botol,Produk Susu,6.0,10000,60000.0,226.0
2023-03-12,Roti Tawar,Snack,15.0,15000,225000.0,410.0
2023-03-30,Tepung Terigu,Sembako,2.0,14000,28000.0,54.0
2023-04-11,Minuman Isotonik,Minuman,11.0,8500,93500.0,296.0
2024-12-03,Kacang Panggang,Snack,6.0,10000,60000.0,145.0
2023-05-01,Beras Medium,Sembako,10.0,65000,650000.0,400.0
2025-03-20,Wafer Coklat,Snack,5.0,8000,40000.0,127.0
2023-03-24,,Makanan Instan,,3500,28000.0,227.0
2025-08-27,Teh Celup,Minuman,3.0,8000,24000.0,370.0
2024-03-25,Teh Celup,Minuman,13.0,8000,104000.0,272.0
2024-06-08,Saus Sambal,Sembako,11.0,13000,143000.0,269.0
2025-03-28,Susu Kental Manis,Produk Susu,8.0,12000,96000.0,566.0
2023-09-18,Mie Ayam Instan,Makanan Instan,5.0,4000,20000.0,216.0
2023-10-30,Keripik Kentang,Snack,14.0,12000,168000.0,327.0
2025-04-06,Teh Celup,Minuman,3.0,8000,24000.0,120.0
2025-02-11,Jus Kotak,Minuman,11.0,7000,77000.0,242.0
2024-03-27,Air Mineral,Minuman,2.0,4000,8000.0,598.0
2024-10-22,Telur Ayam,Sembako,9.0,30000,270000.0,207.0
2025-11-30,Roti Tawar,Snack,9.0,15000,135000.0,513.0
2024-10-20,Jus Kotak,Minuman,14.0,7000,98000.0,74.0
2023-12-25,Telur Ayam,Sembako,2.0,30000,60000.0,92.0
2024-09-06,Minuman Isotonik,Minuman,14.0,8500,119000.0,255.0
2023-08-19,Minyak Goreng,Sembako,13.0,28000,364000.0,370.0
2023-10-11,Yogurt Botol,Produk Susu,14.0,10000,140000.0,270.0
2023-09-11,Teh Celup,Minuman,1.0,8000,8000.0,493.0
2023-05-14,Indomie Goreng,Makanan Instan,8.0,3500,28000.0,146.0
2025-03-06,Keripik Kentang,Snack,14.0,12000,168000.0,86.0
2024-05-15,Saus Sambal,Sembako,7.0,13000,91000.0,593.0
2023-10-22,Indomie Goreng,Makanan Instan,12.0,3500,42000.0,114.0
2024-01-29,Telur Ayam,Sembako,9.0,30000,270000.0,393.0
2024-11-02,Saus Sambal,Sembako,17.0,13000,221000.0,549.0
2023-06-17,Biskuit Coklat,Snack,13.0,9000,117000.0,379.0
2024-12-03,Keripik Kentang,Snack,6.0,12000,72000.0,412.0
2025-09-15,Kecap Manis,Sembako,17.0,15000,255000.0,236.0
2025-01-15,Wafer Coklat,Snack,7.0,8000,56000.0,307.0
2025-06-22,Indomie Soto,Makanan Instan,8.0,3500,28000.0,219.0
2023-10-07,Beras Medium,Sembako,5.0,65000,325000.0,339.0
2024-05-07,Ramen Pedas,Makanan Instan,2.0,7000,14000.0,87.0
2024-06-14,Biskuit Coklat,Snack,15.0,9000,135000.0,495.0
2024-01-17,Keripik Kentang,Snack,9.0,12000,108000.0,551.0
2024-10-14,Keju Slice,Produk Susu,16.0,18000,288000.0,176.0
2023-06-26,Beras Premium,Sembako,3.0,75000,225000.0,514.0
2025-12-23,Gula Pasir,Sembako,9.0,16000,144000.0,249.0
2023-07-14,Mie Ayam Instan,Makanan Instan,1.0,4000,4000.0,68.0
2024-04-19,Indomie Goreng,Makanan Instan,4.0,3500,14000.0,57.0
2025-05-15,Kacang Panggang,Snack,14.0,10000,140000.0,322.0
2023-07-27,Indomie Goreng,Makanan Instan,12.0,3500,42000.0,397.0
2024-02-28,Indomie Goreng,Makanan Instan,11.0,3500,38500.0,501.0
2025-08-15,Roti Tawar,Snack,13.0,15000,195000.0,462.0
2024-09-08,Wafer Coklat,Snack,7.0,8000,56000.0,314.0
2024-04-18,Coklat Batang,Snack,10.0,11000,110000.0,415.0
2024-03-25,Air Mineral,Minuman,6.0,4000,24000.0,564.0
2024-04-04,Kecap Manis,Sembako,1.0,15000,15000.0,654.0
2024-06-28,Indomie Soto,Makanan Instan,13.0,3500,45500.0,400.0
2024-08-26,Yogurt Botol,Produk Susu,5.0,10000,50000.0,116.0
2025-09-14,Mie Ayam Instan,Makanan Instan,13.0,4000,52000.0,561.0
2023-10-07,Teh Celup,Minuman,8.0,8000,64000.0,711.0
2025-05-23,Teh Celup,Minuman,12.0,8000,96000.0,520.0
2024-05-24,Kopi Botol,Minuman,5.0,7000,35000.0,175.0
2023-04-23,Mie Ayam Instan,Makanan Instan,5.0,4000,20000.0,281.0
2024-09-04,Mie Ayam Instan,Makanan Instan,7.0,4000,,378.0
2023-11-09,Beras Medium,Sembako,12.0,65000,780000.0,447.0
2025-08-08,Beras Medium,Sembako,11.0,65000,715000.0,203.0
2025-04-26,Biskuit Coklat,Snack,15.0,9000,135000.0,447.0
2023-12-20,Keju Slice,Produk Susu,3.0,18000,54000.0,121.0
2023-01-16,Ramen Pedas,Makanan Instan,8.0,7000,56000.0,517.0
2023-10-12,Teh Celup,Minuman,10.0,8000,80000.0,414.0
2023-02-27,Susu Kental Manis,Produk Susu,1.0,12000,12000.0,222.0
2023-09-23,Minuman Isotonik,Minuman,13.0,8500,110500.0,202.0
2024-08-16,Air Mineral,Minuman,15.0,4000,60000.0,554.0
2025-05-12,Tepung Terigu,Sembako,3.0,14000,42000.0,141.0
2023-08-24,Indomie Goreng,Makanan Instan,3.0,3500,10500.0,475.0
2024-10-06,Mie Ayam Instan,Makanan Instan,6.0,4000,24000.0,205.0
2023-02-19,Mie Ayam Instan,Makanan Instan,11.0,4000,44000.0,259.0
2024-09-08,Keju Slice,Produk Susu,7.0,18000,126000.0,342.0
2025-04-29,Keju Slice,Produk Susu,14.0,18000,252000.0,101.0
2023-06-23,Biskuit Coklat,Snack,11.0,9000,99000.0,605.0
2025-11-15,Wafer Coklat,Snack,15.0,8000,120000.0,56.0
2023-09-30,Air Mineral,Minuman,14.0,4000,56000.0,458.0
2024-06-17,Sereal Sarapan,Produk Susu,11.0,25000,275000.0,207.0
2024-02-21,Wafer Coklat,Snack,15.0,8000,120000.0,221.0
2024-11-01,Sereal Sarapan,Produk Susu,3.0,25000,75000.0,180.0
2023-06-06,Jus Kotak,Minuman,15.0,7000,105000.0,460.0
2023-01-07,Telur Ayam,Sembako,9.0,30000,270000.0,491.0
2024-02-27,Beras Premium,Sembako,11.0,75000,825000.0,243.0
2025-06-30,Indomie Goreng,Makanan Instan,12.0,3500,42000.0,509.0
2024-06-22,Yogurt Botol,Produk Susu,6.0,10000,60000.0,607.0
2025-02-02,Teh Celup,Minuman,18.0,8000,144000.0,534.0
2024-08-27,Kecap Manis,Sembako,8.0,15000,120000.0,557.0
2025-12-27,Tepung Terigu,Sembako,17.0,14000,238000.0,504.0
2025-05-01,Teh Botol,Minuman,6.0,5000,30000.0,166.0
2023-09-17,Mie Ayam Instan,Makanan Instan,5.0,4000,20000.0,314.0
2023-11-06,Kopi Sachet,Minuman,8.0,2500,20000.0,531.0
2025-06-11,Beras Medium,Sembako,15.0,65000,975000.0,352.0
2023-10-14,Yogurt Botol,Produk Susu,10.0,10000,100000.0,488.0
2024-10-10,Air Mineral,Minuman,4.0,4000,16000.0,159.0
2025-11-05,Biskuit Coklat,Snack,6.0,9000,54000.0,191.0
2025-12-02,Ramen Pedas,Makanan Instan,6.0,7000,42000.0,227.0
2024-05-16,Yogurt Botol,Produk Susu,13.0,10000,130000.0,161.0
2024-05-04,Indomie Soto,Makanan Instan,13.0,3500,45500.0,409.0
2023-07-28,Susu UHT,Produk Susu,12.0,9000,108000.0,366.0
2023-10-08,Kecap Manis,Sembako,14.0,15000,210000.0,508.0
2025-06-03,Air Mineral,Minuman,14.0,4000,56000.0,372.0
2023-04-18,Tepung Terigu,Sembako,3.0,14000,42000.0,559.0
2024-02-19,Indomie Goreng,Makanan Instan,11.0,3500,38500.0,238.0
2023-10-15,Tepung Terigu,Sembako,15.0,14000,210000.0,145.0
2025-02-18,Coklat Batang,Snack,15.0,11000,165000.0,362.0
2023-03-10,Mie Ayam Instan,Makanan Instan,5.0,4000,20000.0,684.0
2024-08-19,Minyak Goreng,Sembako,9.0,28000,252000.0,453.0
2024-07-27,Roti Tawar,Snack,2.0,15000,30000.0,228.0
2024-05-21,Wafer Coklat,Snack,2.0,8000,16000.0,355.0
2025-11-07,Coklat Batang,Snack,17.0,11000,187000.0,97.0
2024-04-21,Sereal Sarapan,Produk Susu,3.0,25000,75000.0,453.0
2024-09-14,Yogurt Botol,Produk Susu,10.0,10000,100000.0,246.0
2024-04-13,Minuman Isotonik,Minuman,7.0,8500,59500.0,50.0
2023-09-11,Coklat Batang,Snack,14.0,11000,154000.0,174.0
2024-07-16,,Makanan Instan,14.0,3500,49000.0,418.0
2024-10-13,Saus Sambal,Sembako,9.0,13000,117000.0,142.0
2023-07-03,Kopi Sachet,Minuman,2.0,2500,5000.0,176.0
2024-07-24,Kacang Panggang,Snack,13.0,10000,130000.0,160.0
2023-03-26,Biskuit Coklat,Snack,,9000,54000.0,
2025-06-10,Jus Kotak,Minuman,14.0,7000,98000.0,118.0
2023-08-06,Ramen Pedas,Makanan Instan,8.0,7000,56000.0,353.0
2025-09-15,Keju Slice,Produk Susu,6.0,18000,108000.0,200.0
2025-02-11,Sereal Sarapan,Produk Susu,15.0,25000,375000.0,358.0
2025-04-05,Beras Premium,Sembako,12.0,75000,900000.0,578.0
2023-06-03,Beras Medium,Sembako,,65000,,310.0
2025-12-30,Susu UHT,Produk Susu,16.0,9000,144000.0,69.0
2024-04-11,Kacang Panggang,Snack,14.0,10000,140000.0,405.0
2023-12-24,Wafer Coklat,Snack,13.0,8000,104000.0,437.0
2024-08-26,Mie Ayam Instan,Makanan Instan,16.0,4000,64000.0,664.0
2024-12-31,Kecap Manis,Sembako,6.0,15000,90000.0,123.0
2024-03-24,Gula Pasir,Sembako,4.0,16000,64000.0,158.0
2023-03-20,Yogurt Botol,Produk Susu,9.0,10000,90000.0,406.0
2025-03-28,Mie Ayam Instan,Makanan Instan,14.0,4000,56000.0,512.0
2024-10-16,Teh Celup,Minuman,5.0,8000,40000.0,272.0
2025-03-03,Tepung Terigu,Sembako,16.0,14000,224000.0,170.0
2024-01-23,Saus Sambal,Sembako,12.0,13000,156000.0,388.0
2023-08-09,Minuman Isotonik,Minuman,14.0,8500,119000.0,178.0
2023-08-16,Roti Tawar,Snack,10.0,15000,150000.0,210.0
2025-04-25,Air Mineral,Minuman,17.0,4000,68000.0,600.0
2024-09-03,Ramen Pedas,Makanan Instan,9.0,7000,63000.0,553.0
2023-09-25,Susu Kental Manis,Produk Susu,4.0,12000,48000.0,190.0
2023-06-19,Keju Slice,Produk Susu,12.0,18000,216000.0,449.0
2023-02-21,Susu UHT,Produk Susu,12.0,9000,108000.0,366.0
2023-01-18,Indomie Goreng,Makanan Instan,14.0,3500,49000.0,74.0
2025-09-16,Indomie Soto,Makanan Instan,15.0,3500,52500.0,171.0
2023-01-30,Minyak Goreng,Sembako,6.0,28000,168000.0,325.0
2025-03-23,Kecap Manis,Sembako,,15000,,
2023-05-28,Biskuit Coklat,Snack,6.0,9000,54000.0,397.0
2023-11-16,Teh Celup,Minuman,13.0,8000,104000.0,100.0
2025-12-24,Ramen Pedas,Makanan Instan,6.0,7000,42000.0,289.0
2025-03-04,Susu UHT,Produk Susu,10.0,9000,90000.0,284.0
2024-08-12,Kecap Manis,Sembako,10.0,15000,150000.0,576.0
2023-04-08,Saus Sambal,Sembako,3.0,13000,39000.0,244.0
2024-11-10,Mie Ayam Instan,Makanan Instan,,4000,,
2023-09-03,Ramen Pedas,Makanan Instan,2.0,7000,14000.0,118.0
2023-08-08,Sereal Sarapan,Produk Susu,4.0,25000,100000.0,274.0
2025-05-27,Indomie Soto,Makanan Instan,8.0,3500,28000.0,391.0
2025-10-27,Keripik Kentang,Snack,11.0,12000,132000.0,653.0
2023-03-10,Keripik Kentang,Snack,8.0,12000,96000.0,162.0
2025-07-12,Keripik Kentang,Snack,17.0,12000,204000.0,65.0
2023-06-02,Kopi Botol,Minuman,14.0,7000,98000.0,317.0
2024-09-23,Susu UHT,Produk Susu,8.0,9000,72000.0,149.0
2023-09-16,Coklat Batang,Snack,9.0,11000,99000.0,636.0
2024-02-19,Mie Ayam Instan,Makanan Instan,4.0,4000,16000.0,361.0
2023-04-07,Roti Tawar,Snack,15.0,15000,225000.0,76.0
2025-06-28,Sereal Sarapan,Produk Susu,16.0,25000,400000.0,254.0
2025-10-27,Yogurt Botol,Produk Susu,11.0,10000,110000.0,395.0
2023-04-05,Yogurt Botol,Produk Susu,2.0,10000,20000.0,517.0
2023-04-24,Keju Slice,Produk Susu,8.0,18000,144000.0,437.0
2024-12-05,Air Mineral,Minuman,16.0,4000,64000.0,257.0
2023-11-12,Wafer Coklat,Snack,14.0,8000,112000.0,461.0
2024-06-15,Keripik Kentang,Snack,16.0,12000,192000.0,426.0
2023-03-23,Keju Slice,Produk Susu,9.0,18000,162000.0,115.0
2024-04-08,Beras Medium,Sembako,16.0,65000,1040000.0,338.0
2024-05-28,Jus Kotak,Minuman,13.0,7000,91000.0,221.0
2025-02-26,Jus Kotak,Minuman,17.0,7000,119000.0,106.0
2025-02-07,Teh Celup,Minuman,6.0,8000,48000.0,266.0
2023-01-11,Beras Premium,Sembako,7.0,75000,525000.0,533.0
2025-05-05,Mie Ayam Instan,Makanan Instan,13.0,4000,52000.0,78.0
2025-09-02,Roti Tawar,Snack,15.0,15000,225000.0,451.0
2023-03-14,Teh Botol,Minuman,11.0,5000,,
2025-08-06,Kecap Manis,Sembako,19.0,15000,285000.0,659.0
2025-05-25,Biskuit Coklat,Snack,15.0,9000,135000.0,76.0
2024-01-07,Kopi Sachet,Minuman,3.0,2500,7500.0,521.0
2023-07-18,Kacang Panggang,Snack,13.0,10000,130000.0,50.0
2025-10-29,Coklat Batang,Snack,5.0,11000,55000.0,210.0
2025-12-08,Kecap Manis,Sembako,14.0,15000,210000.0,295.0
2024-12-04,Roti Tawar,Snack,14.0,15000,210000.0,230.0
2025-08-19,Air Mineral,Minuman,18.0,4000,72000.0,355.0
2023-01-24,Biskuit Coklat,Snack,5.0,9000,45000.0,93.0
2025-06-15,Beras Medium,Sembako,17.0,65000,1105000.0,275.0
2025-08-20,Coklat Batang,Snack,5.0,11000,55000.0,462.0
2023-06-03,Beras Medium,Sembako,6.0,65000,390000.0,310.0
2023-05-18,Kecap Manis,Sembako,2.0,15000,30000.0,288.0
2024-10-15,Beras Medium,Sembako,5.0,65000,325000.0,486.0
2025-09-02,Telur Ayam,Sembako,14.0,30000,420000.0,539.0
2023-07-30,Teh Celup,Minuman,1.0,8000,8000.0,202.0
2024-05-15,Telur Ayam,Sembako,10.0,30000,300000.0,632.0
2024-08-29,Roti Tawar,Snack,15.0,15000,225000.0,
2024-01-17,Roti Tawar,Snack,3.0,15000,45000.0,306.0
2023-07-26,Coklat Batang,Snack,3.0,11000,33000.0,238.0
2024-10-15,Biskuit Coklat,Snack,12.0,9000,108000.0,72.0
2024-02-03,Coklat Batang,Snack,6.0,11000,66000.0,357.0
2023-09-01,Kopi Botol,Minuman,12.0,7000,84000.0,466.0
2023-08-19,Susu UHT,Produk Susu,8.0,9000,72000.0,396.0
2023-03-11,Kopi Botol,Minuman,14.0,7000,98000.0,316.0
2023-03-30,Teh Celup,Minuman,12.0,8000,96000.0,195.0
2024-04-29,Kopi Botol,Minuman,15.0,7000,105000.0,234.0
2023-05-14,Teh Celup,Minuman,12.0,8000,96000.0,464.0
2025-07-28,Saus Sambal,Sembako,17.0,13000,221000.0,160.0
2024-02-14,Biskuit Coklat,Snack,12.0,9000,108000.0,622.0
2024-07-30,Minyak Goreng,Sembako,5.0,28000,140000.0,438.0
2025-08-08,Air Mineral,Minuman,9.0,4000,36000.0,428.0
2025-08-04,Teh Celup,Minuman,5.0,8000,40000.0,415.0
2025-04-05,Sereal Sarapan,Produk Susu,7.0,25000,175000.0,610.0
2024-05-18,Biskuit Coklat,Snack,10.0,9000,90000.0,679.0
2025-09-01,Teh Celup,Minuman,15.0,8000,120000.0,602.0
2023-11-03,Kecap Manis,Sembako,2.0,15000,30000.0,114.0
2024-05-06,Coklat Batang,Snack,2.0,11000,22000.0,493.0
2025-06-24,Keju Slice,Produk Susu,11.0,18000,198000.0,431.0
2024-12-05,Air Mineral,Minuman,17.0,4000,68000.0,220.0
2023-04-29,Roti Tawar,Snack,11.0,15000,165000.0,374.0
2025-09-21,Yogurt Botol,Produk Susu,13.0,10000,130000.0,181.0
2023-06-18,Kopi Sachet,Minuman,2.0,2500,5000.0,596.0
2025-08-26,Susu UHT,Produk Susu,11.0,9000,99000.0,414.0
2024-06-29,Mie Ayam Instan,Makanan Instan,14.0,4000,56000.0,432.0
2025-06-19,Tepung Terigu,Sembako,10.0,14000,140000.0,463.0
2024-09-06,,Sembako,,75000,,
2024-03-30,Kacang Panggang,Snack,3.0,10000,30000.0,99.0
2024-01-21,Susu UHT,Produk Susu,8.0,9000,72000.0,494.0
2023-09-12,Indomie Goreng,Makanan Instan,5.0,3500,17500.0,420.0
2025-10-30,Minuman Isotonik,Minuman,3.0,8500,25500.0,85.0
2024-06-13,Ramen Pedas,Makanan Instan,6.0,7000,42000.0,476.0
2025-01-29,Minuman Isotonik,Minuman,12.0,8500,102000.0,176.0
2023-07-26,Air Mineral,Minuman,13.0,4000,52000.0,414.0
2024-11-11,Biskuit Coklat,Snack,3.0,9000,27000.0,150.0
2023-01-10,Keripik Kentang,Snack,1.0,12000,12000.0,381.0
2025-06-15,Gula Pasir,Sembako,10.0,16000,160000.0,197.0
2025-05-02,Mie Ayam Instan,Makanan Instan,11.0,4000,44000.0,224.0
2023-07-10,Saus Sambal,Sembako,6.0,13000,78000.0,348.0
2025-07-12,Wafer Coklat,Snack,15.0,8000,120000.0,475.0
2025-06-15,Teh Celup,Minuman,13.0,8000,104000.0,226.0
2023-08-12,Air Mineral,Minuman,2.0,4000,8000.0,285.0
2024-04-04,Kecap Manis,Sembako,12.0,15000,180000.0,465.0
2023-04-02,Yogurt Botol,Produk Susu,15.0,10000,150000.0,
2023-12-18,Jus Kotak,Minuman,7.0,7000,49000.0,372.0
2025-11-06,Beras Premium,Sembako,6.0,75000,450000.0,620.0
2023-12-25,Mie Ayam Instan,Makanan Instan,9.0,4000,36000.0,78.0
2023-12-24,Gula Pasir,Sembako,10.0,16000,160000.0,336.0
2025-10-15,Saus Sambal,Sembako,9.0,13000,117000.0,427.0
2024-09-22,Susu UHT,Produk Susu,1.0,9000,9000.0,108.0
2025-04-18,Tepung Terigu,Sembako,10.0,14000,140000.0,324.0
2024-07-21,Kopi Sachet,Minuman,15.0,2500,37500.0,58.0
2023-05-19,Teh Celup,Minuman,6.0,8000,48000.0,462.0
2025-01-01,Yogurt Botol,Produk Susu,5.0,10000,50000.0,232.0
2025-08-26,Biskuit Coklat,Snack,3.0,9000,27000.0,426.0
2023-08-09,Gula Pasir,Sembako,8.0,16000,128000.0,199.0
2024-03-08,Minyak Goreng,Sembako,7.0,28000,196000.0,317.0
2023-02-11,Kopi Sachet,Minuman,13.0,2500,32500.0,356.0
2024-10-07,Sereal Sarapan,Produk Susu,10.0,25000,250000.0,606.0
2024-09-01,Teh Celup,Minuman,9.0,8000,72000.0,405.0
2023-06-07,Tepung Terigu,Sembako,8.0,14000,112000.0,392.0
2024-04-11,Roti Tawar,Snack,3.0,15000,45000.0,207.0
2023-11-12,Kacang Panggang,Snack,12.0,10000,120000.0,148.0
2025-08-16,Telur Ayam,Sembako,8.0,30000,240000.0,402.0
2023-06-20,Susu Kental Manis,Produk Susu,13.0,12000,156000.0,209.0
2025-02-10,Telur Ayam,Sembako,14.0,30000,420000.0,181.0
2023-12-03,Saus Sambal,Sembako,8.0,13000,104000.0,255.0
2023-09-25,Roti Tawar,Snack,1.0,15000,15000.0,241.0
2023-01-25,Saus Sambal,Sembako,6.0,13000,78000.0,399.0
2023-04-10,Kopi Botol,Minuman,13.0,7000,91000.0,175.0
2025-01-15,Kopi Botol,Minuman,15.0,7000,105000.0,428.0
2025-02-25,Coklat Batang,Snack,17.0,11000,187000.0,259.0
2023-04-05,Telur Ayam,Sembako,9.0,30000,270000.0,221.0
2025-04-26,Biskuit Coklat,Snack,6.0,9000,54000.0,163.0
2024-11-17,Wafer Coklat,Snack,2.0,8000,16000.0,352.0
2023-06-11,Indomie Goreng,Makanan Instan,10.0,3500,35000.0,194.0
2023-04-25,Kopi Botol,Minuman,8.0,7000,56000.0,249.0
2025-09-23,Mie Ayam Instan,Makanan Instan,12.0,4000,48000.0,319.0
2024-05-29,Minuman Isotonik,Minuman,9.0,8500,76500.0,507.0
2023-08-15,Mie Ayam Instan,Makanan Instan,14.0,4000,56000.0,641.0
2024-09-07,Beras Premium,Sembako,14.0,75000,1050000.0,424.0
2023-01-31,Wafer Coklat,Snack,2.0,8000,16000.0,380.0
2023-12-29,Teh Celup,Minuman,15.0,8000,120000.0,420.0
2025-03-31,Kacang Panggang,Snack,4.0,10000,40000.0,299.0
2024-04-11,Biskuit Coklat,Snack,16.0,9000,144000.0,355.0
2024-05-18,Beras Premium,Sembako,8.0,75000,600000.0,156.0
2025-12-28,Kopi Botol,Minuman,10.0,7000,70000.0,533.0
2025-06-17,Minyak Goreng,Sembako,9.0,28000,252000.0,86.0
2025-05-08,Keju Slice,Produk Susu,7.0,18000,126000.0,307.0
2025-09-13,Telur Ayam,Sembako,15.0,30000,450000.0,79.0
2025-06-24,Minuman Isotonik,Minuman,18.0,8500,153000.0,466.0
2024-06-09,Mie Ayam Instan,Makanan Instan,14.0,4000,56000.0,390.0
2025-09-18,Indomie Goreng,Makanan Instan,17.0,3500,59500.0,634.0
2025-12-25,Kacang Panggang,Snack,4.0,10000,40000.0,236.0
2023-05-03,Roti Tawar,Snack,5.0,15000,75000.0,226.0
2023-06-10,Susu Kental Manis,Produk Susu,11.0,12000,132000.0,137.0
2024-10-25,,Sembako,12.0,75000,,533.0
2023-01-20,Keju Slice,Produk Susu,3.0,18000,54000.0,194.0
2024-04-17,Air Mineral,Minuman,3.0,4000,12000.0,77.0
2023-11-29,,Produk Susu,1.0,18000,18000.0,284.0
2024-02-14,Minyak Goreng,Sembako,5.0,28000,140000.0,308.0
2024-06-09,Susu UHT,Produk Susu,11.0,9000,99000.0,273.0
2023-03-17,Kecap Manis,Sembako,9.0,15000,135000.0,167.0
2025-07-20,Beras Premium,Sembako,15.0,75000,1125000.0,228.0
2025-07-28,Ramen Pedas,Makanan Instan,7.0,7000,49000.0,329.0
2024-03-30,Teh Botol,Minuman,13.0,5000,65000.0,647.0
2023-04-22,Mie Ayam Instan,Makanan Instan,3.0,4000,12000.0,588.0
2023-01-06,Keju Slice,Produk Susu,3.0,18000,54000.0,349.0
2023-11-02,Mie Ayam Instan,Makanan Instan,5.0,4000,20000.0,373.0
2023-04-01,Telur Ayam,Sembako,11.0,30000,330000.0,81.0
2023-03-05,Minuman Isotonik,Minuman,14.0,8500,119000.0,208.0
2025-06-20,Telur Ayam,Sembako,7.0,30000,210000.0,346.0
2024-09-09,Telur Ayam,Sembako,1.0,30000,30000.0,553.0
2025-10-09,Minuman Isotonik,Minuman,15.0,8500,127500.0,146.0
2023-02-06,Telur Ayam,Sembako,11.0,30000,330000.0,113.0
2024-07-03,Teh Botol,Minuman,6.0,5000,30000.0,
2023-10-31,Kopi Sachet,Minuman,2.0,2500,5000.0,539.0
2024-10-23,Telur Ayam,Sembako,8.0,30000,240000.0,580.0
2025-02-28,Kopi Botol,Minuman,6.0,7000,42000.0,235.0
2024-01-05,Keripik Kentang,Snack,10.0,12000,120000.0,214.0
2025-10-28,Kopi Sachet,Minuman,3.0,2500,7500.0,163.0
2025-07-02,Saus Sambal,Sembako,14.0,13000,182000.0,501.0
2025-12-28,Keju Slice,Produk Susu,6.0,18000,108000.0,97.0
2025-02-17,Yogurt Botol,Produk Susu,5.0,10000,50000.0,525.0
2024-03-06,Telur Ayam,Sembako,14.0,30000,420000.0,273.0
2024-07-17,Wafer Coklat,Snack,8.0,8000,64000.0,105.0
2024-12-07,Minyak Goreng,Sembako,3.0,28000,84000.0,404.0
2024-11-30,Saus Sambal,Sembako,16.0,13000,208000.0,446.0
2023-02-28,Kopi Sachet,Minuman,15.0,2500,37500.0,251.0
2025-09-13,Tepung Terigu,Sembako,,14000,70000.0,152.0
2024-08-15,Air Mineral,Minuman,6.0,4000,24000.0,259.0
2024-04-15,Jus Kotak,Minuman,3.0,7000,21000.0,74.0
2024-11-14,Teh Botol,Minuman,9.0,5000,45000.0,396.0
2024-02-28,Jus Kotak,Minuman,13.0,7000,91000.0,383.0
2023-07-30,Ramen Pedas,Makanan Instan,1.0,7000,7000.0,450.0
2024-02-21,Mie Ayam Instan,Makanan Instan,8.0,4000,32000.0,597.0
2023-03-30,Saus Sambal,Sembako,2.0,13000,26000.0,115.0
2023-09-17,Tepung Terigu,Sembako,12.0,14000,168000.0,410.0
2024-03-08,Susu Kental Manis,Produk Susu,11.0,12000,132000.0,512.0
2023-03-18,Saus Sambal,Sembako,1.0,13000,,
2025-02-06,Jus Kotak,Minuman,13.0,7000,91000.0,479.0
2024-10-25,Saus Sambal,Sembako,6.0,13000,78000.0,346.0
2023-05-14,Beras Medium,Sembako,14.0,65000,910000.0,51.0
2023-07-27,Tepung Terigu,Sembako,1.0,14000,14000.0,380.0
2023-06-11,Keju Slice,Produk Susu,12.0,18000,216000.0,454.0
2024-09-24,Kopi Sachet,Minuman,11.0,2500,,335.0
2025-12-17,Beras Medium,Sembako,10.0,65000,650000.0,114.0
2025-06-28,Teh Botol,Minuman,5.0,5000,25000.0,419.0
2024-10-20,Kacang Panggang,Snack,5.0,10000,50000.0,426.0
2023-11-06,Kecap Manis,Sembako,15.0,15000,225000.0,230.0
2025-04-24,Coklat Batang,Snack,16.0,11000,176000.0,215.0
2025-12-06,Kacang Panggang,Snack,9.0,10000,90000.0,384.0
2023-11-29,Keju Slice,Produk Susu,1.0,18000,18000.0,284.0
2025-11-13,Coklat Batang,Snack,12.0,11000,132000.0,339.0
2024-02-21,Kecap Manis,Sembako,7.0,15000,105000.0,409.0
2023-11-14,Yogurt Botol,Produk Susu,1.0,10000,10000.0,510.0
2024-01-23,Kopi Sachet,Minuman,12.0,2500,30000.0,477.0
2025-09-19,Gula Pasir,Sembako,8.0,16000,128000.0,88.0
2025-03-14,Air Mineral,Minuman,6.0,4000,24000.0,214.0
2023-02-25,Biskuit Coklat,Snack,2.0,9000,18000.0,280.0
2024-09-08,Kecap Manis,Sembako,10.0,15000,150000.0,181.0
2025-05-26,Telur Ayam,Sembako,5.0,30000,150000.0,463.0
2025-03-26,Telur Ayam,Sembako,16.0,30000,480000.0,115.0
2024-07-16,Roti Tawar,Snack,8.0,15000,120000.0,295.0
2024-03-24,Gula Pasir,Sembako,3.0,16000,48000.0,123.0
2024-12-13,Kecap Manis,Sembako,7.0,15000,105000.0,147.0
2023-12-02,Indomie Goreng,Makanan Instan,8.0,3500,28000.0,384.0
2023-03-25,Teh Botol,Minuman,4.0,5000,20000.0,600.0
2023-09-14,Susu UHT,Produk Susu,,9000,126000.0,
2023-08-17,Keripik Kentang,Snack,6.0,12000,72000.0,135.0
2025-09-14,Air Mineral,Minuman,16.0,4000,64000.0,207.0
2024-04-19,Sereal Sarapan,Produk Susu,5.0,25000,125000.0,524.0
2023-07-15,Teh Celup,Minuman,3.0,8000,24000.0,449.0
2024-11-29,Keju Slice,Produk Susu,16.0,18000,288000.0,134.0
2025-03-22,Sereal Sarapan,Produk Susu,15.0,25000,375000.0,509.0
2024-01-08,Saus Sambal,Sembako,13.0,13000,169000.0,500.0
2025-01-18,Susu UHT,Produk Susu,5.0,9000,45000.0,389.0
2023-08-29,Ramen Pedas,Makanan Instan,13.0,7000,91000.0,192.0
2025-11-09,Beras Premium,Sembako,9.0,75000,675000.0,428.0
2024-12-06,Saus Sambal,Sembako,5.0,13000,,303.0
2024-12-27,Kecap Manis,Sembako,9.0,15000,135000.0,442.0
2023-01-27,Indomie Goreng,Makanan Instan,14.0,3500,49000.0,406.0
2024-08-30,Teh Botol,Minuman,14.0,5000,70000.0,325.0
2023-06-15,Saus Sambal,Sembako,3.0,13000,39000.0,574.0
2025-01-03,Sereal Sarapan,Produk Susu,15.0,25000,375000.0,260.0
2025-09-23,Telur Ayam,Sembako,12.0,30000,360000.0,215.0
2024-10-27,Kopi Sachet,Minuman,9.0,2500,22500.0,99.0
2024-01-17,Yogurt Botol,Produk Susu,13.0,10000,130000.0,198.0
2023-09-01,Teh Botol,Minuman,3.0,5000,15000.0,173.0
2023-06-25,Beras Medium,Sembako,9.0,65000,585000.0,304.0
2024-12-20,Teh Celup,Minuman,6.0,8000,48000.0,666.0
2024-10-28,Beras Medium,Sembako,13.0,65000,845000.0,418.0
2023-10-10,Indomie Soto,Makanan Instan,2.0,3500,7000.0,304.0
2023-01-28,Roti Tawar,Snack,5.0,15000,75000.0,297.0
2024-11-30,Minuman Isotonik,Minuman,10.0,8500,85000.0,328.0
2024-01-04,Beras Medium,Sembako,3.0,65000,195000.0,316.0
2024-04-05,Kopi Sachet,Minuman,5.0,2500,12500.0,320.0
2023-12-26,Biskuit Coklat,Snack,7.0,9000,63000.0,474.0
2023-04-08,Gula Pasir,Sembako,14.0,16000,224000.0,371.0
2023-01-28,Beras Premium,Sembako,13.0,75000,975000.0,196.0
2023-07-27,Telur Ayam,Sembako,9.0,30000,270000.0,167.0
2023-08-31,Kacang Panggang,Snack,9.0,10000,,662.0
2024-11-05,,Makanan Instan,,3500,,
2024-12-13,Sereal Sarapan,Produk Susu,15.0,25000,375000.0,99.0
2025-09-14,Kacang Panggang,Snack,5.0,10000,50000.0,303.0
2023-04-26,Sereal Sarapan,Produk Susu,3.0,25000,75000.0,556.0
2024-08-26,,Produk Susu,,10000,,116.0
2025-01-31,Keripik Kentang,Snack,12.0,12000,144000.0,171.0
2023-12-31,Teh Celup,Minuman,4.0,8000,32000.0,401.0
2023-10-06,Keju Slice,Produk Susu,1.0,18000,18000.0,281.0
2025-08-01,Indomie Goreng,Makanan Instan,8.0,3500,28000.0,368.0
2024-01-25,Minyak Goreng,Sembako,12.0,28000,336000.0,185.0
2023-10-05,Indomie Soto,Makanan Instan,15.0,3500,52500.0,422.0
2025-08-27,Sereal Sarapan,Produk Susu,15.0,25000,375000.0,616.0
2023-09-16,Telur Ayam,Sembako,11.0,30000,330000.0,270.0
2024-08-23,Kacang Panggang,Snack,8.0,10000,80000.0,118.0
2025-07-18,Kacang Panggang,Snack,5.0,10000,50000.0,225.0
2024-06-06,Beras Medium,Sembako,13.0,65000,845000.0,144.0
2023-06-12,Saus Sambal,Sembako,1.0,13000,13000.0,513.0
2025-05-17,Gula Pasir,Sembako,4.0,16000,64000.0,207.0
2023-09-20,Gula Pasir,Sembako,1.0,16000,16000.0,51.0
2025-01-10,Tepung Terigu,Sembako,8.0,14000,112000.0,401.0
2023-10-12,Minyak Goreng,Sembako,4.0,28000,112000.0,235.0
2023-01-20,Indomie Soto,Makanan Instan,12.0,3500,,159.0
2025-12-13,Ramen Pedas,Makanan Instan,17.0,7000,119000.0,400.0
2025-03-17,Indomie Goreng,Makanan Instan,13.0,3500,45500.0,339.0
2024-03-05,Sereal Sarapan,Produk Susu,3.0,25000,75000.0,430.0
2023-11-28,Yogurt Botol,Produk Susu,2.0,10000,20000.0,480.0
2024-04-07,Roti Tawar,Snack,7.0,15000,105000.0,281.0
2023-06-16,Minyak Goreng,Sembako,13.0,28000,364000.0,116.0
2023-07-08,Mie Ayam Instan,Makanan Instan,9.0,4000,36000.0,87.0
2025-04-21,Tepung Terigu,Sembako,18.0,14000,252000.0,124.0
2025-08-10,Keju Slice,Produk Susu,18.0,18000,324000.0,494.0
2025-11-05,Kecap Manis,Sembako,16.0,15000,240000.0,182.0
2023-06-01,Kacang Panggang,Snack,8.0,10000,80000.0,400.0
2024-03-16,Susu UHT,Produk Susu,12.0,9000,108000.0,533.0
2023-11-22,Indomie Goreng,Makanan Instan,4.0,3500,14000.0,140.0
2024-01-21,Beras Premium,Sembako,15.0,75000,1125000.0,103.0
2023-01-14,Teh Botol,Minuman,6.0,5000,30000.0,390.0
2025-10-20,Teh Botol,Minuman,11.0,5000,55000.0,211.0
2024-06-26,Air Mineral,Minuman,8.0,4000,32000.0,519.0
2024-03-06,Sereal Sarapan,Produk Susu,13.0,25000,325000.0,285.0
2023-02-20,Susu UHT,Produk Susu,3.0,9000,27000.0,196.0
2024-12-24,Kopi Botol,Minuman,11.0,7000,77000.0,344.0
2025-10-25,Indomie Goreng,Makanan Instan,18.0,3500,63000.0,438.0
2024-07-24,Susu Kental Manis,Produk Susu,9.0,12000,108000.0,134.0
2024-07-09,Telur Ayam,Sembako,10.0,30000,300000.0,517.0
2024-10-21,Keripik Kentang,Snack,9.0,12000,108000.0,306.0
2023-05-25,Coklat Batang,Snack,9.0,11000,99000.0,88.0
2024-09-27,Coklat Batang,Snack,17.0,11000,187000.0,71.0
2023-02-20,Beras Premium,Sembako,1.0,75000,75000.0,399.0
2025-05-14,Saus Sambal,Sembako,8.0,13000,104000.0,684.0
2025-08-04,Kacang Panggang,Snack,8.0,10000,80000.0,336.0
2025-01-05,Susu UHT,Produk Susu,13.0,9000,117000.0,635.0
2023-02-20,Telur Ayam,Sembako,15.0,30000,450000.0,298.0
2023-06-30,Indomie Goreng,Makanan Instan,6.0,3500,21000.0,319.0
2025-05-02,Ramen Pedas,Makanan Instan,12.0,7000,84000.0,579.0
2025-12-09,,Produk Susu,,25000,,
2025-02-06,Teh Celup,Minuman,9.0,8000,72000.0,608.0
2025-06-20,Teh Celup,Minuman,18.0,8000,144000.0,502.0
2024-11-22,Telur Ayam,Sembako,14.0,30000,420000.0,534.0
2024-10-28,Coklat Batang,Snack,12.0,11000,132000.0,547.0
2023-07-01,Wafer Coklat,Snack,14.0,8000,112000.0,152.0
2024-12-22,Sereal Sarapan,Produk Susu,10.0,25000,250000.0,399.0
2023-03-06,Mie Ayam Instan,Makanan Instan,14.0,4000,56000.0,284.0
2024-07-14,Minuman Isotonik,Minuman,16.0,8500,136000.0,184.0
2024-01-10,Tepung Terigu,Sembako,14.0,14000,196000.0,237.0
2025-10-31,Mie Ayam Instan,Makanan Instan,7.0,4000,28000.0,594.0
2023-10-10,Kacang Panggang,Snack,10.0,10000,100000.0,244.0
2023-09-02,Teh Celup,Minuman,9.0,8000,72000.0,296.0
2025-11-11,Indomie Soto,Makanan Instan,11.0,3500,38500.0,365.0
2023-12-31,Tepung Terigu,Sembako,4.0,14000,56000.0,422.0
2024-04-12,Teh Botol,Minuman,7.0,5000,35000.0,581.0
2024-07-22,Tepung Terigu,Sembako,13.0,14000,182000.0,473.0
2024-08-04,Saus Sambal,Sembako,14.0,13000,182000.0,486.0
2023-08-31,Susu Kental Manis,Produk Susu,9.0,12000,108000.0,254.0
2023-09-25,Susu UHT,Produk Susu,13.0,9000,117000.0,555.0
2023-05-13,,Makanan Instan,,3500,14000.0,
2024-06-29,Susu UHT,Produk Susu,5.0,9000,45000.0,418.0
2025-05-06,Minyak Goreng,Sembako,12.0,28000,336000.0,362.0
2023-10-22,Ramen Pedas,Makanan Instan,9.0,7000,63000.0,109.0
2023-07-16,Beras Premium,Sembako,4.0,75000,300000.0,513.0
2023-10-11,Gula Pasir,Sembako,10.0,16000,160000.0,224.0
2024-02-18,Susu UHT,Produk Susu,4.0,9000,36000.0,476.0
2024-12-02,Kacang Panggang,Snack,16.0,10000,160000.0,565.0
2023-09-29,Ramen Pedas,Makanan Instan,12.0,7000,84000.0,341.0
2023-05-07,Mie Ayam Instan,Makanan Instan,,4000,,551.0
2025-04-01,Biskuit Coklat,Snack,12.0,9000,108000.0,225.0
2023-12-10,Keju Slice,Produk Susu,12.0,18000,216000.0,124.0
2024-04-04,Teh Botol,Minuman,1.0,5000,5000.0,59.0
2023-06-14,Kopi Sachet,Minuman,14.0,2500,35000.0,198.0
2024-03-20,Coklat Batang,Snack,8.0,11000,88000.0,292.0
2025-07-20,Tepung Terigu,Sembako,9.0,14000,126000.0,650.0
2024-12-01,Biskuit Coklat,Snack,11.0,9000,99000.0,152.0
2023-08-25,Ramen Pedas,Makanan Instan,3.0,7000,21000.0,149.0
2025-04-16,Jus Kotak,Minuman,9.0,7000,63000.0,281.0
2025-12-22,Roti Tawar,Snack,9.0,15000,,
2025-08-06,Kecap Manis,Sembako,3.0,15000,45000.0,356.0
2023-02-21,,Minuman,10.0,4000,40000.0,
2025-10-17,Gula Pasir,Sembako,12.0,16000,192000.0,263.0
2023-03-29,Saus Sambal,Sembako,10.0,13000,130000.0,186.0
2023-09-29,Saus Sambal,Sembako,9.0,13000,117000.0,530.0
2025-04-07,Ramen Pedas,Makanan Instan,15.0,7000,105000.0,564.0
2023-11-06,Mie Ayam Instan,Makanan Instan,1.0,4000,4000.0,93.0
2025-09-29,Susu UHT,Produk Susu,6.0,9000,54000.0,123.0
2024-09-21,Gula Pasir,Sembako,3.0,16000,48000.0,293.0
2024-03-23,Indomie Soto,Makanan Instan,12.0,3500,42000.0,265.0
2024-04-05,Jus Kotak,Minuman,11.0,7000,77000.0,253.0
2023-09-16,Kacang Panggang,Snack,3.0,10000,30000.0,64.0
2024-05-03,Indomie Goreng,Makanan Instan,9.0,3500,31500.0,61.0
2024-01-08,Biskuit Coklat,Snack,12.0,9000,108000.0,304.0
2024-03-01,Teh Celup,Minuman,9.0,8000,72000.0,287.0
2024-09-13,Minyak Goreng,Sembako,10.0,28000,280000.0,350.0
2024-04-11,Kopi Sachet,Minuman,2.0,2500,5000.0,56.0
2024-02-29,Sereal Sarapan,Produk Susu,11.0,25000,275000.0,278.0
2024-03-29,Kopi Botol,Minuman,12.0,7000,84000.0,331.0
2024-09-24,Tepung Terigu,Sembako,16.0,14000,224000.0,543.0
2024-03-13,Kopi Sachet,Minuman,10.0,2500,25000.0,219.0
2025-07-24,Jus Kotak,Minuman,4.0,7000,28000.0,471.0
2025-08-22,Yogurt Botol,Produk Susu,4.0,10000,40000.0,414.0
2023-12-03,Telur Ayam,Sembako,12.0,30000,360000.0,261.0
2025-03-09,Coklat Batang,Snack,15.0,11000,165000.0,143.0
2023-01-12,Mie Ayam Instan,Makanan Instan,5.0,4000,20000.0,147.0
2025-01-10,Saus Sambal,Sembako,15.0,13000,195000.0,415.0
2024-03-27,Sereal Sarapan,Produk Susu,5.0,25000,125000.0,515.0
2023-02-12,Coklat Batang,Snack,7.0,11000,77000.0,328.0
2025-04-29,Sereal Sarapan,Produk Susu,9.0,25000,225000.0,132.0
2023-01-10,Keju Slice,Produk Susu,15.0,18000,270000.0,567.0
2024-03-01,Beras Medium,Sembako,15.0,65000,975000.0,66.0
2023-04-19,Indomie Goreng,Makanan Instan,6.0,3500,21000.0,325.0
2025-12-16,Tepung Terigu,Sembako,18.0,14000,252000.0,659.0
2024-03-30,Sereal Sarapan,Produk Susu,2.0,25000,50000.0,419.0
2025-06-17,Coklat Batang,Snack,5.0,11000,55000.0,341.0
2025-03-09,Teh Botol,Minuman,2.0,5000,10000.0,666.0
2023-11-27,Telur Ayam,Sembako,15.0,30000,450000.0,554.0
2025-01-17,Teh Botol,Minuman,6.0,5000,30000.0,395.0
2024-10-12,Jus Kotak,Minuman,1.0,7000,7000.0,291.0
2025-10-21,Air Mineral,Minuman,5.0,4000,20000.0,76.0
2025-11-28,Air Mineral,Minuman,10.0,4000,40000.0,348.0
2024-08-31,Gula Pasir,Sembako,9.0,16000,144000.0,270.0
2024-09-13,Telur Ayam,Sembako,4.0,30000,120000.0,309.0
2023-09-09,Keripik Kentang,Snack,14.0,12000,168000.0,338.0
2023-04-03,Indomie Goreng,Makanan Instan,3.0,3500,10500.0,631.0
2023-03-25,Keripik Kentang,Snack,6.0,12000,72000.0,179.0
2023-08-17,Sereal Sarapan,Produk Susu,12.0,25000,300000.0,557.0
2024-09-14,Biskuit Coklat,Snack,2.0,9000,18000.0,246.0
2025-12-28,Telur Ayam,Sembako,4.0,30000,120000.0,111.0
2025-05-17,Wafer Coklat,Snack,12.0,8000,96000.0,183.0
2025-10-01,Susu Kental Manis,Produk Susu,4.0,12000,48000.0,242.0
2023-10-15,Teh Botol,Minuman,4.0,5000,20000.0,60.0
2023-06-01,Indomie Goreng,Makanan Instan,6.0,3500,21000.0,478.0
2024-12-22,Coklat Batang,Snack,3.0,11000,33000.0,262.0
2025-06-03,Gula Pasir,Sembako,9.0,16000,144000.0,430.0
2025-07-30,Indomie Goreng,Makanan Instan,16.0,3500,56000.0,534.0
2025-04-13,Beras Medium,Sembako,10.0,65000,650000.0,347.0
2023-09-11,Jus Kotak,Minuman,8.0,7000,56000.0,234.0
2024-04-25,Minyak Goreng,Sembako,12.0,28000,336000.0,541.0
2025-05-14,Indomie Goreng,Makanan Instan,13.0,3500,45500.0,565.0
2024-01-12,Indomie Soto,Makanan Instan,12.0,3500,42000.0,152.0
2023-04-07,Sereal Sarapan,Produk Susu,3.0,25000,75000.0,109.0
2023-02-11,Tepung Terigu,Sembako,12.0,14000,168000.0,521.0
2023-10-13,Kopi Botol,Minuman,13.0,7000,91000.0,71.0
2024-07-01,Roti Tawar,Snack,12.0,15000,180000.0,413.0
2024-12-06,Beras Medium,Sembako,3.0,65000,195000.0,491.0
2024-07-21,Sereal Sarapan,Produk Susu,8.0,25000,200000.0,93.0
2023-10-23,Biskuit Coklat,Snack,13.0,9000,117000.0,648.0
2024-09-15,Beras Premium,Sembako,2.0,75000,150000.0,212.0
2025-08-13,Minyak Goreng,Sembako,9.0,28000,252000.0,74.0
2025-02-22,Sereal Sarapan,Produk Susu,4.0,25000,100000.0,242.0
2023-11-26,Roti Tawar,Snack,9.0,15000,135000.0,277.0
2025-01-12,Roti Tawar,Snack,7.0,15000,105000.0,171.0
2024-06-27,Susu Kental Manis,Produk Susu,12.0,12000,144000.0,157.0
2025-02-09,Kopi Sachet,Minuman,9.0,2500,22500.0,369.0
2023-03-21,Air Mineral,Minuman,15.0,4000,60000.0,192.0
2024-11-27,Telur Ayam,Sembako,4.0,30000,120000.0,257.0
2023-01-04,Susu UHT,Produk Susu,5.0,9000,45000.0,77.0
2023-06-02,Ramen Pedas,Makanan Instan,4.0,7000,28000.0,276.0
2023-08-30,Susu UHT,Produk Susu,5.0,9000,45000.0,576.0
2024-10-21,Susu UHT,Produk Susu,10.0,9000,90000.0,295.0
2024-11-26,Mie Ayam Instan,Makanan Instan,8.0,4000,32000.0,622.0
2023-05-28,Susu UHT,Produk Susu,9.0,9000,81000.0,68.0
2025-05-06,Biskuit Coklat,Snack,10.0,9000,90000.0,369.0
2023-02-25,Beras Medium,Sembako,12.0,65000,780000.0,207.0
2025-03-18,Susu Kental Manis,Produk Susu,14.0,12000,168000.0,523.0
2024-06-09,Susu UHT,Produk Susu,11.0,9000,99000.0,273.0
2023-10-20,Keripik Kentang,Snack,13.0,12000,156000.0,448.0
2025-07-19,Coklat Batang,Snack,4.0,11000,44000.0,424.0
2024-09-17,Tepung Terigu,Sembako,14.0,14000,196000.0,310.0
2025-02-22,Sereal Sarapan,Produk Susu,,25000,,
2023-11-08,Indomie Goreng,Makanan Instan,1.0,3500,3500.0,190.0
2023-07-08,Mie Ayam Instan,Makanan Instan,9.0,4000,,87.0
2024-09-05,Roti Tawar,Snack,8.0,15000,120000.0,336.0
2024-05-21,Tepung Terigu,Sembako,12.0,14000,168000.0,345.0
2023-07-11,Teh Celup,Minuman,4.0,8000,32000.0,542.0
2025-05-17,Teh Botol,Minuman,15.0,5000,75000.0,286.0
2023-09-19,Indomie Soto,Makanan Instan,8.0,3500,28000.0,144.0
2023-01-14,Keripik Kentang,Snack,4.0,12000,48000.0,295.0
2023-01-20,Teh Celup,Minuman,8.0,8000,64000.0,338.0
2024-06-11,Tepung Terigu,Sembako,3.0,14000,,
2024-01-05,Susu Kental Manis,Produk Susu,7.0,12000,84000.0,368.0
2025-04-17,Susu UHT,Produk Susu,16.0,9000,144000.0,589.0
2024-10-16,Tepung Terigu,Sembako,14.0,14000,196000.0,264.0
2023-06-09,Coklat Batang,Snack,4.0,11000,44000.0,145.0
2023-11-13,Ramen Pedas,Makanan Instan,7.0,7000,49000.0,288.0
2025-02-11,Sereal Sarapan,Produk Susu,14.0,25000,350000.0,127.0
2024-02-03,Susu UHT,Produk Susu,7.0,9000,63000.0,157.0
2024-02-09,Teh Botol,Minuman,13.0,5000,65000.0,562.0
2023-07-19,Kopi Sachet,Minuman,14.0,2500,35000.0,85.0
2023-01-23,Sereal Sarapan,Produk Susu,11.0,25000,275000.0,373.0
2023-12-14,Keju Slice,Produk Susu,11.0,18000,198000.0,531.0
2023-11-18,Kacang Panggang,Snack,6.0,10000,60000.0,155.0
2024-01-10,Tepung Terigu,Sembako,,14000,168000.0,
2025-01-12,Roti Tawar,Snack,5.0,15000,75000.0,178.0
2023-12-03,Wafer Coklat,Snack,8.0,8000,64000.0,162.0
2024-10-13,Indomie Soto,Makanan Instan,13.0,3500,45500.0,291.0
2024-07-20,Yogurt Botol,Produk Susu,14.0,10000,140000.0,313.0
2024-02-06,Wafer Coklat,Snack,11.0,8000,88000.0,396.0
2023-09-17,Kopi Sachet,Minuman,,2500,,
2025-11-13,Sereal Sarapan,Produk Susu,3.0,25000,75000.0,429.0
2024-09-10,Wafer Coklat,Snack,4.0,8000,32000.0,172.0
2025-02-03,Coklat Batang,Snack,15.0,11000,165000.0,267.0
2025-02-27,Ramen Pedas,Makanan Instan,17.0,7000,119000.0,373.0
2023-05-11,Jus Kotak,Minuman,5.0,7000,35000.0,455.0
2025-10-26,Susu Kental Manis,Produk Susu,16.0,12000,192000.0,361.0
2024-02-10,Wafer Coklat,Snack,15.0,8000,120000.0,389.0
2023-04-25,Keju Slice,Produk Susu,8.0,18000,144000.0,346.0
2023-11-11,Beras Premium,Sembako,6.0,75000,450000.0,313.0
2025-04-27,Kacang Panggang,Snack,10.0,10000,100000.0,464.0
2023-04-19,Saus Sambal,Sembako,1.0,13000,13000.0,66.0
2025-11-23,Kopi Botol,Minuman,16.0,7000,112000.0,125.0
2023-04-10,Keripik Kentang,Snack,10.0,12000,120000.0,546.0
2024-04-24,Kecap Manis,Sembako,15.0,15000,,
2025-07-28,Minyak Goreng,Sembako,5.0,28000,140000.0,507.0
2024-09-06,Tepung Terigu,Sembako,13.0,14000,182000.0,56.0
2023-09-28,Kecap Manis,Sembako,11.0,15000,165000.0,264.0
2024-09-15,Mie Ayam Instan,Makanan Instan,17.0,4000,68000.0,601.0
2023-07-21,Tepung Terigu,Sembako,5.0,14000,70000.0,99.0
2024-04-19,Kecap Manis,Sembako,17.0,15000,255000.0,336.0
2025-11-06,Kopi Botol,Minuman,14.0,7000,98000.0,57.0
2023-09-29,Kecap Manis,Sembako,12.0,15000,180000.0,206.0
2025-05-17,Kopi Sachet,Minuman,10.0,2500,25000.0,598.0
2023-09-30,Kacang Panggang,Snack,11.0,10000,110000.0,192.0
2025-07-17,Teh Botol,Minuman,11.0,5000,55000.0,253.0
2025-08-27,Tepung Terigu,Sembako,9.0,14000,126000.0,187.0
2023-01-07,Coklat Batang,Snack,5.0,11000,55000.0,117.0
2023-07-29,Minuman Isotonik,Minuman,9.0,8500,76500.0,345.0
2024-05-07,Susu Kental Manis,Produk Susu,10.0,12000,120000.0,598.0
2025-11-28,Gula Pasir,Sembako,13.0,16000,208000.0,411.0
2025-01-20,Teh Botol,Minuman,7.0,5000,35000.0,70.0
2025-05-23,Telur Ayam,Sembako,11.0,30000,330000.0,351.0
2024-02-22,Susu UHT,Produk Susu,9.0,9000,81000.0,231.0
2025-09-28,Teh Botol,Minuman,2.0,5000,10000.0,424.0
2023-01-08,Indomie Soto,Makanan Instan,6.0,3500,21000.0,340.0
2023-03-01,Teh Celup,Minuman,2.0,8000,16000.0,637.0
2024-03-07,Teh Botol,Minuman,9.0,5000,45000.0,157.0
2025-01-22,Teh Celup,Minuman,5.0,8000,40000.0,581.0
2024-11-09,Susu Kental Manis,Produk Susu,7.0,12000,84000.0,114.0
2023-04-16,Tepung Terigu,Sembako,11.0,14000,154000.0,227.0
2023-01-13,Wafer Coklat,Snack,2.0,8000,16000.0,711.0
2023-03-31,Minyak Goreng,Sembako,13.0,28000,364000.0,261.0
2024-05-15,Indomie Soto,Makanan Instan,3.0,3500,10500.0,155.0
2024-03-29,Indomie Goreng,Makanan Instan,12.0,3500,42000.0,497.0
2024-04-11,Biskuit Coklat,Snack,12.0,9000,108000.0,135.0
2024-01-14,Indomie Goreng,Makanan Instan,5.0,3500,17500.0,144.0
2024-04-21,Air Mineral,Minuman,8.0,4000,32000.0,117.0
2024-10-06,Minyak Goreng,Sembako,6.0,28000,168000.0,406.0
2024-10-03,Sereal Sarapan,Produk Susu,10.0,25000,250000.0,195.0
2025-12-23,Kacang Panggang,Snack,6.0,10000,60000.0,224.0
2024-07-12,Minyak Goreng,Sembako,9.0,28000,252000.0,576.0
2023-06-08,Saus Sambal,Sembako,9.0,13000,117000.0,325.0
2025-01-31,Beras Medium,Sembako,6.0,65000,390000.0,157.0
2025-01-11,Minuman Isotonik,Minuman,4.0,8500,34000.0,427.0
2025-03-07,Biskuit Coklat,Snack,14.0,9000,126000.0,634.0
2023-08-28,Gula Pasir,Sembako,1.0,16000,16000.0,315.0
2023-03-31,Teh Celup,Minuman,2.0,8000,16000.0,399.0
2024-02-15,Wafer Coklat,Snack,15.0,8000,120000.0,223.0
2024-12-19,Tepung Terigu,Sembako,3.0,14000,42000.0,318.0
2024-01-21,Roti Tawar,Snack,14.0,15000,210000.0,79.0
2024-03-11,Roti Tawar,Snack,9.0,15000,135000.0,490.0
2023-02-12,Gula Pasir,Sembako,13.0,16000,208000.0,258.0
2023-11-15,Indomie Soto,Makanan Instan,3.0,3500,10500.0,276.0
2023-03-17,Jus Kotak,Minuman,13.0,7000,91000.0,524.0
2023-10-09,Kacang Panggang,Snack,6.0,10000,60000.0,369.0
2025-10-08,Sereal Sarapan,Produk Susu,12.0,25000,300000.0,694.0
2024-08-24,Susu UHT,Produk Susu,3.0,9000,27000.0,116.0
2025-09-30,Kacang Panggang,Snack,8.0,10000,80000.0,343.0
2023-02-16,Teh Celup,Minuman,12.0,8000,96000.0,592.0
2025-11-01,Jus Kotak,Minuman,15.0,7000,105000.0,493.0
2024-04-11,Kecap Manis,Sembako,17.0,15000,255000.0,200.0
2024-11-18,Roti Tawar,Snack,8.0,15000,120000.0,197.0
2023-10-21,Roti Tawar,Snack,7.0,15000,105000.0,302.0
2024-02-13,Kopi Sachet,Minuman,13.0,2500,32500.0,282.0
2025-05-01,Jus Kotak,Minuman,17.0,7000,119000.0,242.0
2024-09-04,Keripik Kentang,Snack,11.0,12000,132000.0,174.0
2024-07-19,Kopi Sachet,Minuman,10.0,2500,25000.0,98.0
2024-02-26,Air Mineral,Minuman,3.0,4000,12000.0,128.0
2024-04-28,Tepung Terigu,Sembako,7.0,14000,98000.0,486.0
2023-08-30,Coklat Batang,Snack,13.0,11000,143000.0,192.0
2024-05-12,Beras Premium,Sembako,14.0,75000,1050000.0,329.0
2024-04-29,Beras Medium,Sembako,11.0,65000,715000.0,122.0
2023-10-31,Kopi Sachet,Minuman,13.0,2500,32500.0,182.0
2024-11-14,Indomie Soto,Makanan Instan,1.0,3500,3500.0,137.0
2025-12-26,,Minuman,7.0,8000,56000.0,
2024-01-23,Sereal Sarapan,Produk Susu,16.0,25000,400000.0,402.0
2023-07-31,Yogurt Botol,Produk Susu,13.0,10000,130000.0,134.0
2025-06-14,Indomie Goreng,Makanan Instan,4.0,3500,14000.0,470.0
2024-02-12,Keripik Kentang,Snack,12.0,12000,144000.0,400.0
2025-10-01,Minyak Goreng,Sembako,14.0,28000,392000.0,347.0
2023-12-13,Minuman Isotonik,Minuman,2.0,8500,17000.0,253.0
2025-08-25,Keju Slice,Produk Susu,15.0,18000,270000.0,248.0
2024-11-09,Coklat Batang,Snack,8.0,11000,88000.0,275.0
2023-08-16,Beras Premium,Sembako,14.0,75000,1050000.0,540.0
2025-05-28,Keju Slice,Produk Susu,7.0,18000,126000.0,624.0
2023-10-24,Tepung Terigu,Sembako,6.0,14000,84000.0,457.0
2024-02-03,Beras Medium,Sembako,8.0,65000,520000.0,291.0
2024-08-16,Sereal Sarapan,Produk Susu,11.0,25000,275000.0,129.0
2024-04-01,Beras Premium,Sembako,4.0,75000,300000.0,161.0
2024-05-15,Saus Sambal,Sembako,5.0,13000,65000.0,709.0
2024-11-08,Jus Kotak,Minuman,1.0,7000,7000.0,225.0
2025-05-27,Wafer Coklat,Snack,7.0,8000,56000.0,345.0
2025-08-17,Biskuit Coklat,Snack,12.0,9000,108000.0,261.0
2025-02-09,Ramen Pedas,Makanan Instan,15.0,7000,105000.0,92.0
2023-12-31,Saus Sambal,Sembako,13.0,13000,169000.0,578.0
2024-11-02,Beras Medium,Sembako,16.0,65000,1040000.0,253.0
2025-09-02,Kopi Botol,Minuman,11.0,7000,77000.0,443.0
2023-07-16,Mie Ayam Instan,Makanan Instan,3.0,4000,12000.0,591.0
2025-06-30,Tepung Terigu,Sembako,7.0,14000,98000.0,299.0
2024-06-27,Kecap Manis,Sembako,15.0,15000,225000.0,624.0
2025-08-27,Teh Botol,Minuman,6.0,5000,30000.0,205.0
2024-06-25,Minuman Isotonik,Minuman,5.0,8500,42500.0,155.0
2025-07-25,Gula Pasir,Sembako,15.0,16000,240000.0,165.0
2023-10-08,Roti Tawar,Snack,7.0,15000,105000.0,127.0
2025-09-12,Tepung Terigu,Sembako,5.0,14000,70000.0,357.0
2025-02-28,Coklat Batang,Snack,8.0,11000,88000.0,282.0
2024-05-19,Kopi Sachet,Minuman,13.0,2500,32500.0,212.0
2024-03-13,Yogurt Botol,Produk Susu,10.0,10000,100000.0,300.0
2023-03-22,Beras Medium,Sembako,14.0,65000,910000.0,448.0
2025-12-25,Biskuit Coklat,Snack,13.0,9000,117000.0,195.0
2025-02-24,Ramen Pedas,Makanan Instan,12.0,7000,84000.0,361.0
2025-09-11,Yogurt Botol,Produk Susu,15.0,10000,150000.0,121.0
2024-01-02,Gula Pasir,Sembako,11.0,16000,176000.0,460.0
2023-06-16,Jus Kotak,Minuman,13.0,7000,91000.0,397.0
2025-12-16,Saus Sambal,Sembako,12.0,13000,156000.0,395.0
2025-10-27,Yogurt Botol,Produk Susu,11.0,10000,110000.0,395.0
2024-10-14,Air Mineral,Minuman,15.0,4000,60000.0,242.0
2024-03-07,Jus Kotak,Minuman,3.0,7000,21000.0,217.0
2025-07-24,Coklat Batang,Snack,17.0,11000,187000.0,383.0
2023-01-27,Minuman Isotonik,Minuman,10.0,8500,85000.0,324.0
2023-05-26,Beras Medium,Sembako,5.0,65000,325000.0,225.0
2025-11-26,Gula Pasir,Sembako,18.0,16000,288000.0,320.0
2023-03-05,Wafer Coklat,Snack,1.0,8000,8000.0,264.0
2024-11-18,Kopi Botol,Minuman,11.0,7000,77000.0,71.0
2023-03-14,Biskuit Coklat,Snack,6.0,9000,54000.0,391.0
2023-07-19,Indomie Soto,Makanan Instan,15.0,3500,52500.0,243.0
2023-01-28,Minuman Isotonik,Minuman,4.0,8500,34000.0,174.0
2024-01-05,Susu Kental Manis,Produk Susu,7.0,12000,84000.0,276.0
2024-07-06,Susu UHT,Produk Susu,17.0,9000,153000.0,714.0
2025-12-19,Indomie Goreng,Makanan Instan,2.0,3500,7000.0,373.0
2024-05-02,Keju Slice,Produk Susu,4.0,18000,72000.0,277.0
2025-10-08,Kopi Sachet,Minuman,6.0,2500,15000.0,632.0
2025-11-27,Ramen Pedas,Makanan Instan,11.0,7000,77000.0,262.0
2025-11-22,Gula Pasir,Sembako,5.0,16000,80000.0,133.0
2025-05-01,Kecap Manis,Sembako,10.0,15000,150000.0,73.0
2025-01-05,Mie Ayam Instan,Makanan Instan,16.0,4000,64000.0,171.0
2024-03-21,Kecap Manis,Sembako,4.0,15000,60000.0,218.0
2024-09-02,Minuman Isotonik,Minuman,2.0,8500,17000.0,413.0
2024-01-05,Kopi Botol,Minuman,13.0,7000,91000.0,147.0
2025-06-01,Ramen Pedas,Makanan Instan,10.0,7000,70000.0,636.0
2025-05-29,Keju Slice,Produk Susu,6.0,18000,108000.0,314.0
2025-04-30,Saus Sambal,Sembako,4.0,13000,52000.0,206.0
2023-01-03,Indomie Soto,Makanan Instan,14.0,3500,49000.0,107.0
2024-02-03,Saus Sambal,Sembako,9.0,13000,117000.0,314.0
2023-06-14,Yogurt Botol,Produk Susu,6.0,10000,60000.0,630.0
2025-01-19,Beras Premium,Sembako,12.0,75000,900000.0,330.0
2023-05-29,Jus Kotak,Minuman,9.0,7000,63000.0,317.0
2024-10-19,Beras Medium,Sembako,8.0,65000,520000.0,410.0
2024-04-01,Saus Sambal,Sembako,3.0,13000,39000.0,491.0
2024-11-11,Telur Ayam,Sembako,5.0,30000,150000.0,548.0
2024-06-07,Susu UHT,Produk Susu,7.0,9000,63000.0,132.0
2025-06-04,Sereal Sarapan,Produk Susu,16.0,25000,400000.0,458.0
2025-01-31,Kopi Botol,Minuman,11.0,7000,77000.0,413.0
2025-06-24,Minyak Goreng,Sembako,8.0,28000,224000.0,
2023-11-27,Sereal Sarapan,Produk Susu,9.0,25000,225000.0,278.0
2024-03-31,Keju Slice,Produk Susu,12.0,18000,216000.0,442.0
2023-03-11,Beras Medium,Sembako,9.0,65000,585000.0,199.0
2025-12-23,Keju Slice,Produk Susu,12.0,18000,216000.0,290.0
2023-06-24,Roti Tawar,Snack,2.0,15000,30000.0,256.0
2025-05-16,Tepung Terigu,Sembako,6.0,14000,84000.0,109.0
2025-09-15,Sereal Sarapan,Produk Susu,5.0,25000,125000.0,190.0
2024-05-10,Minuman Isotonik,Minuman,11.0,8500,93500.0,354.0
2023-07-30,Kacang Panggang,Snack,6.0,10000,60000.0,378.0
2023-12-04,Jus Kotak,Minuman,8.0,7000,56000.0,80.0
2025-12-03,Teh Botol,Minuman,8.0,5000,40000.0,214.0
2025-07-27,Teh Celup,Minuman,3.0,8000,24000.0,558.0
2024-04-19,Kecap Manis,Sembako,12.0,15000,180000.0,416.0
2023-10-19,Minuman Isotonik,Minuman,8.0,8500,68000.0,480.0
2025-09-25,Ramen Pedas,Makanan Instan,3.0,7000,21000.0,243.0
2023-05-08,Yogurt Botol,Produk Susu,6.0,10000,60000.0,238.0
2023-03-22,Biskuit Coklat,Snack,12.0,9000,108000.0,181.0
2024-02-02,Beras Medium,Sembako,7.0,65000,455000.0,230.0
2024-04-05,Telur Ayam,Sembako,6.0,30000,180000.0,98.0
2024-08-28,Kopi Sachet,Minuman,6.0,2500,15000.0,513.0
2025-11-24,Minuman Isotonik,Minuman,11.0,8500,93500.0,262.0
2024-09-12,Wafer Coklat,Snack,15.0,8000,120000.0,126.0
2024-10-05,Yogurt Botol,Produk Susu,2.0,10000,20000.0,498.0
2023-09-19,Indomie Soto,Makanan Instan,5.0,3500,17500.0,70.0
2025-09-26,Kecap Manis,Sembako,6.0,15000,90000.0,230.0
2024-10-05,Sereal Sarapan,Produk Susu,2.0,25000,50000.0,205.0
2025-04-30,Beras Premium,Sembako,6.0,75000,450000.0,581.0
2025-03-29,Teh Celup,Minuman,16.0,8000,128000.0,572.0
2025-11-14,Biskuit Coklat,Snack,8.0,9000,72000.0,412.0
2023-08-07,,Produk Susu,11.0,9000,99000.0,
2025-06-24,Kecap Manis,Sembako,4.0,15000,60000.0,183.0
2024-05-19,Kopi Sachet,Minuman,,2500,,
2024-09-07,Susu Kental Manis,Produk Susu,6.0,12000,72000.0,338.0
2024-01-25,Gula Pasir,Sembako,11.0,16000,176000.0,238.0
2024-06-26,Minyak Goreng,Sembako,16.0,28000,448000.0,602.0
2023-06-11,Susu UHT,Produk Susu,9.0,9000,81000.0,741.0
2023-11-20,Gula Pasir,Sembako,5.0,16000,80000.0,115.0
2024-04-11,Coklat Batang,Snack,7.0,11000,77000.0,376.0
2024-09-14,Kecap Manis,Sembako,10.0,15000,150000.0,714.0
2025-04-08,Saus Sambal,Sembako,15.0,13000,195000.0,365.0
2025-07-25,Susu Kental Manis,Produk Susu,3.0,12000,36000.0,394.0
2023-05-18,Ramen Pedas,Makanan Instan,1.0,7000,7000.0,433.0
2025-02-18,Sereal Sarapan,Produk Susu,11.0,25000,275000.0,433.0
2025-03-08,Biskuit Coklat,Snack,4.0,9000,36000.0,171.0
2023-03-13,Saus Sambal,Sembako,9.0,13000,117000.0,323.0
2023-11-23,Sereal Sarapan,Produk Susu,12.0,25000,300000.0,301.0
2023-10-21,Kopi Botol,Minuman,10.0,7000,70000.0,483.0
2025-07-30,Yogurt Botol,Produk Susu,2.0,10000,20000.0,209.0
2024-03-20,,Snack,,15000,240000.0,425.0
2025-06-26,Kopi Botol,Minuman,16.0,7000,112000.0,84.0
2025-07-14,Susu UHT,Produk Susu,3.0,9000,27000.0,413.0
2024-11-13,Mie Ayam Instan,Makanan Instan,5.0,4000,20000.0,91.0
2024-08-20,Teh Celup,Minuman,11.0,8000,88000.0,215.0
2023-05-14,Kacang Panggang,Snack,7.0,10000,70000.0,76.0
2023-02-08,Kecap Manis,Sembako,5.0,15000,75000.0,225.0
2025-03-06,Kopi Sachet,Minuman,13.0,2500,32500.0,388.0
2024-05-16,Coklat Batang,Snack,5.0,11000,55000.0,99.0
2023-06-27,Teh Botol,Minuman,5.0,5000,25000.0,320.0
2025-02-23,Kopi Sachet,Minuman,5.0,2500,12500.0,210.0
2023-04-17,Wafer Coklat,Snack,14.0,8000,112000.0,112.0
2023-12-27,Ramen Pedas,Makanan Instan,8.0,7000,56000.0,120.0
2025-07-12,Tepung Terigu,Sembako,5.0,14000,70000.0,221.0
2025-08-31,,Sembako,11.0,16000,176000.0,
2024-09-05,Wafer Coklat,Snack,7.0,8000,56000.0,262.0
2025-08-09,Minuman Isotonik,Minuman,3.0,8500,25500.0,486.0
2023-03-19,Keripik Kentang,Snack,12.0,12000,144000.0,429.0
2025-01-24,Keju Slice,Produk Susu,12.0,18000,216000.0,269.0
2023-11-20,Kacang Panggang,Snack,2.0,10000,20000.0,319.0
2024-09-15,Susu UHT,Produk Susu,14.0,9000,126000.0,252.0
2024-09-17,Susu UHT,Produk Susu,14.0,9000,126000.0,384.0
2025-06-27,Saus Sambal,Sembako,15.0,13000,195000.0,368.0
2023-01-22,Kopi Botol,Minuman,12.0,7000,84000.0,85.0
2024-04-05,Minyak Goreng,Sembako,14.0,28000,392000.0,438.0
2024-09-03,Coklat Batang,Snack,16.0,11000,176000.0,476.0
2025-07-06,Beras Premium,Sembako,15.0,75000,1125000.0,165.0
2024-11-28,Gula Pasir,Sembako,14.0,16000,224000.0,185.0
2023-12-31,Yogurt Botol,Produk Susu,7.0,10000,70000.0,306.0
2023-03-21,Air Mineral,Minuman,1.0,4000,4000.0,391.0
2025-06-28,Kacang Panggang,Snack,8.0,10000,80000.0,336.0
2023-11-07,Coklat Batang,Snack,4.0,11000,44000.0,428.0
2025-04-12,Kacang Panggang,Snack,18.0,10000,180000.0,164.0
2023-09-05,Mie Ayam Instan,Makanan Instan,5.0,4000,20000.0,320.0
2025-11-05,Beras Medium,Sembako,,65000,130000.0,259.0
2024-10-27,Indomie Goreng,Makanan Instan,10.0,3500,35000.0,512.0
2025-08-11,Telur Ayam,Sembako,10.0,30000,300000.0,71.0
2025-03-15,Teh Botol,Minuman,2.0,5000,10000.0,435.0
2024-01-24,Roti Tawar,Snack,8.0,15000,120000.0,159.0
2023-10-24,Kacang Panggang,Snack,6.0,10000,60000.0,388.0
2025-02-22,Mie Ayam Instan,Makanan Instan,13.0,4000,52000.0,526.0
2023-06-24,Teh Botol,Minuman,2.0,5000,10000.0,251.0
2023-01-19,Minyak Goreng,Sembako,6.0,28000,168000.0,417.0
2024-07-29,Minyak Goreng,Sembako,7.0,28000,196000.0,264.0
2023-02-21,Keju Slice,Produk Susu,12.0,18000,216000.0,214.0
2025-06-07,Kopi Sachet,Minuman,18.0,2500,45000.0,145.0
2025-05-18,Keju Slice,Produk Susu,16.0,18000,288000.0,352.0
2025-09-08,Kecap Manis,Sembako,19.0,15000,285000.0,358.0
2023-11-16,Tepung Terigu,Sembako,11.0,14000,154000.0,64.0
2023-04-04,Teh Celup,Minuman,13.0,8000,104000.0,351.0
2024-09-01,Susu Kental Manis,Produk Susu,8.0,12000,96000.0,343.0
2025-10-25,Teh Celup,Minuman,10.0,8000,80000.0,277.0
2025-03-06,Indomie Soto,Makanan Instan,15.0,3500,52500.0,330.0
2023-05-03,Jus Kotak,Minuman,10.0,7000,70000.0,211.0
2024-11-15,Teh Botol,Minuman,14.0,5000,70000.0,693.0
2023-03-04,Coklat Batang,Snack,2.0,11000,22000.0,394.0
2025-09-29,Tepung Terigu,Sembako,10.0,14000,140000.0,533.0
2024-02-08,Kecap Manis,Sembako,12.0,15000,180000.0,102.0
2024-01-08,,Minuman,8.0,8000,,
2025-06-04,Kopi Sachet,Minuman,18.0,2500,45000.0,496.0
2025-11-18,Beras Medium,Sembako,,65000,390000.0,
2025-07-26,Roti Tawar,Snack,4.0,15000,60000.0,499.0
2025-01-24,,Makanan Instan,10.0,3500,35000.0,
2023-04-02,Biskuit Coklat,Snack,10.0,9000,90000.0,50.0
2025-03-02,Ramen Pedas,Makanan Instan,8.0,7000,56000.0,504.0
2024-10-26,Gula Pasir,Sembako,5.0,16000,80000.0,455.0
2025-12-08,Telur Ayam,Sembako,17.0,30000,510000.0,144.0
2025-05-08,Kopi Botol,Minuman,11.0,7000,77000.0,593.0
2025-09-27,Teh Botol,Minuman,3.0,5000,15000.0,368.0
2023-08-06,Kacang Panggang,Snack,12.0,10000,120000.0,414.0
2023-04-28,Biskuit Coklat,Snack,2.0,9000,18000.0,116.0
2024-12-18,Gula Pasir,Sembako,2.0,16000,32000.0,163.0
2023-05-03,Kacang Panggang,Snack,6.0,10000,60000.0,398.0
2023-01-20,Indomie Soto,Makanan Instan,12.0,3500,42000.0,159.0
2023-03-16,Coklat Batang,Snack,9.0,11000,99000.0,90.0
2023-11-09,Kopi Botol,Minuman,4.0,7000,28000.0,195.0
2024-09-23,Yogurt Botol,Produk Susu,12.0,10000,120000.0,52.0
2024-05-18,Kopi Sachet,Minuman,3.0,2500,7500.0,474.0
2023-10-27,,Produk Susu,,12000,,228.0
2024-05-26,Beras Medium,Sembako,11.0,65000,715000.0,60.0
2024-11-20,Ramen Pedas,Makanan Instan,16.0,7000,112000.0,349.0
2023-10-11,Minyak Goreng,Sembako,10.0,28000,280000.0,464.0
2024-01-31,Tepung Terigu,Sembako,1.0,14000,14000.0,98.0
2024-07-14,Indomie Soto,Makanan Instan,4.0,3500,14000.0,348.0
2025-10-21,Biskuit Coklat,Snack,10.0,9000,90000.0,278.0
2023-02-01,Ramen Pedas,Makanan Instan,10.0,7000,70000.0,145.0
2025-02-24,Roti Tawar,Snack,16.0,15000,240000.0,118.0
2025-02-03,Susu UHT,Produk Susu,12.0,9000,108000.0,688.0
2023-07-15,Biskuit Coklat,Snack,15.0,9000,135000.0,664.0
2023-11-30,Telur Ayam,Sembako,5.0,30000,150000.0,97.0
2025-08-07,Coklat Batang,Snack,5.0,11000,55000.0,158.0
2025-07-17,Ramen Pedas,Makanan Instan,11.0,7000,77000.0,430.0
2024-01-30,Minyak Goreng,Sembako,3.0,28000,84000.0,91.0
2025-08-28,Air Mineral,Minuman,5.0,4000,20000.0,108.0
2025-03-11,Kopi Sachet,Minuman,11.0,2500,27500.0,302.0
2024-07-22,Ramen Pedas,Makanan Instan,14.0,7000,98000.0,315.0
2025-05-28,Susu UHT,Produk Susu,12.0,9000,108000.0,316.0
2024-11-22,Minuman Isotonik,Minuman,11.0,8500,93500.0,71.0
2025-01-06,Indomie Goreng,Makanan Instan,17.0,3500,59500.0,123.0
2025-08-29,Beras Premium,Sembako,10.0,75000,750000.0,571.0
2024-05-11,Kacang Panggang,Snack,13.0,10000,130000.0,181.0
2023-12-16,Wafer Coklat,Snack,6.0,8000,48000.0,69.0
2024-02-07,,Minuman,,7000,49000.0,
2024-02-29,Kopi Botol,Minuman,15.0,7000,105000.0,363.0
2023-11-27,Kopi Botol,Minuman,8.0,7000,56000.0,241.0
2024-12-04,,Sembako,,13000,,
2024-12-14,Sereal Sarapan,Produk Susu,12.0,25000,300000.0,157.0
2024-09-22,Mie Ayam Instan,Makanan Instan,10.0,4000,40000.0,325.0
2023-09-25,Ramen Pedas,Makanan Instan,11.0,7000,77000.0,186.0
2024-04-28,Kopi Sachet,Minuman,15.0,2500,37500.0,524.0
2024-01-04,Kecap Manis,Sembako,10.0,15000,150000.0,157.0
2025-01-14,Teh Celup,Minuman,10.0,8000,80000.0,664.0
2025-12-09,Coklat Batang,Snack,17.0,11000,187000.0,475.0
2023-03-27,Minyak Goreng,Sembako,6.0,28000,168000.0,255.0
2025-07-14,Teh Botol,Minuman,3.0,5000,15000.0,222.0
2023-03-22,Beras Medium,Sembako,7.0,65000,455000.0,196.0
2023-10-28,Ramen Pedas,Makanan Instan,15.0,7000,105000.0,125.0
2024-10-29,Biskuit Coklat,Snack,7.0,9000,63000.0,106.0
2024-01-03,Gula Pasir,Sembako,17.0,16000,272000.0,120.0
2025-01-30,Minyak Goreng,Sembako,12.0,28000,336000.0,110.0
2025-02-17,Teh Botol,Minuman,8.0,5000,40000.0,410.0
2024-09-04,Teh Celup,Minuman,7.0,8000,56000.0,486.0
2025-08-28,Teh Botol,Minuman,9.0,5000,45000.0,426.0
2023-05-09,Telur Ayam,Sembako,11.0,30000,330000.0,359.0
2024-05-14,Telur Ayam,Sembako,6.0,30000,180000.0,602.0
2023-03-23,Indomie Goreng,Makanan Instan,15.0,3500,52500.0,79.0
2023-12-27,Wafer Coklat,Snack,2.0,8000,16000.0,522.0
2024-05-26,Biskuit Coklat,Snack,2.0,9000,18000.0,340.0
2023-06-09,Telur Ayam,Sembako,4.0,30000,120000.0,203.0
2023-04-04,Keripik Kentang,Snack,1.0,12000,12000.0,64.0
2023-04-08,Jus Kotak,Minuman,7.0,7000,49000.0,292.0
2025-10-27,Beras Medium,Sembako,19.0,65000,1235000.0,171.0
2023-12-07,Teh Celup,Minuman,11.0,8000,88000.0,367.0
2023-06-08,Mie Ayam Instan,Makanan Instan,8.0,4000,32000.0,331.0
2025-10-04,Tepung Terigu,Sembako,7.0,14000,98000.0,200.0
2023-06-01,Indomie Soto,Makanan Instan,12.0,3500,42000.0,137.0
2025-10-10,Tepung Terigu,Sembako,5.0,14000,70000.0,396.0
2024-06-25,Minyak Goreng,Sembako,3.0,28000,84000.0,679.0
2023-04-22,Beras Premium,Sembako,4.0,75000,300000.0,438.0
2023-03-27,Jus Kotak,Minuman,9.0,7000,63000.0,446.0
2024-02-05,Kacang Panggang,Snack,6.0,10000,60000.0,238.0
2024-07-30,Yogurt Botol,Produk Susu,1.0,10000,10000.0,177.0
2024-09-23,Susu UHT,Produk Susu,8.0,9000,,149.0
2024-07-08,Roti Tawar,Snack,5.0,15000,75000.0,240.0
2025-07-08,Indomie Goreng,Makanan Instan,9.0,3500,31500.0,425.0
2024-04-15,Kacang Panggang,Snack,14.0,10000,140000.0,519.0
2024-05-16,Coklat Batang,Snack,4.0,11000,44000.0,604.0
2025-05-10,Sereal Sarapan,Produk Susu,10.0,25000,250000.0,564.0
2025-02-20,Keju Slice,Produk Susu,3.0,18000,54000.0,124.0
2024-02-09,Ramen Pedas,Makanan Instan,14.0,7000,98000.0,295.0
2024-05-23,Susu Kental Manis,Produk Susu,6.0,12000,72000.0,75.0
2023-01-09,Air Mineral,Minuman,9.0,4000,36000.0,237.0
2023-03-15,Beras Premium,Sembako,4.0,75000,300000.0,587.0
2025-02-17,Susu UHT,Produk Susu,6.0,9000,54000.0,466.0
2024-08-07,Jus Kotak,Minuman,3.0,7000,21000.0,519.0
2023-01-11,Telur Ayam,Sembako,8.0,30000,240000.0,385.0
2023-12-24,Wafer Coklat,Snack,3.0,8000,24000.0,416.0
2025-05-30,Keju Slice,Produk Susu,10.0,18000,180000.0,648.0
2023-12-29,Keju Slice,Produk Susu,15.0,18000,270000.0,554.0
2023-11-04,Coklat Batang,Snack,6.0,11000,66000.0,375.0
2025-06-19,Indomie Goreng,Makanan Instan,5.0,3500,17500.0,94.0
2024-05-08,Gula Pasir,Sembako,7.0,16000,112000.0,126.0
2025-05-24,Kacang Panggang,Snack,13.0,10000,130000.0,179.0
2025-04-17,Tepung Terigu,Sembako,9.0,14000,126000.0,319.0
2024-08-04,Kopi Botol,Minuman,3.0,7000,21000.0,188.0
2024-09-06,Kacang Panggang,Snack,15.0,10000,150000.0,307.0
2025-08-12,Kopi Botol,Minuman,16.0,7000,112000.0,279.0
2023-11-30,Telur Ayam,Sembako,9.0,30000,270000.0,149.0
2024-02-26,Coklat Batang,Snack,12.0,11000,132000.0,331.0
2024-02-12,Kacang Panggang,Snack,10.0,10000,100000.0,431.0
2025-05-04,Susu UHT,Produk Susu,8.0,9000,72000.0,309.0
2025-08-20,Mie Ayam Instan,Makanan Instan,10.0,4000,40000.0,211.0
2024-05-18,Keripik Kentang,Snack,12.0,12000,144000.0,593.0
2025-03-31,Susu UHT,Produk Susu,13.0,9000,117000.0,191.0
2024-11-18,Telur Ayam,Sembako,9.0,30000,270000.0,102.0
2023-01-07,Gula Pasir,Sembako,7.0,16000,112000.0,349.0
2023-12-16,Kopi Sachet,Minuman,10.0,2500,25000.0,251.0
2024-05-21,Keripik Kentang,Snack,3.0,12000,36000.0,325.0
2024-05-19,Saus Sambal,Sembako,12.0,13000,156000.0,600.0
2025-03-28,Yogurt Botol,Produk Susu,6.0,10000,60000.0,77.0
2024-03-22,Biskuit Coklat,Snack,10.0,9000,90000.0,270.0
2025-03-09,Mie Ayam Instan,Makanan Instan,7.0,4000,28000.0,469.0
2024-02-28,Susu Kental Manis,Produk Susu,10.0,12000,120000.0,375.0
2023-07-22,Kecap Manis,Sembako,14.0,15000,210000.0,492.0
2024-01-12,Susu UHT,Produk Susu,15.0,9000,135000.0,494.0
2023-03-07,Saus Sambal,Sembako,10.0,13000,130000.0,196.0
2024-12-20,Tepung Terigu,Sembako,13.0,14000,,623.0
2025-02-12,Biskuit Coklat,Snack,13.0,9000,117000.0,430.0
2023-06-05,Keripik Kentang,Snack,4.0,12000,48000.0,611.0
2023-11-03,Jus Kotak,Minuman,6.0,7000,42000.0,205.0
2023-08-20,Minyak Goreng,Sembako,1.0,28000,28000.0,197.0
2023-03-17,Susu Kental Manis,Produk Susu,4.0,12000,48000.0,390.0
2025-10-04,Susu UHT,Produk Susu,3.0,9000,27000.0,648.0
2023-04-11,Mie Ayam Instan,Makanan Instan,9.0,4000,36000.0,170.0
2025-02-11,Indomie Soto,Makanan Instan,7.0,3500,24500.0,90.0
2023-05-08,Sereal Sarapan,Produk Susu,7.0,25000,175000.0,145.0
2023-09-14,Susu UHT,Produk Susu,14.0,9000,126000.0,438.0
2023-10-30,Gula Pasir,Sembako,11.0,16000,176000.0,316.0
2025-09-08,Keripik Kentang,Snack,14.0,12000,168000.0,110.0
2024-06-11,Minuman Isotonik,Minuman,3.0,8500,25500.0,199.0
2023-05-22,Teh Botol,Minuman,14.0,5000,70000.0,91.0
2024-07-16,Minuman Isotonik,Minuman,10.0,8500,85000.0,335.0
2025-11-23,Susu UHT,Produk Susu,14.0,9000,126000.0,88.0
2023-08-17,Kopi Sachet,Minuman,5.0,2500,12500.0,635.0
2025-01-06,Indomie Soto,Makanan Instan,5.0,3500,17500.0,360.0
2023-06-27,Beras Medium,Sembako,5.0,65000,325000.0,357.0
2024-08-03,Saus Sambal,Sembako,4.0,13000,52000.0,359.0
2024-06-24,Beras Medium,Sembako,15.0,65000,975000.0,140.0
2024-03-04,Roti Tawar,Snack,1.0,15000,15000.0,475.0
2025-02-20,Kecap Manis,Sembako,5.0,15000,75000.0,145.0
2023-06-24,Tepung Terigu,Sembako,10.0,14000,140000.0,203.0
2024-08-17,Jus Kotak,Minuman,16.0,7000,112000.0,162.0
2025-11-05,,Snack,6.0,9000,54000.0,191.0
2025-02-12,Kecap Manis,Sembako,12.0,15000,180000.0,568.0
2024-03-12,Jus Kotak,Minuman,10.0,7000,70000.0,288.0
2023-04-21,Susu UHT,Produk Susu,2.0,9000,18000.0,64.0
2025-03-14,Jus Kotak,Minuman,8.0,7000,56000.0,77.0
2024-07-31,Wafer Coklat,Snack,2.0,8000,16000.0,593.0
2024-01-02,Susu UHT,Produk Susu,5.0,9000,45000.0,390.0
2024-01-26,Kopi Botol,Minuman,3.0,7000,21000.0,160.0
2024-08-10,Tepung Terigu,Sembako,7.0,14000,98000.0,386.0
2023-05-22,Saus Sambal,Sembako,15.0,13000,195000.0,447.0
2025-08-08,Air Mineral,Minuman,3.0,4000,12000.0,423.0
2025-10-21,Sereal Sarapan,Produk Susu,6.0,25000,150000.0,520.0
2023-08-01,Kecap Manis,Sembako,15.0,15000,225000.0,631.0
2025-06-25,Indomie Goreng,Makanan Instan,4.0,3500,14000.0,561.0
2025-02-12,Susu UHT,Produk Susu,7.0,9000,63000.0,138.0
2024-10-04,Keripik Kentang,Snack,11.0,12000,132000.0,315.0
2024-04-27,Indomie Goreng,Makanan Instan,4.0,3500,14000.0,700.0
2025-03-11,Biskuit Coklat,Snack,9.0,9000,81000.0,193.0
2024-09-10,,Snack,4.0,8000,32000.0,172.0
2024-09-06,Wafer Coklat,Snack,9.0,8000,72000.0,371.0
2025-09-20,Sereal Sarapan,Produk Susu,10.0,25000,250000.0,83.0
2025-08-07,Sereal Sarapan,Produk Susu,7.0,25000,175000.0,530.0
2023-07-30,Indomie Soto,Makanan Instan,9.0,3500,31500.0,315.0
2025-01-19,Beras Premium,Sembako,,75000,900000.0,330.0
2025-02-03,Minyak Goreng,Sembako,4.0,28000,112000.0,61.0
2025-08-25,Kecap Manis,Sembako,14.0,15000,210000.0,478.0
2024-07-22,Beras Premium,Sembako,11.0,75000,825000.0,476.0
2023-06-10,Kacang Panggang,Snack,11.0,10000,110000.0,182.0
2023-05-19,Air Mineral,Minuman,6.0,4000,24000.0,342.0
2024-04-10,Susu Kental Manis,Produk Susu,9.0,12000,108000.0,148.0
2025-08-27,Beras Premium,Sembako,12.0,75000,900000.0,361.0
2024-06-18,Beras Medium,Sembako,9.0,65000,585000.0,71.0
2024-04-02,Teh Celup,Minuman,13.0,8000,104000.0,246.0
2024-09-28,Kopi Botol,Minuman,6.0,7000,42000.0,221.0
2023-07-02,Susu UHT,Produk Susu,12.0,9000,108000.0,372.0
2024-08-05,Biskuit Coklat,Snack,9.0,9000,81000.0,248.0
2023-07-10,Susu Kental Manis,Produk Susu,4.0,12000,48000.0,493.0
2023-01-16,Susu Kental Manis,Produk Susu,10.0,12000,120000.0,502.0
2025-08-31,Gula Pasir,Sembako,11.0,16000,176000.0,327.0
2024-02-16,Minyak Goreng,Sembako,13.0,28000,364000.0,393.0
2023-01-11,Kopi Sachet,Minuman,7.0,2500,17500.0,489.0
2024-08-03,Coklat Batang,Snack,2.0,11000,22000.0,510.0
2023-06-23,Sereal Sarapan,Produk Susu,12.0,25000,300000.0,539.0
2025-09-04,Beras Premium,Sembako,8.0,75000,600000.0,243.0
2024-03-16,Kopi Botol,Minuman,8.0,7000,56000.0,503.0
2025-05-17,Wafer Coklat,Snack,17.0,8000,136000.0,354.0
2023-06-23,Telur Ayam,Sembako,15.0,30000,450000.0,439.0
2024-11-12,Kecap Manis,Sembako,13.0,15000,195000.0,275.0
2025-07-09,Indomie Goreng,Makanan Instan,12.0,3500,42000.0,578.0
2025-11-26,Saus Sambal,Sembako,17.0,13000,221000.0,98.0
2023-05-03,Kecap Manis,Sembako,1.0,15000,15000.0,131.0
2025-12-12,Minyak Goreng,Sembako,5.0,28000,140000.0,94.0
2025-02-25,Coklat Batang,Snack,10.0,11000,110000.0,205.0
2023-06-09,Kacang Panggang,Snack,12.0,10000,120000.0,440.0
2023-02-09,Wafer Coklat,Snack,8.0,8000,64000.0,330.0
2024-01-21,Gula Pasir,Sembako,15.0,16000,240000.0,296.0
2025-12-04,Beras Medium,Sembako,14.0,65000,910000.0,370.0
2024-01-03,Keju Slice,Produk Susu,2.0,18000,36000.0,408.0
2023-08-08,Teh Botol,Minuman,6.0,5000,30000.0,220.0
2023-03-31,Minuman Isotonik,Minuman,15.0,8500,127500.0,266.0
2024-01-05,Telur Ayam,Sembako,5.0,30000,150000.0,176.0
2025-10-24,Susu Kental Manis,Produk Susu,17.0,12000,204000.0,329.0
2023-10-05,Kecap Manis,Sembako,3.0,15000,45000.0,380.0
2025-06-17,Air Mineral,Minuman,9.0,4000,36000.0,306.0
2023-06-11,Yogurt Botol,Produk Susu,15.0,10000,150000.0,436.0
2024-07-27,Sereal Sarapan,Produk Susu,16.0,25000,400000.0,379.0
2023-08-27,Air Mineral,Minuman,8.0,4000,32000.0,415.0
2024-10-24,Keju Slice,Produk Susu,1.0,18000,18000.0,290.0
2023-08-23,Minyak Goreng,Sembako,3.0,28000,84000.0,579.0
2025-05-29,Keripik Kentang,Snack,9.0,12000,108000.0,352.0
2024-11-27,Beras Premium,Sembako,10.0,75000,750000.0,209.0
2023-03-26,Minyak Goreng,Sembako,10.0,28000,280000.0,231.0
2025-09-02,Kecap Manis,Sembako,8.0,15000,120000.0,533.0
2024-07-10,Susu Kental Manis,Produk Susu,15.0,12000,180000.0,284.0
2024-11-09,Ramen Pedas,Makanan Instan,4.0,7000,28000.0,396.0
2023-12-30,Beras Medium,Sembako,7.0,65000,455000.0,466.0
2023-12-16,Kacang Panggang,Snack,1.0,10000,10000.0,229.0
2024-08-31,Mie Ayam Instan,Makanan Instan,12.0,4000,48000.0,286.0
2023-12-17,Mie Ayam Instan,Makanan Instan,1.0,4000,4000.0,639.0
2025-07-23,Indomie Soto,Makanan Instan,4.0,3500,14000.0,110.0
2023-05-03,Coklat Batang,Snack,14.0,11000,154000.0,612.0
2025-05-31,Coklat Batang,Snack,5.0,11000,55000.0,381.0
2023-09-19,Teh Botol,Minuman,11.0,5000,55000.0,240.0
2023-08-16,,Snack,10.0,15000,150000.0,210.0
2023-01-01,Teh Botol,Minuman,5.0,5000,25000.0,373.0
2025-06-10,Jus Kotak,Minuman,12.0,7000,84000.0,341.0
2024-03-05,Coklat Batang,Snack,8.0,11000,88000.0,580.0
2024-12-25,Minyak Goreng,Sembako,11.0,28000,308000.0,621.0
2025-11-23,Wafer Coklat,Snack,16.0,8000,128000.0,236.0
2023-03-01,Air Mineral,Minuman,7.0,4000,28000.0,557.0
2025-07-08,Ramen Pedas,Makanan Instan,5.0,7000,35000.0,391.0
2025-07-18,Teh Botol,Minuman,6.0,5000,30000.0,145.0
2023-11-07,Coklat Batang,Snack,2.0,11000,22000.0,170.0
2023-11-05,Kopi Botol,Minuman,3.0,7000,21000.0,160.0
2025-06-03,Teh Botol,Minuman,12.0,5000,60000.0,604.0
2023-01-17,Teh Celup,Minuman,3.0,8000,24000.0,661.0
2023-11-25,Teh Celup,Minuman,14.0,8000,112000.0,623.0
2023-06-10,Beras Premium,Sembako,7.0,75000,525000.0,487.0
2025-08-05,Air Mineral,Minuman,7.0,4000,28000.0,501.0
2024-03-27,Mie Ayam Instan,Makanan Instan,15.0,4000,60000.0,112.0
2025-11-05,Teh Celup,Minuman,8.0,8000,64000.0,51.0
2023-09-19,Susu Kental Manis,Produk Susu,1.0,12000,12000.0,542.0
2024-10-01,Kacang Panggang,Snack,16.0,10000,160000.0,485.0
2023-02-06,Keju Slice,Produk Susu,13.0,18000,234000.0,318.0
2023-02-03,Minuman Isotonik,Minuman,2.0,8500,17000.0,320.0
2025-02-11,Kopi Sachet,Minuman,19.0,2500,47500.0,358.0
2024-10-16,Kopi Sachet,Minuman,7.0,2500,17500.0,325.0
2024-06-30,Indomie Goreng,Makanan Instan,12.0,3500,42000.0,154.0
2025-03-28,Mie Ayam Instan,Makanan Instan,12.0,4000,48000.0,157.0
2025-09-29,Beras Medium,Sembako,7.0,65000,455000.0,192.0
2024-07-15,Sereal Sarapan,Produk Susu,3.0,25000,75000.0,496.0
2025-02-09,Teh Celup,Minuman,17.0,8000,136000.0,443.0
2024-09-06,Beras Premium,Sembako,1.0,75000,75000.0,219.0
2025-01-04,Minyak Goreng,Sembako,7.0,28000,196000.0,363.0
2023-07-29,Kopi Botol,Minuman,3.0,7000,21000.0,417.0
2024-11-08,Susu Kental Manis,Produk Susu,10.0,12000,120000.0,518.0
2025-06-06,Ramen Pedas,Makanan Instan,10.0,7000,70000.0,596.0
2025-09-25,Minuman Isotonik,Minuman,17.0,8500,144500.0,103.0
2023-01-14,Sereal Sarapan,Produk Susu,4.0,25000,100000.0,502.0
2023-06-25,Telur Ayam,Sembako,7.0,30000,210000.0,241.0
2023-02-21,Minuman Isotonik,Minuman,13.0,8500,110500.0,467.0
2024-10-27,Biskuit Coklat,Snack,9.0,9000,81000.0,197.0
2023-12-25,Sereal Sarapan,Produk Susu,8.0,25000,200000.0,141.0
2024-01-10,Beras Premium,Sembako,5.0,75000,375000.0,367.0
2024-05-17,Jus Kotak,Minuman,13.0,7000,91000.0,262.0
2024-01-28,Gula Pasir,Sembako,6.0,16000,96000.0,349.0
2025-12-14,Roti Tawar,Snack,6.0,15000,90000.0,407.0
2025-07-16,Kopi Sachet,Minuman,7.0,2500,17500.0,295.0
2024-11-13,Indomie Soto,Makanan Instan,5.0,3500,17500.0,380.0
2025-12-17,Gula Pasir,Sembako,12.0,16000,192000.0,68.0
2025-04-21,Ramen Pedas,Makanan Instan,11.0,7000,77000.0,261.0
2025-03-21,Indomie Soto,Makanan Instan,18.0,3500,63000.0,114.0
2024-12-20,Ramen Pedas,Makanan Instan,16.0,7000,112000.0,222.0
2024-11-22,Indomie Goreng,Makanan Instan,15.0,3500,52500.0,306.0
2025-01-20,Beras Medium,Sembako,10.0,65000,650000.0,514.0
2023-02-23,Tepung Terigu,Sembako,8.0,14000,112000.0,120.0
2024-04-16,Jus Kotak,Minuman,10.0,7000,70000.0,298.0
2023-04-11,Tepung Terigu,Sembako,7.0,14000,98000.0,166.0
2023-07-12,Air Mineral,Minuman,8.0,4000,32000.0,174.0
2023-02-05,Indomie Soto,Makanan Instan,10.0,3500,35000.0,205.0
2024-08-28,Sereal Sarapan,Produk Susu,8.0,25000,200000.0,91.0
2023-04-28,Roti Tawar,Snack,13.0,15000,195000.0,436.0
2024-12-20,Ramen Pedas,Makanan Instan,9.0,7000,63000.0,136.0
2023-03-12,Biskuit Coklat,Snack,12.0,9000,108000.0,249.0
2024-01-18,Ramen Pedas,Makanan Instan,7.0,7000,49000.0,453.0
2023-09-25,Kacang Panggang,Snack,8.0,10000,80000.0,50.0
2025-05-06,Susu UHT,Produk Susu,6.0,9000,54000.0,549.0
2025-04-21,Minuman Isotonik,Minuman,17.0,8500,144500.0,410.0
2025-07-23,,Snack,4.0,15000,,659.0
2025-05-10,Indomie Goreng,Makanan Instan,18.0,3500,63000.0,584.0
2025-10-16,Kopi Botol,Minuman,6.0,7000,42000.0,122.0
2023-08-21,Coklat Batang,Snack,8.0,11000,88000.0,512.0
2024-05-19,Keripik Kentang,Snack,12.0,12000,144000.0,565.0
2023-07-16,Indomie Soto,Makanan Instan,6.0,3500,21000.0,359.0
2024-09-12,Kopi Sachet,Minuman,7.0,2500,17500.0,64.0
2024-12-06,Indomie Soto,Makanan Instan,13.0,3500,45500.0,195.0
2025-08-30,Kopi Botol,Minuman,,7000,56000.0,
2023-01-21,Teh Botol,Minuman,9.0,5000,45000.0,263.0
2025-06-16,Teh Celup,Minuman,18.0,8000,144000.0,546.0
2025-10-10,Indomie Goreng,Makanan Instan,,3500,,
2024-12-25,Jus Kotak,Minuman,15.0,7000,105000.0,91.0
2024-01-01,Mie Ayam Instan,Makanan Instan,9.0,4000,36000.0,503.0
2023-07-30,Telur Ayam,Sembako,9.0,30000,270000.0,165.0
2024-09-08,Tepung Terigu,Sembako,6.0,14000,84000.0,472.0
2024-01-04,Kacang Panggang,Snack,8.0,10000,80000.0,404.0
2023-11-19,Mie Ayam Instan,Makanan Instan,13.0,4000,52000.0,712.0
2024-09-30,Susu Kental Manis,Produk Susu,14.0,12000,168000.0,622.0
2024-01-08,Beras Premium,Sembako,,75000,,
2024-12-05,Saus Sambal,Sembako,5.0,13000,65000.0,218.0
2025-12-28,Kecap Manis,Sembako,11.0,15000,165000.0,390.0
2025-11-12,Teh Botol,Minuman,6.0,5000,30000.0,660.0
2023-11-10,Roti Tawar,Snack,7.0,15000,105000.0,475.0
2024-11-10,Wafer Coklat,Snack,5.0,8000,40000.0,231.0
2023-08-21,Kopi Sachet,Minuman,6.0,2500,15000.0,80.0
2025-02-12,Keju Slice,Produk Susu,15.0,18000,270000.0,416.0
2023-07-25,Indomie Soto,Makanan Instan,7.0,3500,24500.0,223.0
2024-06-22,Gula Pasir,Sembako,3.0,16000,48000.0,479.0
2023-03-20,Beras Premium,Sembako,5.0,75000,375000.0,301.0
2025-11-07,Tepung Terigu,Sembako,6.0,14000,84000.0,200.0
2023-03-08,Kopi Botol,Minuman,11.0,7000,77000.0,385.0
2024-03-18,Minyak Goreng,Sembako,14.0,28000,392000.0,284.0
2025-04-16,Kacang Panggang,Snack,10.0,10000,100000.0,368.0
2023-03-09,Biskuit Coklat,Snack,3.0,9000,27000.0,661.0
2023-01-28,Ramen Pedas,Makanan Instan,13.0,7000,91000.0,165.0
2025-04-10,Minyak Goreng,Sembako,10.0,28000,280000.0,632.0
2025-08-07,Teh Botol,Minuman,14.0,5000,70000.0,733.0
2024-11-01,Teh Botol,Minuman,17.0,5000,85000.0,176.0
2023-04-08,Ramen Pedas,Makanan Instan,4.0,7000,28000.0,500.0
2023-08-30,Wafer Coklat,Snack,12.0,8000,96000.0,382.0
2025-11-25,Roti Tawar,Snack,3.0,15000,45000.0,522.0
2024-04-17,Keripik Kentang,Snack,10.0,12000,120000.0,305.0
2025-09-18,Wafer Coklat,Snack,12.0,8000,96000.0,404.0
2023-05-18,Teh Botol,Minuman,2.0,5000,10000.0,302.0
2023-12-22,Coklat Batang,Snack,7.0,11000,77000.0,362.0
2023-07-18,Yogurt Botol,Produk Susu,13.0,10000,130000.0,636.0
2023-02-20,Susu Kental Manis,Produk Susu,3.0,12000,36000.0,539.0
2023-01-13,Teh Celup,Minuman,3.0,8000,24000.0,578.0
2023-08-05,Kopi Botol,Minuman,4.0,7000,28000.0,461.0
2023-04-29,Biskuit Coklat,Snack,11.0,9000,99000.0,351.0
2023-10-15,Minuman Isotonik,Minuman,8.0,8500,68000.0,200.0
2025-02-21,Sereal Sarapan,Produk Susu,13.0,25000,325000.0,671.0
2025-10-08,Indomie Soto,Makanan Instan,9.0,3500,31500.0,255.0
2025-02-19,Jus Kotak,Minuman,4.0,7000,28000.0,275.0
2025-12-11,Teh Celup,Minuman,8.0,8000,64000.0,123.0
2025-03-19,Susu Kental Manis,Produk Susu,6.0,12000,72000.0,650.0
2025-06-15,Saus Sambal,Sembako,14.0,13000,182000.0,548.0
2025-03-08,Keripik Kentang,Snack,11.0,12000,132000.0,80.0
2024-11-17,Roti Tawar,Snack,13.0,15000,195000.0,379.0
2024-01-27,Susu Kental Manis,Produk Susu,4.0,12000,48000.0,344.0
2025-02-14,Beras Premium,Sembako,11.0,75000,825000.0,358.0
2023-09-14,Mie Ayam Instan,Makanan Instan,3.0,4000,12000.0,231.0
2024-04-12,Air Mineral,Minuman,8.0,4000,32000.0,360.0
2024-06-15,Kopi Botol,Minuman,5.0,7000,35000.0,457.0
2024-08-28,Roti Tawar,Snack,9.0,15000,135000.0,509.0
2023-08-23,Telur Ayam,Sembako,6.0,30000,180000.0,433.0
2025-01-12,Coklat Batang,Snack,8.0,11000,88000.0,416.0
2024-05-12,Mie Ayam Instan,Makanan Instan,4.0,4000,16000.0,258.0
2024-05-08,Ramen Pedas,Makanan Instan,10.0,7000,70000.0,441.0
2023-06-01,Wafer Coklat,Snack,8.0,8000,64000.0,269.0
2024-11-21,Keripik Kentang,Snack,10.0,12000,120000.0,577.0
2024-06-13,Minuman Isotonik,Minuman,10.0,8500,85000.0,50.0
2024-12-13,Jus Kotak,Minuman,8.0,7000,56000.0,267.0
2023-11-08,Beras Medium,Sembako,3.0,65000,195000.0,288.0
2024-01-11,Yogurt Botol,Produk Susu,8.0,10000,80000.0,333.0
2025-09-22,Coklat Batang,Snack,15.0,11000,165000.0,575.0
2025-09-11,Roti Tawar,Snack,8.0,15000,120000.0,119.0
2024-08-11,Wafer Coklat,Snack,6.0,8000,48000.0,285.0
2023-03-26,Biskuit Coklat,Snack,8.0,9000,72000.0,153.0
2024-05-21,Kopi Sachet,Minuman,12.0,2500,30000.0,86.0
2023-03-10,Tepung Terigu,Sembako,11.0,14000,154000.0,329.0
2024-07-05,Kopi Sachet,Minuman,6.0,2500,15000.0,129.0
2023-10-17,Mie Ayam Instan,Makanan Instan,15.0,4000,60000.0,150.0
2023-07-10,Minyak Goreng,Sembako,2.0,28000,56000.0,294.0
2025-12-20,Beras Premium,Sembako,10.0,75000,750000.0,291.0
2024-09-20,Mie Ayam Instan,Makanan Instan,17.0,4000,68000.0,605.0
2024-01-08,Beras Premium,Sembako,14.0,75000,1050000.0,164.0
2024-10-29,Kopi Sachet,Minuman,12.0,2500,30000.0,165.0
2023-09-13,Telur Ayam,Sembako,9.0,30000,270000.0,371.0
2023-04-29,Biskuit Coklat,Snack,9.0,9000,81000.0,84.0
2025-11-13,Air Mineral,Minuman,7.0,4000,28000.0,513.0
2025-11-18,Beras Medium,Sembako,6.0,65000,390000.0,416.0
2023-07-05,Ramen Pedas,Makanan Instan,11.0,7000,77000.0,181.0
2023-01-11,Susu UHT,Produk Susu,13.0,9000,117000.0,204.0
2023-01-11,Tepung Terigu,Sembako,7.0,14000,98000.0,291.0
2023-09-11,Wafer Coklat,Snack,11.0,8000,88000.0,124.0
2024-03-18,Indomie Goreng,Makanan Instan,9.0,3500,31500.0,169.0
2025-08-07,Susu UHT,Produk Susu,9.0,9000,81000.0,129.0
2025-03-04,Susu UHT,Produk Susu,17.0,9000,153000.0,516.0
2024-10-28,Ramen Pedas,Makanan Instan,4.0,7000,28000.0,303.0
2025-01-24,Air Mineral,Minuman,6.0,4000,24000.0,50.0
2023-05-01,Coklat Batang,Snack,14.0,11000,154000.0,50.0
2025-01-09,Minyak Goreng,Sembako,9.0,28000,252000.0,198.0
2023-11-14,Teh Celup,Minuman,5.0,8000,40000.0,403.0
2024-02-28,Keju Slice,Produk Susu,14.0,18000,252000.0,362.0
2024-07-14,Telur Ayam,Sembako,9.0,30000,270000.0,569.0
2025-03-19,Indomie Goreng,Makanan Instan,3.0,3500,10500.0,592.0
2024-03-24,Air Mineral,Minuman,8.0,4000,32000.0,519.0
2023-05-30,Kopi Sachet,Minuman,4.0,2500,10000.0,311.0
2025-12-16,Minyak Goreng,Sembako,12.0,28000,336000.0,247.0
2024-07-08,Yogurt Botol,Produk Susu,6.0,10000,60000.0,275.0
2023-03-01,Coklat Batang,Snack,14.0,11000,154000.0,300.0
2024-01-21,Mie Ayam Instan,Makanan Instan,15.0,4000,60000.0,94.0
2024-09-15,Keju Slice,Produk Susu,16.0,18000,288000.0,81.0
2023-10-30,Kopi Sachet,Minuman,13.0,2500,32500.0,541.0
2024-10-03,Susu Kental Manis,Produk Susu,5.0,12000,60000.0,408.0
2025-10-31,Susu Kental Manis,Produk Susu,7.0,12000,84000.0,185.0
2023-06-28,Susu UHT,Produk Susu,15.0,9000,135000.0,406.0
2023-06-17,Indomie Soto,Makanan Instan,7.0,3500,24500.0,346.0
2023-12-25,Teh Botol,Minuman,7.0,5000,35000.0,361.0
2023-12-19,Wafer Coklat,Snack,11.0,8000,88000.0,277.0
2023-11-07,Sereal Sarapan,Produk Susu,10.0,25000,250000.0,408.0
2023-03-26,Biskuit Coklat,Snack,8.0,9000,72000.0,202.0
2024-07-27,Keju Slice,Produk Susu,14.0,18000,252000.0,166.0
2023-08-07,Susu UHT,Produk Susu,11.0,9000,99000.0,398.0
2024-06-02,Roti Tawar,Snack,7.0,15000,105000.0,122.0
2024-01-23,Telur Ayam,Sembako,2.0,30000,60000.0,513.0
2024-11-09,Keju Slice,Produk Susu,14.0,18000,252000.0,357.0
2023-08-11,Air Mineral,Minuman,3.0,4000,12000.0,223.0
2024-07-12,Keripik Kentang,Snack,7.0,12000,84000.0,232.0
2024-07-15,Coklat Batang,Snack,6.0,11000,66000.0,590.0
2025-11-04,Keripik Kentang,Snack,11.0,12000,132000.0,224.0
2025-05-22,Susu Kental Manis,Produk Susu,3.0,12000,36000.0,359.0
2024-11-10,Yogurt Botol,Produk Susu,1.0,10000,10000.0,509.0
2025-02-24,Beras Premium,Sembako,6.0,75000,450000.0,342.0
2024-03-13,Yogurt Botol,Produk Susu,10.0,10000,100000.0,300.0
2025-12-29,Roti Tawar,Snack,6.0,15000,90000.0,445.0
2023-02-17,Kopi Botol,Minuman,6.0,7000,42000.0,105.0
2025-06-04,Teh Botol,Minuman,8.0,5000,40000.0,639.0
2023-02-10,Air Mineral,Minuman,1.0,4000,4000.0,489.0
2023-07-25,Beras Medium,Sembako,11.0,65000,715000.0,354.0
2025-09-14,Jus Kotak,Minuman,5.0,7000,35000.0,220.0
2024-04-24,Kecap Manis,Sembako,15.0,15000,225000.0,331.0
2025-01-24,,Produk Susu,,18000,216000.0,269.0
2023-11-09,Yogurt Botol,Produk Susu,3.0,10000,30000.0,611.0
2023-11-25,Telur Ayam,Sembako,1.0,30000,30000.0,329.0
2025-07-04,Biskuit Coklat,Snack,6.0,9000,54000.0,133.0
2024-04-08,Beras Medium,Sembako,16.0,65000,1040000.0,338.0
2023-11-15,,Makanan Instan,2.0,7000,14000.0,419.0
2025-08-24,Ramen Pedas,Makanan Instan,4.0,7000,28000.0,272.0
2023-03-08,Indomie Goreng,Makanan Instan,11.0,3500,38500.0,490.0
2025-11-05,Teh Celup,Minuman,5.0,8000,40000.0,556.0
2025-12-09,Jus Kotak,Minuman,10.0,7000,70000.0,114.0
2025-12-13,Kacang Panggang,Snack,11.0,10000,110000.0,261.0
2025-07-09,Tepung Terigu,Sembako,17.0,14000,238000.0,77.0
2025-09-23,Kacang Panggang,Snack,8.0,10000,80000.0,307.0
2023-01-11,Ramen Pedas,Makanan Instan,6.0,7000,42000.0,246.0
2024-05-30,Keju Slice,Produk Susu,9.0,18000,162000.0,233.0
2025-09-27,Keju Slice,Produk Susu,4.0,18000,72000.0,314.0
2024-06-13,Indomie Goreng,Makanan Instan,5.0,3500,17500.0,556.0
2023-11-13,Biskuit Coklat,Snack,15.0,9000,135000.0,207.0
2024-03-27,,Sembako,13.0,14000,182000.0,306.0
2024-07-20,Mie Ayam Instan,Makanan Instan,17.0,4000,68000.0,204.0
2024-04-23,Yogurt Botol,Produk Susu,7.0,10000,70000.0,516.0
2024-04-22,Susu Kental Manis,Produk Susu,4.0,12000,,
2025-06-15,Ramen Pedas,Makanan Instan,5.0,7000,35000.0,407.0
2023-05-18,Kopi Sachet,Minuman,5.0,2500,12500.0,364.0
2023-04-15,Susu UHT,Produk Susu,10.0,9000,90000.0,539.0
2025-02-08,Biskuit Coklat,Snack,3.0,9000,27000.0,73.0
2024-05-11,Keju Slice,Produk Susu,7.0,18000,126000.0,262.0
2023-07-27,Coklat Batang,Snack,7.0,11000,77000.0,66.0
2023-07-15,Mie Ayam Instan,Makanan Instan,9.0,4000,36000.0,152.0
2025-02-05,Susu UHT,Produk Susu,4.0,9000,36000.0,180.0
2024-01-20,Susu UHT,Produk Susu,2.0,9000,18000.0,404.0
2025-11-23,Teh Botol,Minuman,13.0,5000,65000.0,189.0
2024-12-12,Indomie Goreng,Makanan Instan,13.0,3500,45500.0,288.0
2023-05-04,Jus Kotak,Minuman,15.0,7000,105000.0,99.0
2023-03-06,Kacang Panggang,Snack,2.0,10000,20000.0,368.0
2023-05-30,Air Mineral,Minuman,13.0,4000,52000.0,53.0
2024-01-30,Wafer Coklat,Snack,13.0,8000,104000.0,637.0
2025-08-02,Sereal Sarapan,Produk Susu,12.0,25000,300000.0,370.0
2025-04-01,Air Mineral,Minuman,6.0,4000,24000.0,476.0
2025-01-04,Indomie Soto,Makanan Instan,10.0,3500,35000.0,155.0
2025-05-19,Teh Botol,Minuman,16.0,5000,80000.0,77.0
2024-10-11,Tepung Terigu,Sembako,14.0,14000,196000.0,127.0
2024-06-08,Saus Sambal,Sembako,,13000,,269.0
2024-12-28,Kopi Sachet,Minuman,13.0,2500,32500.0,556.0
2025-05-25,Sereal Sarapan,Produk Susu,15.0,25000,375000.0,183.0
2024-11-12,Air Mineral,Minuman,11.0,4000,44000.0,250.0
2024-09-02,Keripik Kentang,Snack,14.0,12000,168000.0,111.0
2024-11-25,Wafer Coklat,Snack,10.0,8000,80000.0,424.0
2023-08-03,Teh Botol,Minuman,9.0,5000,45000.0,369.0
2024-07-23,Kopi Sachet,Minuman,3.0,2500,7500.0,269.0
2025-03-28,Biskuit Coklat,Snack,15.0,9000,135000.0,467.0
2024-12-09,Coklat Batang,Snack,1.0,11000,11000.0,257.0
2024-03-30,Wafer Coklat,Snack,5.0,8000,40000.0,490.0
2025-08-26,Kecap Manis,Sembako,8.0,15000,120000.0,651.0
2023-03-11,Teh Botol,Minuman,5.0,5000,25000.0,172.0
2024-07-25,Indomie Soto,Makanan Instan,16.0,3500,56000.0,165.0
2025-10-20,Beras Medium,Sembako,5.0,65000,325000.0,296.0
2023-01-14,,Makanan Instan,,3500,,456.0
2023-12-16,,Snack,,8000,48000.0,69.0
2024-11-18,Teh Celup,Minuman,1.0,8000,8000.0,251.0
2023-08-25,Saus Sambal,Sembako,4.0,13000,52000.0,389.0
2025-04-08,Kopi Botol,Minuman,14.0,7000,98000.0,263.0
2024-10-20,Coklat Batang,Snack,6.0,11000,66000.0,335.0
2023-11-19,Beras Medium,Sembako,6.0,65000,390000.0,377.0
2023-11-20,Indomie Goreng,Makanan Instan,7.0,3500,24500.0,488.0
2023-02-05,Susu UHT,Produk Susu,8.0,9000,72000.0,204.0
2023-02-17,Beras Premium,Sembako,11.0,75000,825000.0,99.0
2024-08-20,Saus Sambal,Sembako,11.0,13000,143000.0,284.0
2025-05-21,Beras Premium,Sembako,18.0,75000,1350000.0,398.0
2025-03-26,Roti Tawar,Snack,14.0,15000,210000.0,161.0
2024-01-08,Air Mineral,Minuman,9.0,4000,36000.0,297.0
2025-05-16,Sereal Sarapan,Produk Susu,8.0,25000,200000.0,218.0
2024-09-19,Gula Pasir,Sembako,13.0,16000,208000.0,283.0
2025-10-18,Indomie Goreng,Makanan Instan,17.0,3500,59500.0,152.0
2023-04-09,Kopi Sachet,Minuman,9.0,2500,22500.0,192.0
2023-01-09,Saus Sambal,Sembako,12.0,13000,156000.0,483.0
2024-08-26,Keju Slice,Produk Susu,5.0,18000,90000.0,76.0
2025-06-04,Beras Medium,Sembako,8.0,65000,520000.0,199.0
2024-06-18,Saus Sambal,Sembako,5.0,13000,65000.0,582.0
2024-12-02,Teh Botol,Minuman,3.0,5000,15000.0,366.0
2023-05-16,Susu UHT,Produk Susu,6.0,9000,54000.0,450.0
2023-01-02,Teh Celup,Minuman,1.0,8000,8000.0,147.0
2023-10-16,Air Mineral,Minuman,6.0,4000,24000.0,306.0
2025-06-09,Keripik Kentang,Snack,6.0,12000,72000.0,201.0
2025-01-23,Kecap Manis,Sembako,15.0,15000,225000.0,191.0
2023-09-05,Susu Kental Manis,Produk Susu,9.0,12000,108000.0,181.0
2025-06-17,Mie Ayam Instan,Makanan Instan,11.0,4000,44000.0,248.0
2025-04-16,Indomie Goreng,Makanan Instan,12.0,3500,42000.0,572.0
2023-09-07,Teh Celup,Minuman,9.0,8000,72000.0,582.0
2025-02-23,Biskuit Coklat,Snack,,9000,72000.0,222.0
2023-08-03,,Minuman,9.0,5000,45000.0,369.0
2024-11-21,Coklat Batang,Snack,10.0,11000,110000.0,404.0
2024-12-14,Beras Premium,Sembako,3.0,75000,225000.0,291.0
2025-10-03,Beras Medium,Sembako,9.0,65000,585000.0,111.0
2024-11-11,Beras Medium,Sembako,16.0,65000,1040000.0,155.0
2023-08-24,Tepung Terigu,Sembako,14.0,14000,196000.0,253.0
2024-10-02,Susu UHT,Produk Susu,11.0,9000,99000.0,63.0
2024-02-17,Kecap Manis,Sembako,13.0,15000,195000.0,170.0
2025-02-05,Telur Ayam,Sembako,8.0,30000,240000.0,377.0
2024-07-26,Minuman Isotonik,Minuman,12.0,8500,102000.0,101.0
2023-01-22,Telur Ayam,Sembako,13.0,30000,390000.0,481.0
2025-08-01,Wafer Coklat,Snack,14.0,8000,112000.0,89.0
2023-01-26,Air Mineral,Minuman,6.0,4000,24000.0,448.0
2023-06-06,Indomie Soto,Makanan Instan,6.0,3500,21000.0,534.0
2024-05-27,Sereal Sarapan,Produk Susu,5.0,25000,125000.0,273.0
2023-10-05,Gula Pasir,Sembako,7.0,16000,112000.0,220.0
2023-05-21,Coklat Batang,Snack,15.0,11000,165000.0,495.0
2023-01-27,Indomie Goreng,Makanan Instan,11.0,3500,38500.0,271.0
2023-11-10,Saus Sambal,Sembako,12.0,13000,156000.0,604.0
2025-11-12,Sereal Sarapan,Produk Susu,9.0,25000,225000.0,310.0
2025-11-20,Teh Celup,Minuman,10.0,8000,80000.0,419.0
2025-05-10,Keju Slice,Produk Susu,8.0,18000,144000.0,291.0
2024-03-16,Jus Kotak,Minuman,11.0,7000,77000.0,51.0
2023-03-02,Saus Sambal,Sembako,6.0,13000,78000.0,393.0
2023-03-26,Biskuit Coklat,Snack,8.0,9000,72000.0,153.0
2025-03-25,Kopi Sachet,Minuman,13.0,2500,32500.0,583.0
2024-09-12,Beras Premium,Sembako,5.0,75000,375000.0,207.0
2025-03-12,Kopi Sachet,Minuman,11.0,2500,27500.0,71.0
2023-07-26,Kacang Panggang,Snack,1.0,10000,10000.0,153.0
2023-01-15,Indomie Goreng,Makanan Instan,10.0,3500,35000.0,228.0
2023-11-01,Yogurt Botol,Produk Susu,1.0,10000,10000.0,546.0
2023-04-07,Minyak Goreng,Sembako,1.0,28000,28000.0,207.0
2023-01-03,Coklat Batang,Snack,1.0,11000,11000.0,144.0
2025-04-01,Sereal Sarapan,Produk Susu,13.0,25000,325000.0,582.0
2025-09-17,Keju Slice,Produk Susu,2.0,18000,36000.0,672.0
2024-11-18,,Snack,,15000,,197.0
2025-11-02,Sereal Sarapan,Produk Susu,9.0,25000,225000.0,506.0
2023-08-01,Beras Premium,Sembako,11.0,75000,825000.0,150.0
2024-12-23,Kecap Manis,Sembako,15.0,15000,225000.0,401.0
2023-11-25,Sereal Sarapan,Produk Susu,4.0,25000,100000.0,375.0
2023-11-21,Wafer Coklat,Snack,6.0,8000,48000.0,78.0
2024-09-24,Air Mineral,Minuman,11.0,4000,44000.0,361.0
2025-10-04,Roti Tawar,Snack,17.0,15000,255000.0,396.0
2023-09-26,Saus Sambal,Sembako,10.0,13000,130000.0,514.0
2024-08-19,Teh Botol,Minuman,12.0,5000,60000.0,672.0
2025-09-06,Biskuit Coklat,Snack,13.0,9000,117000.0,130.0
2023-05-21,Keripik Kentang,Snack,4.0,12000,48000.0,267.0
2024-11-09,Teh Celup,Minuman,7.0,8000,56000.0,79.0
2024-02-18,Susu Kental Manis,Produk Susu,16.0,12000,192000.0,121.0
2023-12-26,Susu Kental Manis,Produk Susu,4.0,12000,48000.0,489.0
2023-10-13,Keju Slice,Produk Susu,11.0,18000,198000.0,541.0
2024-04-03,Yogurt Botol,Produk Susu,10.0,10000,100000.0,244.0
2024-11-23,Indomie Soto,Makanan Instan,8.0,3500,28000.0,182.0
2025-01-29,Yogurt Botol,Produk Susu,4.0,10000,40000.0,658.0
2023-01-04,Susu Kental Manis,Produk Susu,10.0,12000,120000.0,384.0
2025-04-24,Kecap Manis,Sembako,14.0,15000,210000.0,215.0
2024-12-31,Jus Kotak,Minuman,6.0,7000,42000.0,445.0
2024-09-23,Kopi Botol,Minuman,13.0,7000,91000.0,350.0
2025-03-15,Kecap Manis,Sembako,8.0,15000,120000.0,222.0
2023-10-28,Kecap Manis,Sembako,3.0,15000,45000.0,377.0
2025-03-26,Telur Ayam,Sembako,15.0,30000,450000.0,461.0
2025-08-29,,Snack,9.0,15000,135000.0,129.0
2025-11-30,Ramen Pedas,Makanan Instan,7.0,7000,49000.0,620.0
2023-04-29,Kecap Manis,Sembako,4.0,15000,60000.0,522.0
2025-10-16,Indomie Goreng,Makanan Instan,4.0,3500,14000.0,70.0
2024-08-10,Minuman Isotonik,Minuman,6.0,8500,51000.0,57.0
2024-01-04,Air Mineral,Minuman,17.0,4000,68000.0,81.0
2025-06-04,Beras Medium,Sembako,,65000,520000.0,
2024-01-06,Keju Slice,Produk Susu,8.0,18000,144000.0,72.0
2024-07-22,Beras Premium,Sembako,15.0,75000,1125000.0,209.0
2025-10-14,Minyak Goreng,Sembako,12.0,28000,336000.0,276.0
2025-02-21,Mie Ayam Instan,Makanan Instan,11.0,4000,44000.0,421.0
2025-02-16,Air Mineral,Minuman,2.0,4000,8000.0,426.0
2025-08-31,Beras Medium,Sembako,15.0,65000,975000.0,51.0
2023-04-29,Teh Botol,Minuman,4.0,5000,20000.0,411.0
2023-01-20,Yogurt Botol,Produk Susu,1.0,10000,10000.0,571.0
2025-06-08,Wafer Coklat,Snack,7.0,8000,56000.0,419.0
2023-06-01,Teh Botol,Minuman,3.0,5000,15000.0,202.0
2025-10-04,Susu Kental Manis,Produk Susu,3.0,12000,36000.0,203.0
2024-11-04,Saus Sambal,Sembako,2.0,13000,26000.0,426.0
2025-04-19,Kecap Manis,Sembako,3.0,15000,45000.0,353.0
2024-07-06,Beras Premium,Sembako,14.0,75000,1050000.0,467.0
2024-06-18,Yogurt Botol,Produk Susu,1.0,10000,10000.0,219.0
2025-06-28,Susu Kental Manis,Produk Susu,13.0,12000,156000.0,443.0
2025-06-17,Ramen Pedas,Makanan Instan,15.0,7000,105000.0,228.0
2024-12-24,Susu Kental Manis,Produk Susu,11.0,12000,132000.0,675.0
2024-10-20,Indomie Soto,Makanan Instan,14.0,3500,49000.0,95.0
2025-06-07,Keju Slice,Produk Susu,8.0,18000,144000.0,64.0
2024-10-27,Air Mineral,Minuman,4.0,4000,16000.0,541.0
2024-11-25,Susu UHT,Produk Susu,13.0,9000,117000.0,675.0
2024-10-23,Kecap Manis,Sembako,16.0,15000,240000.0,521.0
2024-07-23,Gula Pasir,Sembako,4.0,16000,64000.0,311.0
2025-01-22,Air Mineral,Minuman,,4000,72000.0,
2023-12-21,Kopi Sachet,Minuman,8.0,2500,20000.0,460.0
2024-09-16,Beras Medium,Sembako,10.0,65000,650000.0,434.0
2025-05-06,Coklat Batang,Snack,8.0,11000,88000.0,143.0
2024-12-15,Kopi Botol,Minuman,9.0,7000,63000.0,175.0
2023-04-30,Keripik Kentang,Snack,2.0,12000,24000.0,293.0
2023-04-18,Kacang Panggang,Snack,3.0,10000,30000.0,118.0
2024-12-27,Kecap Manis,Sembako,17.0,15000,255000.0,253.0
2024-05-14,Coklat Batang,Snack,9.0,11000,99000.0,225.0
2025-03-12,Indomie Goreng,Makanan Instan,10.0,3500,35000.0,309.0
2024-04-22,Susu Kental Manis,Produk Susu,4.0,12000,48000.0,246.0
2023-04-12,Kopi Botol,Minuman,4.0,7000,28000.0,355.0
2024-07-03,Indomie Soto,Makanan Instan,9.0,3500,31500.0,186.0
2025-02-15,Saus Sambal,Sembako,15.0,13000,195000.0,90.0
2025-09-10,Biskuit Coklat,Snack,7.0,9000,63000.0,128.0
2024-03-10,Teh Celup,Minuman,3.0,8000,24000.0,85.0
2025-07-29,Beras Medium,Sembako,5.0,65000,325000.0,267.0
2024-01-06,Minyak Goreng,Sembako,3.0,28000,84000.0,618.0
2023-09-25,Biskuit Coklat,Snack,10.0,9000,90000.0,545.0
2024-11-16,Minyak Goreng,Sembako,15.0,28000,420000.0,205.0
2024-01-11,Susu UHT,Produk Susu,14.0,9000,126000.0,50.0
2023-12-24,Beras Medium,Sembako,15.0,65000,975000.0,373.0
2025-05-31,Keripik Kentang,Snack,3.0,12000,36000.0,235.0
2025-09-08,Susu Kental Manis,Produk Susu,5.0,12000,60000.0,102.0
2024-09-17,Minuman Isotonik,Minuman,8.0,8500,68000.0,242.0
2023-04-26,Kacang Panggang,Snack,4.0,10000,40000.0,674.0
2025-08-28,Minuman Isotonik,Minuman,15.0,8500,127500.0,227.0
2025-09-27,Coklat Batang,Snack,4.0,11000,44000.0,258.0
2023-07-08,Mie Ayam Instan,Makanan Instan,1.0,4000,4000.0,230.0
2025-07-31,Mie Ayam Instan,Makanan Instan,18.0,4000,72000.0,234.0
2025-02-06,Wafer Coklat,Snack,9.0,8000,72000.0,330.0
2023-09-22,Kopi Botol,Minuman,8.0,7000,56000.0,474.0
2024-07-15,Beras Medium,Sembako,12.0,65000,780000.0,292.0
2023-01-26,Kopi Botol,Minuman,4.0,7000,28000.0,227.0
2025-03-07,Susu Kental Manis,Produk Susu,3.0,12000,36000.0,242.0
2023-12-08,Keripik Kentang,Snack,10.0,12000,120000.0,97.0
2023-05-26,Keripik Kentang,Snack,9.0,12000,108000.0,50.0
2025-05-03,Yogurt Botol,Produk Susu,18.0,10000,180000.0,289.0
2025-09-27,Minuman Isotonik,Minuman,14.0,8500,119000.0,144.0
2024-01-27,Sereal Sarapan,Produk Susu,6.0,25000,150000.0,651.0
2025-06-30,,Sembako,5.0,65000,325000.0,283.0
2023-03-04,Indomie Soto,Makanan Instan,14.0,3500,49000.0,59.0
2025-05-04,Saus Sambal,Sembako,19.0,13000,247000.0,407.0
2024-03-22,Kacang Panggang,Snack,2.0,10000,20000.0,483.0
2024-12-18,Mie Ayam Instan,Makanan Instan,5.0,4000,20000.0,689.0
2024-09-01,Susu UHT,Produk Susu,8.0,9000,72000.0,568.0
2023-07-14,Air Mineral,Minuman,14.0,4000,56000.0,145.0
2024-12-05,Kopi Sachet,Minuman,2.0,2500,5000.0,539.0
2023-06-24,Ramen Pedas,Makanan Instan,4.0,7000,28000.0,456.0
2023-02-14,Coklat Batang,Snack,10.0,11000,110000.0,69.0
2023-09-09,Yogurt Botol,Produk Susu,2.0,10000,20000.0,393.0
2023-10-23,Kopi Botol,Minuman,15.0,7000,105000.0,160.0
2025-12-14,Coklat Batang,Snack,17.0,11000,187000.0,283.0
2025-02-05,Minuman Isotonik,Minuman,12.0,8500,102000.0,284.0
2023-07-02,Wafer Coklat,Snack,4.0,8000,32000.0,83.0
2024-05-19,Minyak Goreng,Sembako,7.0,28000,196000.0,210.0
2025-12-01,Coklat Batang,Snack,13.0,11000,143000.0,83.0
2024-09-16,Kacang Panggang,Snack,5.0,10000,50000.0,364.0
2025-01-13,Sereal Sarapan,Produk Susu,16.0,25000,400000.0,286.0
2023-04-25,,Sembako,9.0,16000,144000.0,
2023-06-25,Susu Kental Manis,Produk Susu,2.0,12000,24000.0,245.0
2024-06-14,Kacang Panggang,Snack,7.0,10000,70000.0,148.0
2025-11-09,Kopi Sachet,Minuman,12.0,2500,30000.0,299.0
2025-10-24,Susu UHT,Produk Susu,9.0,9000,81000.0,127.0
2023-01-28,Minuman Isotonik,Minuman,4.0,8500,34000.0,174.0
2025-10-04,Mie Ayam Instan,Makanan Instan,17.0,4000,68000.0,349.0
2025-05-16,Sereal Sarapan,Produk Susu,15.0,25000,375000.0,90.0
2025-07-08,Kopi Sachet,Minuman,11.0,2500,27500.0,152.0
2023-05-21,Gula Pasir,Sembako,13.0,16000,208000.0,296.0
2025-04-06,Beras Medium,Sembako,3.0,65000,195000.0,462.0
2024-08-25,Biskuit Coklat,Snack,8.0,9000,72000.0,397.0
2024-04-29,Kecap Manis,Sembako,14.0,15000,210000.0,617.0
2023-06-17,Telur Ayam,Sembako,8.0,30000,240000.0,378.0
2024-06-26,,Sembako,16.0,28000,448000.0,602.0
2025-11-13,,Snack,12.0,11000,,339.0
2025-10-30,Tepung Terigu,Sembako,14.0,14000,196000.0,432.0
2023-11-09,Keripik Kentang,Snack,4.0,12000,48000.0,297.0
2024-11-01,Tepung Terigu,Sembako,3.0,14000,42000.0,142.0
2025-05-07,Yogurt Botol,Produk Susu,6.0,10000,60000.0,260.0
2023-06-07,Teh Celup,Minuman,12.0,8000,96000.0,476.0
2025-09-08,Saus Sambal,Sembako,6.0,13000,78000.0,210.0
2025-03-27,Indomie Soto,Makanan Instan,12.0,3500,42000.0,512.0
2025-12-05,Teh Botol,Minuman,7.0,5000,35000.0,109.0
2024-09-29,Telur Ayam,Sembako,9.0,30000,270000.0,500.0
2025-08-08,Teh Botol,Minuman,13.0,5000,65000.0,398.0
2023-03-02,Indomie Soto,Makanan Instan,4.0,3500,14000.0,55.0
2024-04-18,Beras Premium,Sembako,9.0,75000,675000.0,376.0
2023-06-23,Beras Premium,Sembako,3.0,75000,225000.0,609.0
2025-11-25,Yogurt Botol,Produk Susu,8.0,10000,80000.0,109.0
2024-07-09,Jus Kotak,Minuman,10.0,7000,70000.0,347.0
2024-06-26,Beras Premium,Sembako,3.0,75000,225000.0,437.0
2025-11-24,,Produk Susu,3.0,10000,,353.0
2025-03-25,Roti Tawar,Snack,12.0,15000,180000.0,424.0
2024-05-18,Mie Ayam Instan,Makanan Instan,12.0,4000,48000.0,585.0
2023-05-02,Indomie Soto,Makanan Instan,11.0,3500,38500.0,467.0
2024-10-10,Kopi Botol,Minuman,7.0,7000,49000.0,378.0
2024-12-04,Minuman Isotonik,Minuman,16.0,8500,136000.0,431.0
2023-12-27,Ramen Pedas,Makanan Instan,8.0,7000,56000.0,341.0
2023-09-11,Ramen Pedas,Makanan Instan,15.0,7000,105000.0,647.0
2023-10-23,Biskuit Coklat,Snack,13.0,9000,117000.0,648.0
2023-10-10,Keripik Kentang,Snack,14.0,12000,168000.0,382.0
2023-08-30,Minuman Isotonik,Minuman,9.0,8500,76500.0,138.0
2024-06-23,Keju Slice,Produk Susu,8.0,18000,144000.0,246.0
2023-08-08,Jus Kotak,Minuman,3.0,7000,21000.0,281.0
2023-06-26,,Sembako,,75000,225000.0,514.0
2023-08-01,Gula Pasir,Sembako,13.0,16000,208000.0,173.0
2023-01-18,Sereal Sarapan,Produk Susu,2.0,25000,50000.0,451.0
2025-02-03,Tepung Terigu,Sembako,13.0,14000,182000.0,305.0
2024-07-19,Roti Tawar,Snack,9.0,15000,135000.0,466.0
2023-03-18,Kopi Sachet,Minuman,8.0,2500,20000.0,624.0
2023-01-13,Kopi Sachet,Minuman,2.0,2500,5000.0,128.0
2024-06-27,Kopi Botol,Minuman,4.0,7000,28000.0,462.0
2025-07-08,Tepung Terigu,Sembako,10.0,14000,140000.0,54.0
2025-04-09,Biskuit Coklat,Snack,15.0,9000,135000.0,330.0
2024-07-09,Teh Botol,Minuman,17.0,5000,85000.0,143.0
2023-10-14,Beras Medium,Sembako,6.0,65000,390000.0,304.0
2024-07-10,Keju Slice,Produk Susu,7.0,18000,126000.0,161.0
2023-06-19,,Makanan Instan,9.0,4000,,
2025-02-01,Susu Kental Manis,Produk Susu,9.0,12000,108000.0,194.0
2023-09-28,,Makanan Instan,7.0,7000,49000.0,
2023-12-30,Kacang Panggang,Snack,1.0,10000,10000.0,206.0
2025-02-22,Roti Tawar,Snack,11.0,15000,165000.0,270.0
2024-10-07,Saus Sambal,Sembako,10.0,13000,130000.0,144.0
2024-08-25,Kopi Sachet,Minuman,8.0,2500,20000.0,246.0
2024-07-06,Coklat Batang,Snack,13.0,11000,143000.0,482.0
2023-11-04,Kopi Botol,Minuman,3.0,7000,21000.0,399.0
2024-11-09,Kopi Botol,Minuman,6.0,7000,42000.0,544.0
2025-02-25,Minuman Isotonik,Minuman,15.0,8500,127500.0,291.0
2023-03-20,Tepung Terigu,Sembako,2.0,14000,28000.0,621.0
2023-02-14,Susu Kental Manis,Produk Susu,2.0,12000,24000.0,341.0
2025-10-06,Biskuit Coklat,Snack,9.0,9000,81000.0,403.0
2024-10-25,Keripik Kentang,Snack,8.0,12000,96000.0,339.0
2023-07-01,Saus Sambal,Sembako,14.0,13000,182000.0,354.0
2024-05-16,Air Mineral,Minuman,15.0,4000,60000.0,427.0
2024-06-26,Indomie Soto,Makanan Instan,11.0,3500,38500.0,238.0
2023-01-23,Kopi Sachet,Minuman,12.0,2500,30000.0,229.0
2023-07-14,Coklat Batang,Snack,6.0,11000,66000.0,411.0
2023-08-17,,Snack,,15000,,169.0
2025-06-19,Saus Sambal,Sembako,6.0,13000,78000.0,495.0
2023-05-31,Roti Tawar,Snack,2.0,15000,30000.0,270.0
2023-12-07,Susu Kental Manis,Produk Susu,10.0,12000,120000.0,327.0
2025-12-26,Teh Celup,Minuman,7.0,8000,56000.0,331.0
2023-01-08,Gula Pasir,Sembako,11.0,16000,176000.0,174.0
2025-01-07,Yogurt Botol,Produk Susu,16.0,10000,160000.0,642.0
2023-01-17,Wafer Coklat,Snack,4.0,8000,32000.0,369.0
2025-07-26,Minyak Goreng,Sembako,5.0,28000,140000.0,135.0
2024-01-31,Kecap Manis,Sembako,5.0,15000,75000.0,590.0
2024-01-19,Minyak Goreng,Sembako,6.0,28000,168000.0,99.0
2025-12-31,Kopi Botol,Minuman,12.0,7000,84000.0,368.0
2025-10-04,Jus Kotak,Minuman,5.0,7000,35000.0,379.0
2025-06-07,Roti Tawar,Snack,9.0,15000,135000.0,95.0
2025-05-21,Susu Kental Manis,Produk Susu,15.0,12000,180000.0,242.0
2025-08-24,Beras Medium,Sembako,12.0,65000,780000.0,454.0
2023-11-16,Sereal Sarapan,Produk Susu,14.0,25000,350000.0,320.0
2023-01-18,Wafer Coklat,Snack,2.0,8000,16000.0,394.0
2023-04-29,Yogurt Botol,Produk Susu,9.0,10000,90000.0,662.0
2023-04-14,Air Mineral,Minuman,2.0,4000,8000.0,74.0
2025-12-05,Keju Slice,Produk Susu,14.0,18000,252000.0,380.0
2023-04-23,Sereal Sarapan,Produk Susu,9.0,25000,225000.0,298.0
2023-11-20,Kopi Botol,Minuman,10.0,7000,70000.0,209.0
2025-11-08,Beras Premium,Sembako,8.0,75000,600000.0,324.0
2024-05-27,Beras Premium,Sembako,3.0,75000,225000.0,310.0
2023-04-07,Indomie Goreng,Makanan Instan,5.0,3500,,
2023-08-31,Tepung Terigu,Sembako,15.0,14000,210000.0,94.0
2025-04-18,Mie Ayam Instan,Makanan Instan,9.0,4000,36000.0,221.0
2023-05-11,Minyak Goreng,Sembako,15.0,28000,420000.0,655.0
2025-11-15,Wafer Coklat,Snack,3.0,8000,24000.0,466.0
2023-01-18,Roti Tawar,Snack,1.0,15000,15000.0,435.0
2025-01-27,Mie Ayam Instan,Makanan Instan,4.0,4000,16000.0,580.0
2023-03-07,Indomie Goreng,Makanan Instan,15.0,3500,52500.0,446.0
2023-03-17,Susu Kental Manis,Produk Susu,4.0,12000,48000.0,390.0
2023-06-07,Gula Pasir,Sembako,1.0,16000,16000.0,418.0
2023-06-27,Susu Kental Manis,Produk Susu,8.0,12000,96000.0,544.0
2023-04-02,Teh Celup,Minuman,5.0,8000,40000.0,92.0
2023-02-23,Kopi Botol,Minuman,10.0,7000,70000.0,493.0
2025-03-28,Susu Kental Manis,Produk Susu,8.0,12000,96000.0,566.0
2025-01-03,Indomie Goreng,Makanan Instan,15.0,3500,52500.0,550.0
2025-05-05,Susu Kental Manis,Produk Susu,12.0,12000,144000.0,263.0
2025-10-09,Wafer Coklat,Snack,9.0,8000,72000.0,450.0
2025-03-25,Kopi Botol,Minuman,6.0,7000,42000.0,51.0
2024-07-17,Beras Premium,Sembako,12.0,75000,900000.0,318.0
2024-07-13,Indomie Goreng,Makanan Instan,14.0,3500,49000.0,424.0
2024-05-14,Air Mineral,Minuman,10.0,4000,40000.0,530.0
2025-12-11,Susu UHT,Produk Susu,12.0,9000,108000.0,102.0
2024-11-21,Kecap Manis,Sembako,6.0,15000,90000.0,229.0
2025-09-12,Susu Kental Manis,Produk Susu,16.0,12000,192000.0,260.0
2024-05-16,Minyak Goreng,Sembako,7.0,28000,196000.0,474.0
2024-08-27,Kopi Sachet,Minuman,12.0,2500,30000.0,434.0
2023-02-03,Telur Ayam,Sembako,9.0,30000,270000.0,194.0
2023-08-18,Mie Ayam Instan,Makanan Instan,1.0,4000,,
2024-01-22,Teh Celup,Minuman,9.0,8000,72000.0,149.0
2025-09-23,Saus Sambal,Sembako,15.0,13000,195000.0,51.0
2025-07-17,Keju Slice,Produk Susu,2.0,18000,36000.0,393.0
2023-11-13,Saus Sambal,Sembako,5.0,13000,65000.0,63.0
2025-10-10,Saus Sambal,Sembako,5.0,13000,65000.0,428.0
2025-04-20,Keripik Kentang,Snack,16.0,12000,192000.0,82.0
2023-05-11,Coklat Batang,Snack,8.0,11000,88000.0,426.0
2025-06-10,Kecap Manis,Sembako,3.0,15000,45000.0,154.0
2025-09-07,Saus Sambal,Sembako,6.0,13000,78000.0,714.0
2025-04-07,Beras Premium,Sembako,5.0,75000,375000.0,254.0
2024-03-17,Gula Pasir,Sembako,15.0,16000,240000.0,403.0
2024-10-02,Air Mineral,Minuman,10.0,4000,40000.0,295.0
2024-01-22,Kopi Botol,Minuman,12.0,7000,84000.0,567.0
2024-05-16,Air Mineral,Minuman,1.0,4000,4000.0,542.0
2025-05-25,Kopi Botol,Minuman,10.0,7000,70000.0,280.0
2023-07-14,Mie Ayam Instan,Makanan Instan,10.0,4000,40000.0,252.0
2025-02-12,Yogurt Botol,Produk Susu,8.0,10000,80000.0,693.0
2023-04-10,Keripik Kentang,Snack,4.0,12000,48000.0,158.0
2023-10-25,Sereal Sarapan,Produk Susu,8.0,25000,200000.0,101.0
2025-02-26,Kopi Sachet,Minuman,6.0,2500,15000.0,201.0
2025-03-27,Minyak Goreng,Sembako,9.0,28000,252000.0,357.0
2023-05-26,Air Mineral,Minuman,4.0,4000,16000.0,331.0
2025-07-15,Biskuit Coklat,Snack,18.0,9000,162000.0,313.0
2025-03-26,Keju Slice,Produk Susu,12.0,18000,216000.0,329.0
2024-06-01,Beras Medium,Sembako,6.0,65000,390000.0,370.0
2023-05-23,Keripik Kentang,Snack,15.0,12000,180000.0,487.0
2023-09-24,Kopi Botol,Minuman,7.0,7000,49000.0,323.0
2025-11-01,Minyak Goreng,Sembako,11.0,28000,308000.0,169.0
2025-05-30,Kecap Manis,Sembako,8.0,15000,120000.0,252.0
2025-05-26,Keripik Kentang,Snack,5.0,12000,60000.0,67.0
2023-12-28,Air Mineral,Minuman,6.0,4000,24000.0,409.0
2025-05-18,Indomie Soto,Makanan Instan,10.0,3500,35000.0,85.0
2025-05-13,Saus Sambal,Sembako,15.0,13000,195000.0,117.0
2024-07-23,Ramen Pedas,Makanan Instan,14.0,7000,98000.0,89.0
2024-02-04,Beras Premium,Sembako,15.0,75000,1125000.0,190.0
2025-10-19,Biskuit Coklat,Snack,8.0,9000,72000.0,422.0
2024-12-19,Coklat Batang,Snack,10.0,11000,110000.0,305.0
2024-11-14,Telur Ayam,Sembako,13.0,30000,390000.0,418.0
2023-11-12,Roti Tawar,Snack,12.0,15000,180000.0,258.0
2025-10-21,Tepung Terigu,Sembako,13.0,14000,182000.0,580.0
2024-11-15,Biskuit Coklat,Snack,15.0,9000,135000.0,249.0
2025-05-19,Teh Botol,Minuman,14.0,5000,70000.0,719.0
2023-08-25,Kopi Botol,Minuman,5.0,7000,35000.0,216.0
2024-08-04,Gula Pasir,Sembako,10.0,16000,160000.0,482.0
2025-03-04,Indomie Soto,Makanan Instan,6.0,3500,21000.0,291.0
2025-03-29,Mie Ayam Instan,Makanan Instan,12.0,4000,48000.0,457.0
2024-06-11,Tepung Terigu,Sembako,3.0,14000,42000.0,393.0
2025-06-01,Air Mineral,Minuman,18.0,4000,72000.0,454.0
2023-09-09,Roti Tawar,Snack,14.0,15000,210000.0,476.0
2023-09-25,Sereal Sarapan,Produk Susu,11.0,25000,275000.0,236.0
2025-02-23,Tepung Terigu,Sembako,7.0,14000,98000.0,375.0
2025-05-18,Beras Medium,Sembako,13.0,65000,845000.0,473.0
2023-01-19,Kopi Botol,Minuman,,7000,56000.0,184.0
2023-07-04,Kacang Panggang,Snack,7.0,10000,70000.0,300.0
2024-06-17,Sereal Sarapan,Produk Susu,11.0,25000,275000.0,207.0
2025-04-14,Indomie Goreng,Makanan Instan,13.0,3500,45500.0,543.0
2025-04-16,Kopi Botol,Minuman,3.0,7000,21000.0,111.0
2025-01-06,Wafer Coklat,Snack,,8000,,192.0
2025-02-18,,Minuman,9.0,7000,,
2023-08-12,Air Mineral,Minuman,11.0,4000,44000.0,508.0
2023-05-07,Indomie Goreng,Makanan Instan,14.0,3500,49000.0,335.0
2023-08-17,Teh Celup,Minuman,13.0,8000,104000.0,648.0
2025-01-04,Keju Slice,Produk Susu,16.0,18000,288000.0,291.0
2025-12-19,Keripik Kentang,Snack,4.0,12000,48000.0,335.0
2025-06-24,Biskuit Coklat,Snack,7.0,9000,63000.0,76.0
2024-07-13,Tepung Terigu,Sembako,15.0,14000,210000.0,543.0
2023-11-16,Mie Ayam Instan,Makanan Instan,10.0,4000,40000.0,554.0
2024-08-02,Teh Botol,Minuman,14.0,5000,70000.0,437.0
2025-01-05,Roti Tawar,Snack,9.0,15000,135000.0,242.0
2025-02-17,Indomie Soto,Makanan Instan,10.0,3500,35000.0,338.0
2024-06-27,Air Mineral,Minuman,13.0,4000,52000.0,396.0
2025-03-02,Wafer Coklat,Snack,11.0,8000,88000.0,450.0
2024-04-09,Sereal Sarapan,Produk Susu,14.0,25000,350000.0,246.0
2025-04-01,Kopi Sachet,Minuman,6.0,2500,15000.0,640.0
2023-10-03,Beras Medium,Sembako,4.0,65000,260000.0,327.0
2024-03-23,Teh Celup,Minuman,17.0,8000,136000.0,178.0
2025-02-23,Biskuit Coklat,Snack,8.0,9000,72000.0,222.0
2024-10-24,Saus Sambal,Sembako,1.0,13000,13000.0,494.0
2024-10-14,Indomie Goreng,Makanan Instan,5.0,3500,17500.0,326.0
2023-09-23,Teh Botol,Minuman,3.0,5000,15000.0,253.0
2024-08-05,Yogurt Botol,Produk Susu,4.0,10000,40000.0,379.0
2025-08-01,Beras Premium,Sembako,18.0,75000,1350000.0,631.0
2025-08-19,Kopi Botol,Minuman,18.0,7000,126000.0,102.0
2024-01-10,Indomie Soto,Makanan Instan,13.0,3500,45500.0,413.0
2025-02-15,Air Mineral,Minuman,6.0,4000,24000.0,284.0
2023-01-25,Teh Celup,Minuman,,8000,40000.0,
2023-12-31,Wafer Coklat,Snack,9.0,8000,72000.0,60.0
2025-05-03,Susu Kental Manis,Produk Susu,11.0,12000,132000.0,285.0
2023-08-05,Minyak Goreng,Sembako,6.0,28000,168000.0,512.0
2024-08-29,Kopi Sachet,Minuman,13.0,2500,32500.0,343.0
2023-02-23,Ramen Pedas,Makanan Instan,2.0,7000,14000.0,482.0
2025-02-20,Susu UHT,Produk Susu,14.0,9000,126000.0,700.0
2023-10-23,Indomie Goreng,Makanan Instan,7.0,3500,24500.0,565.0
2023-02-15,Jus Kotak,Minuman,3.0,7000,21000.0,284.0
2024-03-18,Beras Premium,Sembako,17.0,75000,1275000.0,554.0
2025-11-24,Biskuit Coklat,Snack,15.0,9000,135000.0,444.0
2025-02-15,Minyak Goreng,Sembako,7.0,28000,196000.0,198.0
2025-02-25,Roti Tawar,Snack,12.0,15000,180000.0,497.0
2023-09-16,Keju Slice,Produk Susu,9.0,18000,162000.0,87.0
2023-12-06,Kacang Panggang,Snack,13.0,10000,130000.0,613.0
2025-10-23,Air Mineral,Minuman,4.0,4000,16000.0,482.0
2025-10-09,Mie Ayam Instan,Makanan Instan,3.0,4000,12000.0,298.0
2025-09-16,Minuman Isotonik,Minuman,10.0,8500,85000.0,317.0
2024-09-27,Susu UHT,Produk Susu,13.0,9000,117000.0,605.0
2024-05-07,Kacang Panggang,Snack,5.0,10000,50000.0,285.0
2023-01-13,Gula Pasir,Sembako,7.0,16000,112000.0,73.0
2025-07-15,Roti Tawar,Snack,3.0,15000,45000.0,109.0
2025-05-24,Beras Medium,Sembako,8.0,65000,520000.0,337.0
2023-11-02,Roti Tawar,Snack,9.0,15000,135000.0,521.0
2025-08-30,Kopi Botol,Minuman,8.0,7000,56000.0,263.0
2025-12-08,Susu Kental Manis,Produk Susu,16.0,12000,192000.0,78.0
2024-02-14,Kecap Manis,Sembako,6.0,15000,90000.0,270.0
2023-10-11,Ramen Pedas,Makanan Instan,9.0,7000,63000.0,434.0
2025-03-12,Indomie Soto,Makanan Instan,9.0,3500,31500.0,175.0
2024-03-20,Kopi Botol,Minuman,2.0,7000,14000.0,239.0
2023-11-05,Kopi Botol,Minuman,10.0,7000,70000.0,199.0
2025-12-29,Keripik Kentang,Snack,5.0,12000,60000.0,301.0
2025-05-18,Coklat Batang,Snack,6.0,11000,66000.0,137.0
2023-01-22,Beras Medium,Sembako,4.0,65000,260000.0,510.0
2023-07-29,Kopi Botol,Minuman,,7000,,
2024-07-23,Beras Premium,Sembako,8.0,75000,600000.0,277.0
2025-05-16,Biskuit Coklat,Snack,6.0,9000,54000.0,392.0
2023-10-22,Teh Botol,Minuman,1.0,5000,5000.0,105.0
2024-03-12,Gula Pasir,Sembako,12.0,16000,192000.0,82.0
2024-02-27,Jus Kotak,Minuman,15.0,7000,105000.0,160.0
2025-07-07,Keripik Kentang,Snack,5.0,12000,60000.0,320.0
2025-05-15,Saus Sambal,Sembako,14.0,13000,182000.0,241.0
2025-09-03,Biskuit Coklat,Snack,11.0,9000,99000.0,291.0
2025-03-01,Gula Pasir,Sembako,5.0,16000,80000.0,192.0
2023-05-18,Wafer Coklat,Snack,12.0,8000,96000.0,250.0
2023-11-01,Minuman Isotonik,Minuman,4.0,8500,34000.0,331.0
2023-08-30,Beras Premium,Sembako,6.0,75000,450000.0,385.0
2025-06-01,Kacang Panggang,Snack,17.0,10000,170000.0,131.0
2025-05-25,Yogurt Botol,Produk Susu,10.0,10000,100000.0,310.0
2025-12-26,Sereal Sarapan,Produk Susu,15.0,25000,375000.0,247.0
2025-05-26,Teh Celup,Minuman,19.0,8000,152000.0,332.0
2025-03-20,Saus Sambal,Sembako,7.0,13000,91000.0,352.0
2023-04-05,Yogurt Botol,Produk Susu,2.0,10000,20000.0,361.0
2023-07-03,Kopi Sachet,Minuman,2.0,2500,5000.0,176.0
2025-06-18,Kecap Manis,Sembako,18.0,15000,270000.0,71.0
2025-12-30,Susu Kental Manis,Produk Susu,15.0,12000,180000.0,127.0
2023-02-23,Ramen Pedas,Makanan Instan,2.0,7000,14000.0,482.0
2024-01-24,Roti Tawar,Snack,8.0,15000,120000.0,
2024-12-17,Kopi Sachet,Minuman,12.0,2500,30000.0,166.0
2024-08-10,Keripik Kentang,Snack,6.0,12000,72000.0,311.0
2024-08-05,Mie Ayam Instan,Makanan Instan,14.0,4000,56000.0,539.0
2025-11-04,Mie Ayam Instan,Makanan Instan,9.0,4000,36000.0,195.0
2023-04-16,Sereal Sarapan,Produk Susu,7.0,25000,175000.0,200.0
2023-10-15,Indomie Soto,Makanan Instan,15.0,3500,52500.0,190.0
2023-04-19,Biskuit Coklat,Snack,,9000,72000.0,221.0
2025-01-08,Kopi Sachet,Minuman,7.0,2500,17500.0,239.0
2025-10-17,Mie Ayam Instan,Makanan Instan,12.0,4000,48000.0,262.0
2024-09-30,Biskuit Coklat,Snack,3.0,9000,27000.0,462.0
2023-04-18,Coklat Batang,Snack,15.0,11000,165000.0,235.0
2024-06-18,Biskuit Coklat,Snack,7.0,9000,63000.0,313.0
2023-12-22,Minyak Goreng,Sembako,10.0,28000,280000.0,274.0
2023-12-25,Teh Celup,Minuman,11.0,8000,88000.0,694.0
2024-03-18,Yogurt Botol,Produk Susu,3.0,10000,30000.0,712.0
2023-11-26,Telur Ayam,Sembako,3.0,30000,90000.0,330.0
2023-05-15,Ramen Pedas,Makanan Instan,6.0,7000,42000.0,152.0
2023-11-11,Teh Botol,Minuman,3.0,5000,15000.0,116.0
2025-02-10,,Sembako,14.0,30000,,
2025-02-07,Indomie Goreng,Makanan Instan,13.0,3500,45500.0,215.0
2024-09-21,Tepung Terigu,Sembako,15.0,14000,210000.0,172.0
2025-04-28,Ramen Pedas,Makanan Instan,5.0,7000,35000.0,386.0
2024-07-14,Jus Kotak,Minuman,5.0,7000,35000.0,124.0
2025-03-04,Jus Kotak,Minuman,8.0,7000,56000.0,259.0
2023-05-05,Kopi Botol,Minuman,2.0,7000,14000.0,415.0
2025-05-05,Mie Ayam Instan,Makanan Instan,13.0,4000,52000.0,78.0
2023-01-07,Telur Ayam,Sembako,2.0,30000,60000.0,111.0
2025-01-27,Biskuit Coklat,Snack,15.0,9000,135000.0,342.0
2025-09-15,Keripik Kentang,Snack,13.0,12000,156000.0,578.0
2025-11-06,Indomie Soto,Makanan Instan,4.0,3500,14000.0,353.0
2024-11-08,Susu Kental Manis,Produk Susu,8.0,12000,96000.0,506.0
2025-09-18,Jus Kotak,Minuman,14.0,7000,98000.0,297.0
2023-11-07,Beras Medium,Sembako,11.0,65000,715000.0,218.0
2024-02-18,Susu UHT,Produk Susu,4.0,9000,36000.0,476.0
2023-09-03,Ramen Pedas,Makanan Instan,15.0,7000,105000.0,273.0
2023-08-21,Teh Botol,Minuman,8.0,5000,40000.0,296.0
2023-03-17,Teh Celup,Minuman,3.0,8000,24000.0,88.0
2025-07-20,Sereal Sarapan,Produk Susu,3.0,25000,75000.0,65.0
2024-02-04,Jus Kotak,Minuman,2.0,7000,14000.0,181.0
2023-11-18,Coklat Batang,Snack,1.0,11000,11000.0,390.0
2023-11-07,Minyak Goreng,Sembako,7.0,28000,196000.0,500.0
2024-09-10,Yogurt Botol,Produk Susu,5.0,10000,50000.0,203.0
2023-05-07,Mie Ayam Instan,Makanan Instan,2.0,4000,8000.0,551.0
2024-01-17,Wafer Coklat,Snack,14.0,8000,112000.0,158.0
2024-03-29,Ramen Pedas,Makanan Instan,4.0,7000,28000.0,289.0
2023-06-19,Yogurt Botol,Produk Susu,6.0,10000,60000.0,178.0
2024-08-16,Indomie Soto,Makanan Instan,7.0,3500,24500.0,202.0
2023-08-21,Gula Pasir,Sembako,11.0,16000,176000.0,325.0
2025-01-05,Mie Ayam Instan,Makanan Instan,,4000,,171.0
2023-03-22,Keripik Kentang,Snack,14.0,12000,168000.0,144.0
2024-02-09,Beras Medium,Sembako,5.0,65000,325000.0,254.0
2024-02-16,Sereal Sarapan,Produk Susu,6.0,25000,150000.0,307.0
2023-05-11,Biskuit Coklat,Snack,14.0,9000,126000.0,119.0
2023-08-09,,Minuman,,8000,,99.0
2024-04-29,Sereal Sarapan,Produk Susu,3.0,25000,75000.0,270.0
2023-12-02,Sereal Sarapan,Produk Susu,5.0,25000,125000.0,176.0
2024-08-29,Tepung Terigu,Sembako,12.0,14000,168000.0,115.0
2023-02-13,Wafer Coklat,Snack,1.0,8000,8000.0,265.0
2025-01-03,Yogurt Botol,Produk Susu,15.0,10000,150000.0,579.0
2024-04-29,Biskuit Coklat,Snack,10.0,9000,90000.0,303.0
2023-04-21,Kopi Sachet,Minuman,14.0,2500,35000.0,321.0
2024-07-24,Minyak Goreng,Sembako,15.0,28000,420000.0,140.0
2025-12-22,Sereal Sarapan,Produk Susu,9.0,25000,225000.0,384.0
2023-02-19,Yogurt Botol,Produk Susu,8.0,10000,80000.0,284.0
2025-11-21,Kecap Manis,Sembako,15.0,15000,225000.0,678.0
2024-05-10,Indomie Goreng,Makanan Instan,7.0,3500,24500.0,299.0
2025-02-15,Ramen Pedas,Makanan Instan,10.0,7000,70000.0,126.0
2023-07-17,Kacang Panggang,Snack,4.0,10000,40000.0,281.0
2024-03-30,Tepung Terigu,Sembako,6.0,14000,84000.0,259.0
2025-05-26,Susu UHT,Produk Susu,4.0,9000,36000.0,145.0
2025-02-04,Mie Ayam Instan,Makanan Instan,16.0,4000,64000.0,694.0
2025-10-19,Tepung Terigu,Sembako,14.0,14000,196000.0,213.0
2023-12-07,Indomie Soto,Makanan Instan,5.0,3500,17500.0,376.0
2025-10-16,Telur Ayam,Sembako,16.0,30000,480000.0,335.0
2024-11-14,Teh Celup,Minuman,14.0,8000,112000.0,318.0
2025-10-25,Roti Tawar,Snack,12.0,15000,180000.0,331.0
2024-08-15,Ramen Pedas,Makanan Instan,3.0,7000,21000.0,280.0
2025-12-29,Minuman Isotonik,Minuman,8.0,8500,68000.0,95.0
2024-02-04,Coklat Batang,Snack,10.0,11000,110000.0,265.0
2024-08-12,Teh Botol,Minuman,2.0,5000,10000.0,225.0
2025-03-29,Biskuit Coklat,Snack,15.0,9000,135000.0,229.0
2023-09-26,Susu UHT,Produk Susu,11.0,9000,99000.0,657.0
2024-12-05,Beras Premium,Sembako,9.0,75000,675000.0,227.0
2024-06-19,Telur Ayam,Sembako,8.0,30000,240000.0,50.0
2024-10-05,Ramen Pedas,Makanan Instan,3.0,7000,21000.0,627.0
2025-09-07,Tepung Terigu,Sembako,8.0,14000,112000.0,321.0
2025-10-04,Susu UHT,Produk Susu,3.0,9000,27000.0,648.0
2025-12-23,Kacang Panggang,Snack,11.0,10000,110000.0,332.0
2025-10-23,Beras Premium,Sembako,9.0,75000,675000.0,311.0
2024-12-04,Saus Sambal,Sembako,12.0,13000,156000.0,524.0
2024-10-22,Gula Pasir,Sembako,7.0,16000,112000.0,180.0
2024-04-06,Sereal Sarapan,Produk Susu,7.0,25000,175000.0,112.0
2024-07-31,Minyak Goreng,Sembako,11.0,28000,308000.0,161.0
2025-04-04,Sereal Sarapan,Produk Susu,7.0,25000,175000.0,537.0
2024-02-29,Roti Tawar,Snack,15.0,15000,225000.0,205.0
2025-04-05,Kopi Sachet,Minuman,12.0,2500,30000.0,133.0
2024-02-03,Beras Medium,Sembako,8.0,65000,520000.0,291.0
2024-06-17,Sereal Sarapan,Produk Susu,13.0,25000,325000.0,628.0
2023-09-05,Gula Pasir,Sembako,12.0,16000,192000.0,271.0
2023-02-24,Kecap Manis,Sembako,7.0,15000,105000.0,506.0
2025-11-17,Beras Premium,Sembako,11.0,75000,825000.0,217.0
2025-06-13,Roti Tawar,Snack,10.0,15000,150000.0,267.0
2023-06-21,Kopi Botol,Minuman,6.0,7000,42000.0,257.0
2023-06-01,Kopi Botol,Minuman,8.0,7000,56000.0,429.0
2025-03-23,Tepung Terigu,Sembako,5.0,14000,70000.0,485.0
2023-04-21,Minyak Goreng,Sembako,15.0,28000,420000.0,481.0
2023-12-30,Kopi Sachet,Minuman,15.0,2500,37500.0,280.0
2024-08-13,Wafer Coklat,Snack,13.0,8000,104000.0,672.0
2025-10-30,Sereal Sarapan,Produk Susu,8.0,25000,200000.0,465.0
2025-03-24,Yogurt Botol,Produk Susu,2.0,10000,20000.0,433.0
2023-04-20,Air Mineral,Minuman,14.0,4000,56000.0,261.0
2024-01-03,Susu Kental Manis,Produk Susu,4.0,12000,48000.0,130.0
2024-05-27,Keripik Kentang,Snack,1.0,12000,12000.0,271.0
2025-06-14,Teh Botol,Minuman,13.0,5000,65000.0,84.0
2025-03-18,Minuman Isotonik,Minuman,8.0,8500,68000.0,365.0
2023-03-31,Teh Botol,Minuman,3.0,5000,15000.0,304.0
2025-02-15,Susu UHT,Produk Susu,11.0,9000,99000.0,454.0
2024-06-18,Indomie Goreng,Makanan Instan,7.0,3500,24500.0,481.0
2025-10-01,Coklat Batang,Snack,10.0,11000,110000.0,265.0
2024-03-31,Roti Tawar,Snack,13.0,15000,195000.0,146.0
2023-12-29,Mie Ayam Instan,Makanan Instan,6.0,4000,24000.0,574.0
2023-09-27,Ramen Pedas,Makanan Instan,3.0,7000,21000.0,177.0
2025-01-22,Air Mineral,Minuman,18.0,4000,72000.0,454.0
2025-05-22,Mie Ayam Instan,Makanan Instan,16.0,4000,64000.0,96.0
2023-08-26,Susu Kental Manis,Produk Susu,2.0,12000,24000.0,81.0
2024-04-25,Kopi Sachet,Minuman,9.0,2500,22500.0,574.0
2024-06-25,Beras Premium,Sembako,13.0,75000,975000.0,275.0
2023-02-20,Air Mineral,Minuman,14.0,4000,56000.0,94.0
2024-05-12,,Makanan Instan,4.0,4000,,
2023-08-04,Mie Ayam Instan,Makanan Instan,9.0,4000,36000.0,136.0
2024-09-05,Beras Medium,Sembako,7.0,65000,455000.0,95.0
2025-09-02,Saus Sambal,Sembako,11.0,13000,143000.0,462.0
2025-03-17,Wafer Coklat,Snack,7.0,8000,56000.0,614.0
2023-05-05,Telur Ayam,Sembako,4.0,30000,120000.0,453.0
2023-05-20,Beras Premium,Sembako,14.0,75000,1050000.0,294.0
2025-10-03,Kopi Botol,Minuman,,7000,28000.0,540.0
2025-08-20,Susu UHT,Produk Susu,5.0,9000,45000.0,581.0
2024-01-09,Sereal Sarapan,Produk Susu,8.0,25000,200000.0,529.0
2023-04-30,,Snack,,12000,24000.0,293.0
2024-12-01,Susu Kental Manis,Produk Susu,4.0,12000,48000.0,250.0
2025-01-10,Teh Celup,Minuman,15.0,8000,120000.0,289.0
2025-03-16,Mie Ayam Instan,Makanan Instan,13.0,4000,52000.0,110.0
2023-05-16,Kopi Sachet,Minuman,15.0,2500,37500.0,654.0
2024-01-23,Minuman Isotonik,Minuman,14.0,8500,119000.0,294.0
2025-09-23,Keju Slice,Produk Susu,14.0,18000,252000.0,317.0
2025-04-18,Beras Premium,Sembako,5.0,75000,375000.0,75.0
2023-05-08,Kopi Sachet,Minuman,4.0,2500,10000.0,178.0
2024-05-30,Minuman Isotonik,Minuman,7.0,8500,59500.0,177.0
2025-07-26,Teh Celup,Minuman,12.0,8000,96000.0,355.0
2025-09-21,Keju Slice,Produk Susu,8.0,18000,144000.0,254.0
2024-02-17,Gula Pasir,Sembako,12.0,16000,192000.0,338.0
2025-06-25,Sereal Sarapan,Produk Susu,14.0,25000,350000.0,197.0
2023-11-04,,Minuman,3.0,7000,21000.0,399.0
2023-10-31,Ramen Pedas,Makanan Instan,8.0,7000,56000.0,69.0
2024-08-28,Teh Celup,Minuman,6.0,8000,48000.0,705.0
2023-08-09,Teh Celup,Minuman,1.0,8000,8000.0,99.0
2025-03-24,Beras Medium,Sembako,3.0,65000,195000.0,344.0
2025-09-19,Coklat Batang,Snack,16.0,11000,176000.0,112.0
2024-05-05,Wafer Coklat,Snack,11.0,8000,88000.0,426.0
2025-12-06,Biskuit Coklat,Snack,5.0,9000,45000.0,244.0
2023-07-10,Susu Kental Manis,Produk Susu,4.0,12000,48000.0,143.0
2024-01-27,Wafer Coklat,Snack,14.0,8000,112000.0,316.0
2023-02-10,Jus Kotak,Minuman,12.0,7000,84000.0,148.0
2024-06-22,Yogurt Botol,Produk Susu,10.0,10000,100000.0,726.0
2024-07-22,Teh Botol,Minuman,12.0,5000,60000.0,97.0
2024-03-06,Telur Ayam,Sembako,12.0,30000,360000.0,431.0
2023-10-16,Wafer Coklat,Snack,13.0,8000,104000.0,538.0
2025-03-10,Jus Kotak,Minuman,10.0,7000,70000.0,330.0
2024-11-12,Kopi Botol,Minuman,5.0,7000,35000.0,343.0
2025-03-09,Kacang Panggang,Snack,11.0,10000,110000.0,412.0
2023-05-26,Sereal Sarapan,Produk Susu,10.0,25000,250000.0,327.0
2025-03-23,Kecap Manis,Sembako,17.0,15000,255000.0,601.0
2024-05-23,Roti Tawar,Snack,7.0,15000,105000.0,217.0
2025-12-20,Minuman Isotonik,Minuman,19.0,8500,161500.0,367.0
2023-08-09,Keripik Kentang,Snack,10.0,12000,120000.0,282.0
2025-12-27,Mie Ayam Instan,Makanan Instan,13.0,4000,52000.0,408.0
2023-06-07,Sereal Sarapan,Produk Susu,10.0,25000,250000.0,641.0
2023-03-13,Jus Kotak,Minuman,11.0,7000,77000.0,508.0
2024-09-09,Keju Slice,Produk Susu,10.0,18000,180000.0,223.0
2023-08-31,Teh Botol,Minuman,4.0,5000,20000.0,101.0
2025-07-09,Beras Medium,Sembako,11.0,65000,715000.0,133.0
2025-09-01,Wafer Coklat,Snack,13.0,8000,104000.0,272.0
2023-07-06,Minuman Isotonik,Minuman,11.0,8500,93500.0,188.0
2025-06-04,Telur Ayam,Sembako,18.0,30000,540000.0,273.0
2024-05-28,Kopi Sachet,Minuman,15.0,2500,37500.0,177.0
2023-04-17,Keju Slice,Produk Susu,3.0,18000,54000.0,197.0
2025-11-09,Keripik Kentang,Snack,8.0,12000,96000.0,59.0
2024-12-02,Kacang Panggang,Snack,15.0,10000,150000.0,103.0
2024-08-18,Coklat Batang,Snack,2.0,11000,22000.0,666.0
2023-12-05,Kopi Botol,Minuman,2.0,7000,14000.0,100.0
2025-09-06,Susu Kental Manis,Produk Susu,13.0,12000,156000.0,229.0
2023-11-12,Tepung Terigu,Sembako,7.0,14000,98000.0,478.0
2024-10-25,Biskuit Coklat,Snack,1.0,9000,9000.0,206.0
2023-05-05,Keju Slice,Produk Susu,6.0,18000,108000.0,141.0
2023-10-01,Teh Botol,Minuman,9.0,5000,45000.0,316.0
2024-06-30,Minyak Goreng,Sembako,9.0,28000,252000.0,298.0
2023-06-01,Kopi Sachet,Minuman,8.0,2500,20000.0,501.0
2025-08-14,Susu Kental Manis,Produk Susu,15.0,12000,180000.0,543.0
2025-08-01,Keripik Kentang,Snack,14.0,12000,168000.0,107.0
2025-06-02,Sereal Sarapan,Produk Susu,13.0,25000,325000.0,357.0
2025-05-23,Jus Kotak,Minuman,10.0,7000,70000.0,508.0
2025-06-20,Gula Pasir,Sembako,15.0,16000,240000.0,295.0
2024-01-21,,Makanan Instan,15.0,4000,,
2023-01-10,Biskuit Coklat,Snack,5.0,9000,45000.0,284.0
2023-10-14,Keju Slice,Produk Susu,12.0,18000,216000.0,236.0
2024-02-24,Roti Tawar,Snack,4.0,15000,60000.0,201.0
2024-02-09,Ramen Pedas,Makanan Instan,,7000,98000.0,
2023-12-06,Beras Medium,Sembako,12.0,65000,780000.0,338.0
2025-07-20,Teh Celup,Minuman,10.0,8000,80000.0,405.0
2023-12-23,Kecap Manis,Sembako,,15000,,526.0
2025-02-27,Kacang Panggang,Snack,4.0,10000,40000.0,678.0
2024-05-26,Indomie Goreng,Makanan Instan,14.0,3500,49000.0,99.0
2024-10-30,Sereal Sarapan,Produk Susu,10.0,25000,250000.0,448.0
2024-03-26,Minuman Isotonik,Minuman,5.0,8500,42500.0,235.0
2024-03-07,Sereal Sarapan,Produk Susu,5.0,25000,125000.0,63.0
2025-05-26,,Snack,5.0,12000,,
2025-05-01,Wafer Coklat,Snack,18.0,8000,144000.0,354.0
2024-10-29,Coklat Batang,Snack,4.0,11000,44000.0,231.0
2023-06-21,Tepung Terigu,Sembako,5.0,14000,70000.0,400.0
2024-08-15,Yogurt Botol,Produk Susu,11.0,10000,110000.0,61.0
2025-10-28,,Sembako,,15000,,
2024-08-26,Susu Kental Manis,Produk Susu,6.0,12000,72000.0,72.0
2023-09-27,Kopi Botol,Minuman,2.0,7000,14000.0,277.0
2024-10-10,Kacang Panggang,Snack,7.0,10000,70000.0,433.0
2023-09-27,Saus Sambal,Sembako,6.0,13000,78000.0,485.0
2024-01-22,Beras Medium,Sembako,13.0,65000,845000.0,312.0
2024-06-18,Sereal Sarapan,Produk Susu,2.0,25000,50000.0,400.0
2025-09-07,Kacang Panggang,Snack,10.0,10000,100000.0,581.0
2024-09-15,Indomie Soto,Makanan Instan,3.0,3500,10500.0,227.0
2023-08-16,Wafer Coklat,Snack,6.0,8000,48000.0,86.0
2023-10-20,Indomie Goreng,Makanan Instan,14.0,3500,49000.0,515.0
2025-09-28,Jus Kotak,Minuman,17.0,7000,119000.0,410.0
2023-11-18,Susu Kental Manis,Produk Susu,5.0,12000,60000.0,51.0
2025-09-28,Minyak Goreng,Sembako,6.0,28000,168000.0,198.0
2023-11-27,Kacang Panggang,Snack,1.0,10000,10000.0,154.0
2023-10-07,Teh Botol,Minuman,6.0,5000,30000.0,271.0
2023-05-15,Roti Tawar,Snack,14.0,15000,210000.0,150.0
2023-03-11,Susu UHT,Produk Susu,6.0,9000,54000.0,174.0
2023-04-19,Ramen Pedas,Makanan Instan,15.0,7000,105000.0,50.0
2025-09-16,Teh Botol,Minuman,17.0,5000,85000.0,305.0
2023-09-03,Yogurt Botol,Produk Susu,3.0,10000,30000.0,376.0
2023-04-25,Kopi Sachet,Minuman,6.0,2500,15000.0,58.0
2024-05-14,Telur Ayam,Sembako,3.0,30000,90000.0,368.0
2024-12-21,Teh Celup,Minuman,8.0,8000,64000.0,91.0
2024-03-17,,Sembako,14.0,14000,196000.0,529.0
2025-05-13,Biskuit Coklat,Snack,4.0,9000,36000.0,331.0
2025-10-18,Air Mineral,Minuman,10.0,4000,40000.0,98.0
2024-04-08,Minyak Goreng,Sembako,2.0,28000,56000.0,462.0
2025-09-18,Coklat Batang,Snack,8.0,11000,88000.0,505.0
2024-11-09,Teh Celup,Minuman,11.0,8000,88000.0,408.0
2025-05-31,Keju Slice,Produk Susu,3.0,18000,54000.0,405.0
2023-03-27,Ramen Pedas,Makanan Instan,1.0,7000,7000.0,309.0
2025-08-08,Kacang Panggang,Snack,12.0,10000,120000.0,194.0
2025-01-07,Telur Ayam,Sembako,14.0,30000,420000.0,135.0
2023-07-25,Saus Sambal,Sembako,14.0,13000,,
2024-01-30,Saus Sambal,Sembako,8.0,13000,104000.0,223.0
2023-01-14,Indomie Goreng,Makanan Instan,9.0,3500,31500.0,456.0
2024-12-10,Jus Kotak,Minuman,13.0,7000,91000.0,458.0
2023-03-13,Ramen Pedas,Makanan Instan,2.0,7000,14000.0,107.0
2023-10-27,Sereal Sarapan,Produk Susu,1.0,25000,25000.0,285.0
2024-09-03,Wafer Coklat,Snack,16.0,8000,128000.0,386.0
2025-11-24,Yogurt Botol,Produk Susu,3.0,10000,30000.0,353.0
2024-03-25,Teh Celup,Minuman,13.0,8000,104000.0,59.0
2025-09-06,Yogurt Botol,Produk Susu,16.0,10000,160000.0,135.0
2024-11-13,Beras Premium,Sembako,13.0,75000,975000.0,400.0
2023-08-17,Mie Ayam Instan,Makanan Instan,2.0,4000,8000.0,76.0
2024-08-03,Saus Sambal,Sembako,15.0,13000,195000.0,83.0
2024-07-05,Ramen Pedas,Makanan Instan,7.0,7000,49000.0,214.0
2024-02-29,Teh Botol,Minuman,,5000,55000.0,193.0
2023-03-30,Beras Medium,Sembako,1.0,65000,65000.0,169.0
2023-11-15,Tepung Terigu,Sembako,5.0,14000,70000.0,207.0
2024-10-30,Kopi Sachet,Minuman,10.0,2500,25000.0,685.0
2025-04-26,Minuman Isotonik,Minuman,13.0,8500,110500.0,88.0
2023-11-12,Biskuit Coklat,Snack,3.0,9000,27000.0,147.0
2024-09-14,Yogurt Botol,Produk Susu,13.0,10000,130000.0,259.0
2023-06-23,Sereal Sarapan,Produk Susu,15.0,25000,375000.0,75.0
2024-03-26,Ramen Pedas,Makanan Instan,14.0,7000,98000.0,473.0
2023-03-18,Coklat Batang,Snack,15.0,11000,165000.0,331.0
2025-11-05,Beras Medium,Sembako,2.0,65000,130000.0,259.0
2024-06-29,Indomie Soto,Makanan Instan,4.0,3500,14000.0,215.0
2025-10-23,Wafer Coklat,Snack,17.0,8000,136000.0,145.0
2023-04-18,Roti Tawar,Snack,5.0,15000,75000.0,245.0
2024-07-01,Saus Sambal,Sembako,11.0,13000,143000.0,515.0
2025-06-15,Telur Ayam,Sembako,11.0,30000,330000.0,287.0
2025-12-06,Yogurt Botol,Produk Susu,12.0,10000,120000.0,211.0
2023-04-03,Susu UHT,Produk Susu,8.0,9000,72000.0,230.0
2024-05-01,Saus Sambal,Sembako,7.0,13000,91000.0,83.0
2025-01-14,Kopi Botol,Minuman,19.0,7000,133000.0,103.0
2024-07-31,Ramen Pedas,Makanan Instan,5.0,7000,35000.0,193.0
2023-06-12,Keripik Kentang,Snack,1.0,12000,12000.0,380.0
2025-07-27,Kopi Sachet,Minuman,15.0,2500,37500.0,221.0
2023-02-09,Biskuit Coklat,Snack,5.0,9000,45000.0,181.0
2023-10-18,Teh Botol,Minuman,6.0,5000,30000.0,85.0
2024-09-27,Beras Medium,Sembako,10.0,65000,650000.0,376.0
2023-02-12,Coklat Batang,Snack,3.0,11000,33000.0,302.0
2023-11-24,Jus Kotak,Minuman,6.0,7000,42000.0,518.0
2023-12-30,Yogurt Botol,Produk Susu,9.0,10000,90000.0,703.0
2025-04-24,Keripik Kentang,Snack,12.0,12000,144000.0,539.0
2025-10-02,Kopi Botol,Minuman,3.0,7000,21000.0,590.0
2024-02-10,Susu UHT,Produk Susu,4.0,9000,36000.0,425.0
2023-07-16,Susu UHT,Produk Susu,10.0,9000,90000.0,206.0
2025-10-01,Kacang Panggang,Snack,,10000,130000.0,63.0
2023-10-06,Keripik Kentang,Snack,5.0,12000,60000.0,124.0
2024-03-25,Roti Tawar,Snack,12.0,15000,180000.0,535.0
2023-07-15,Biskuit Coklat,Snack,9.0,9000,81000.0,510.0
2023-07-29,Susu Kental Manis,Produk Susu,12.0,12000,144000.0,219.0
2025-12-30,Susu UHT,Produk Susu,16.0,9000,144000.0,69.0
2024-12-02,Saus Sambal,Sembako,12.0,13000,156000.0,334.0
2025-02-26,Roti Tawar,Snack,8.0,15000,120000.0,366.0
2024-02-12,Minuman Isotonik,Minuman,4.0,8500,34000.0,489.0
2023-09-07,Tepung Terigu,Sembako,11.0,14000,154000.0,381.0
2023-09-01,Air Mineral,Minuman,15.0,4000,60000.0,527.0
2023-07-14,Coklat Batang,Snack,12.0,11000,132000.0,432.0
2024-05-11,Coklat Batang,Snack,9.0,11000,99000.0,181.0
2023-06-13,Kecap Manis,Sembako,8.0,15000,120000.0,109.0
2024-04-25,Teh Celup,Minuman,8.0,8000,64000.0,488.0
2025-08-17,Kopi Sachet,Minuman,6.0,2500,15000.0,159.0
2024-06-26,Teh Botol,Minuman,4.0,5000,20000.0,136.0
2023-08-30,Gula Pasir,Sembako,5.0,16000,80000.0,63.0
2023-07-04,Indomie Soto,Makanan Instan,1.0,3500,3500.0,132.0
2025-02-18,Beras Medium,Sembako,5.0,65000,325000.0,228.0
2023-06-28,Kopi Botol,Minuman,5.0,7000,35000.0,511.0
2023-07-12,Sereal Sarapan,Produk Susu,2.0,25000,50000.0,170.0
2023-12-04,Susu Kental Manis,Produk Susu,6.0,12000,72000.0,362.0
2023-02-20,Beras Medium,Sembako,10.0,65000,650000.0,410.0
2024-11-10,Beras Premium,Sembako,16.0,75000,1200000.0,706.0
2024-11-16,Wafer Coklat,Snack,3.0,8000,24000.0,261.0
2024-09-24,Wafer Coklat,Snack,11.0,8000,88000.0,141.0
2023-12-17,Kacang Panggang,Snack,9.0,10000,90000.0,207.0
2025-06-20,Gula Pasir,Sembako,14.0,16000,224000.0,356.0
2024-03-15,Gula Pasir,Sembako,15.0,16000,240000.0,445.0
2023-04-04,Gula Pasir,Sembako,9.0,16000,144000.0,469.0
2024-09-17,Teh Celup,Minuman,14.0,8000,112000.0,653.0
2024-07-26,Minuman Isotonik,Minuman,13.0,8500,110500.0,354.0
2023-08-27,Air Mineral,Minuman,5.0,4000,20000.0,172.0
2024-06-22,Susu Kental Manis,Produk Susu,11.0,12000,132000.0,147.0
2024-03-09,Susu Kental Manis,Produk Susu,9.0,12000,108000.0,210.0
2025-01-29,Yogurt Botol,Produk Susu,10.0,10000,100000.0,117.0
2025-06-08,Keripik Kentang,Snack,9.0,12000,108000.0,326.0
2025-03-18,Biskuit Coklat,Snack,10.0,9000,90000.0,345.0
2024-02-14,Minyak Goreng,Sembako,14.0,28000,392000.0,614.0
2024-12-04,Sereal Sarapan,Produk Susu,5.0,25000,125000.0,119.0
2024-07-12,Beras Medium,Sembako,10.0,65000,650000.0,313.0
2023-11-07,Minuman Isotonik,Minuman,12.0,8500,102000.0,215.0
2024-01-18,Kopi Sachet,Minuman,10.0,2500,25000.0,521.0
2025-06-10,,Minuman,14.0,7000,,
2025-12-18,Teh Botol,Minuman,4.0,5000,20000.0,668.0
2025-11-12,Yogurt Botol,Produk Susu,7.0,10000,70000.0,564.0
2025-03-15,Minyak Goreng,Sembako,7.0,28000,196000.0,559.0
2023-03-13,Indomie Goreng,Makanan Instan,14.0,3500,49000.0,603.0
2023-11-17,Kopi Sachet,Minuman,9.0,2500,22500.0,108.0
2023-09-24,Susu Kental Manis,Produk Susu,8.0,12000,96000.0,296.0
2023-11-14,Minuman Isotonik,Minuman,8.0,8500,68000.0,87.0
2024-11-02,Teh Botol,Minuman,3.0,5000,15000.0,60.0
2024-07-06,Ramen Pedas,Makanan Instan,13.0,7000,91000.0,460.0
2025-07-29,Susu UHT,Produk Susu,12.0,9000,108000.0,465.0
2025-07-10,Kecap Manis,Sembako,16.0,15000,240000.0,86.0
2024-02-07,Jus Kotak,Minuman,7.0,7000,49000.0,334.0
2024-04-25,Indomie Goreng,Makanan Instan,9.0,3500,31500.0,397.0
2024-02-03,Jus Kotak,Minuman,8.0,7000,56000.0,144.0
2024-01-28,Teh Celup,Minuman,4.0,8000,32000.0,439.0
2023-03-14,Coklat Batang,Snack,10.0,11000,110000.0,102.0
2023-06-01,Mie Ayam Instan,Makanan Instan,9.0,4000,36000.0,161.0
2024-10-20,Keju Slice,Produk Susu,15.0,18000,270000.0,582.0
2024-07-27,Jus Kotak,Minuman,4.0,7000,28000.0,186.0
2025-11-01,Teh Botol,Minuman,6.0,5000,30000.0,137.0
2023-03-22,Jus Kotak,Minuman,13.0,7000,91000.0,375.0
2025-09-01,Mie Ayam Instan,Makanan Instan,11.0,4000,44000.0,446.0
2023-03-02,Yogurt Botol,Produk Susu,3.0,10000,30000.0,174.0
2025-09-07,Coklat Batang,Snack,16.0,11000,176000.0,179.0
2025-11-17,Beras Medium,Sembako,15.0,65000,975000.0,395.0
2023-07-03,Telur Ayam,Sembako,7.0,30000,210000.0,370.0
2025-11-15,Teh Celup,Minuman,8.0,8000,64000.0,520.0
2025-07-25,Yogurt Botol,Produk Susu,15.0,10000,150000.0,78.0
2023-07-08,Gula Pasir,Sembako,10.0,16000,160000.0,310.0
2025-09-02,Kacang Panggang,Snack,16.0,10000,160000.0,117.0
2024-04-20,Kopi Botol,Minuman,,7000,,290.0
2023-09-22,Air Mineral,Minuman,,4000,12000.0,
2025-04-16,Telur Ayam,Sembako,7.0,30000,210000.0,261.0
2025-12-11,Minuman Isotonik,Minuman,9.0,8500,76500.0,345.0
2025-01-28,Yogurt Botol,Produk Susu,17.0,10000,170000.0,568.0
2025-07-23,Sereal Sarapan,Produk Susu,12.0,25000,300000.0,418.0
2025-03-15,Sereal Sarapan,Produk Susu,10.0,25000,250000.0,494.0
2023-07-28,Coklat Batang,Snack,11.0,11000,121000.0,522.0
2025-05-25,Minuman Isotonik,Minuman,6.0,8500,51000.0,322.0
2024-05-27,Kopi Sachet,Minuman,7.0,2500,17500.0,454.0
2024-12-04,Saus Sambal,Sembako,9.0,13000,117000.0,562.0
2023-08-02,Ramen Pedas,Makanan Instan,2.0,7000,14000.0,142.0
2023-10-24,,Snack,11.0,11000,121000.0,73.0
2025-02-17,Sereal Sarapan,Produk Susu,4.0,25000,100000.0,226.0
2025-06-01,Teh Botol,Minuman,17.0,5000,85000.0,146.0
2024-08-16,Teh Botol,Minuman,16.0,5000,80000.0,177.0
2024-09-19,Saus Sambal,Sembako,4.0,13000,52000.0,511.0
2023-01-20,Coklat Batang,Snack,8.0,11000,88000.0,572.0
2025-08-18,Mie Ayam Instan,Makanan Instan,11.0,4000,44000.0,165.0
2023-11-04,Yogurt Botol,Produk Susu,9.0,10000,90000.0,341.0
2025-11-30,Sereal Sarapan,Produk Susu,17.0,25000,425000.0,586.0
2023-10-23,Ramen Pedas,Makanan Instan,15.0,7000,105000.0,435.0
2025-03-19,Telur Ayam,Sembako,14.0,30000,420000.0,410.0
2023-09-15,Sereal Sarapan,Produk Susu,5.0,25000,125000.0,460.0
2025-10-21,Ramen Pedas,Makanan Instan,16.0,7000,112000.0,568.0
2024-03-12,Teh Botol,Minuman,13.0,5000,65000.0,119.0
2024-04-15,Teh Botol,Minuman,5.0,5000,25000.0,132.0
2024-03-05,Tepung Terigu,Sembako,17.0,14000,238000.0,328.0
2025-12-16,Keju Slice,Produk Susu,15.0,18000,270000.0,56.0
2024-09-18,Kopi Sachet,Minuman,14.0,2500,35000.0,225.0
2023-03-15,Beras Medium,Sembako,8.0,65000,520000.0,479.0
2025-11-23,Kecap Manis,Sembako,4.0,15000,60000.0,235.0
2023-05-30,Sereal Sarapan,Produk Susu,13.0,25000,325000.0,474.0
2024-05-08,Air Mineral,Minuman,14.0,4000,56000.0,368.0
2023-02-21,Air Mineral,Minuman,10.0,4000,40000.0,505.0
2024-11-24,Keripik Kentang,Snack,10.0,12000,120000.0,270.0
2023-08-29,Telur Ayam,Sembako,7.0,30000,210000.0,527.0
2025-01-03,Minyak Goreng,Sembako,16.0,28000,448000.0,598.0
2024-09-25,Susu UHT,Produk Susu,13.0,9000,117000.0,324.0
2023-04-22,Telur Ayam,Sembako,13.0,30000,390000.0,439.0
2023-04-21,Beras Medium,Sembako,2.0,65000,130000.0,216.0
2025-03-06,Indomie Soto,Makanan Instan,15.0,3500,52500.0,330.0
2025-03-03,Teh Botol,Minuman,18.0,5000,90000.0,424.0
2023-07-05,Kecap Manis,Sembako,3.0,15000,45000.0,353.0
2024-02-12,Teh Celup,Minuman,6.0,8000,48000.0,617.0
2025-06-14,Indomie Goreng,Makanan Instan,3.0,3500,10500.0,204.0
2023-05-08,Susu Kental Manis,Produk Susu,4.0,12000,48000.0,514.0
2023-02-08,Keripik Kentang,Snack,15.0,12000,180000.0,461.0
2025-10-07,Keripik Kentang,Snack,6.0,12000,72000.0,299.0
2023-10-19,Kopi Sachet,Minuman,7.0,2500,17500.0,514.0
2023-08-29,Roti Tawar,Snack,11.0,15000,165000.0,295.0
2024-10-11,Air Mineral,Minuman,9.0,4000,36000.0,387.0
2025-10-08,Susu Kental Manis,Produk Susu,7.0,12000,84000.0,334.0
2025-08-01,Wafer Coklat,Snack,17.0,8000,136000.0,166.0
2024-06-19,Coklat Batang,Snack,9.0,11000,99000.0,319.0
2025-03-14,Air Mineral,Minuman,13.0,4000,52000.0,527.0
2025-01-11,Keju Slice,Produk Susu,8.0,18000,144000.0,466.0
2025-09-17,Coklat Batang,Snack,7.0,11000,77000.0,520.0
2023-05-25,Coklat Batang,Snack,14.0,11000,154000.0,425.0
2023-12-23,Kecap Manis,Sembako,6.0,15000,90000.0,526.0
2025-06-27,Minuman Isotonik,Minuman,8.0,8500,68000.0,423.0
2023-01-24,Kopi Botol,Minuman,11.0,7000,77000.0,402.0
2025-11-16,Coklat Batang,Snack,12.0,11000,132000.0,195.0
2023-05-27,Indomie Goreng,Makanan Instan,11.0,3500,38500.0,126.0
2024-02-11,Yogurt Botol,Produk Susu,7.0,10000,70000.0,128.0
2024-10-15,Kopi Sachet,Minuman,13.0,2500,32500.0,480.0
2023-06-23,Kecap Manis,Sembako,15.0,15000,225000.0,639.0
2023-12-01,Ramen Pedas,Makanan Instan,1.0,7000,7000.0,253.0
2025-08-31,Minyak Goreng,Sembako,6.0,28000,168000.0,155.0
2024-01-17,Indomie Goreng,Makanan Instan,10.0,3500,35000.0,505.0
2025-01-13,Ramen Pedas,Makanan Instan,18.0,7000,126000.0,650.0
2023-11-24,Kopi Botol,Minuman,8.0,7000,56000.0,63.0
2023-03-14,Gula Pasir,Sembako,10.0,16000,160000.0,63.0
2025-12-07,Minuman Isotonik,Minuman,18.0,8500,153000.0,537.0
2024-03-31,Air Mineral,Minuman,5.0,4000,20000.0,570.0
2024-05-09,Susu UHT,Produk Susu,13.0,9000,117000.0,223.0
2024-04-12,Saus Sambal,Sembako,8.0,13000,104000.0,536.0
2024-02-10,Keju Slice,Produk Susu,7.0,18000,126000.0,524.0
2024-11-10,Telur Ayam,Sembako,8.0,30000,240000.0,174.0
2023-08-08,Yogurt Botol,Produk Susu,3.0,10000,30000.0,223.0
2024-11-29,Sereal Sarapan,Produk Susu,7.0,25000,175000.0,573.0
2025-12-16,Kopi Botol,Minuman,14.0,7000,98000.0,330.0
2024-01-09,Wafer Coklat,Snack,13.0,8000,104000.0,236.0
2025-02-06,Beras Premium,Sembako,11.0,75000,825000.0,285.0
2024-07-12,Keripik Kentang,Snack,7.0,12000,84000.0,232.0
2025-06-25,Keju Slice,Produk Susu,7.0,18000,126000.0,368.0
2023-02-13,Keju Slice,Produk Susu,3.0,18000,54000.0,687.0
2025-04-19,Tepung Terigu,Sembako,8.0,14000,112000.0,144.0
2025-07-14,Yogurt Botol,Produk Susu,2.0,10000,20000.0,147.0
2023-01-25,Susu UHT,Produk Susu,8.0,9000,72000.0,188.0
2024-06-30,Beras Medium,Sembako,2.0,65000,130000.0,190.0
2023-06-30,Keju Slice,Produk Susu,3.0,18000,54000.0,255.0
2024-07-16,Indomie Goreng,Makanan Instan,14.0,3500,49000.0,418.0
2023-11-22,Keju Slice,Produk Susu,2.0,18000,36000.0,272.0
2023-09-21,Gula Pasir,Sembako,2.0,16000,32000.0,126.0
2025-09-17,Susu UHT,Produk Susu,15.0,9000,135000.0,167.0
2024-02-17,Kecap Manis,Sembako,13.0,15000,195000.0,290.0
2023-07-01,Susu Kental Manis,Produk Susu,13.0,12000,156000.0,239.0
2023-10-19,Yogurt Botol,Produk Susu,11.0,10000,110000.0,715.0
2023-05-17,Minuman Isotonik,Minuman,1.0,8500,8500.0,86.0
2023-11-01,Telur Ayam,Sembako,6.0,30000,180000.0,340.0
2024-04-19,Indomie Goreng,Makanan Instan,4.0,3500,,57.0
2024-04-25,Indomie Soto,Makanan Instan,6.0,3500,21000.0,149.0
2025-02-09,Beras Premium,Sembako,16.0,75000,1200000.0,497.0
2023-09-07,Susu Kental Manis,Produk Susu,10.0,12000,120000.0,232.0
2024-06-30,Saus Sambal,Sembako,15.0,13000,195000.0,617.0
2025-01-04,Indomie Soto,Makanan Instan,18.0,3500,63000.0,399.0
2025-09-26,Coklat Batang,Snack,11.0,11000,121000.0,343.0
2025-02-14,Gula Pasir,Sembako,9.0,16000,144000.0,94.0
2025-05-26,Air Mineral,Minuman,7.0,4000,28000.0,121.0
2023-03-15,Minuman Isotonik,Minuman,8.0,8500,68000.0,168.0
2025-04-10,Kopi Botol,Minuman,18.0,7000,126000.0,359.0
2025-05-03,Coklat Batang,Snack,16.0,11000,176000.0,596.0
2025-06-03,Susu UHT,Produk Susu,7.0,9000,63000.0,434.0
2023-01-11,Mie Ayam Instan,Makanan Instan,5.0,4000,20000.0,75.0
2024-05-16,Kopi Botol,Minuman,6.0,7000,42000.0,219.0
2023-03-25,Jus Kotak,Minuman,2.0,7000,14000.0,492.0
2025-06-26,Kacang Panggang,Snack,15.0,10000,150000.0,240.0
2023-05-29,Kopi Botol,Minuman,6.0,7000,42000.0,76.0
2025-12-23,Roti Tawar,Snack,6.0,15000,90000.0,646.0
2023-03-18,Teh Celup,Minuman,7.0,8000,56000.0,239.0
2023-05-18,Jus Kotak,Minuman,9.0,7000,63000.0,53.0
2023-03-01,Susu Kental Manis,Produk Susu,3.0,12000,36000.0,191.0
2023-11-27,Beras Medium,Sembako,11.0,65000,715000.0,237.0
2023-05-19,Teh Celup,Minuman,9.0,8000,72000.0,480.0
2023-02-01,Beras Premium,Sembako,5.0,75000,375000.0,517.0
2023-07-18,Minuman Isotonik,Minuman,2.0,8500,17000.0,82.0
2023-07-30,Air Mineral,Minuman,11.0,4000,44000.0,398.0
2023-06-26,Keripik Kentang,Snack,2.0,12000,24000.0,185.0
2023-01-16,Saus Sambal,Sembako,10.0,13000,130000.0,674.0
2024-12-05,Kopi Sachet,Minuman,4.0,2500,10000.0,673.0
2023-07-20,Keju Slice,Produk Susu,1.0,18000,18000.0,569.0
2023-11-09,Teh Celup,Minuman,11.0,8000,88000.0,586.0
2023-02-04,Wafer Coklat,Snack,6.0,8000,48000.0,339.0
2024-04-13,Kecap Manis,Sembako,15.0,15000,225000.0,260.0
2023-07-26,Jus Kotak,Minuman,5.0,7000,35000.0,244.0
2025-08-31,Susu Kental Manis,Produk Susu,9.0,12000,108000.0,100.0
2024-09-15,Beras Medium,Sembako,3.0,65000,195000.0,161.0
2024-02-20,Mie Ayam Instan,Makanan Instan,5.0,4000,20000.0,725.0
2023-04-11,,Makanan Instan,11.0,7000,,76.0
2023-02-22,Ramen Pedas,Makanan Instan,15.0,7000,105000.0,606.0
2025-07-26,Mie Ayam Instan,Makanan Instan,4.0,4000,16000.0,146.0
2025-04-25,Tepung Terigu,Sembako,6.0,14000,84000.0,164.0
2023-12-22,Indomie Goreng,Makanan Instan,7.0,3500,24500.0,521.0
2025-12-22,Coklat Batang,Snack,8.0,11000,88000.0,386.0
2023-09-01,Tepung Terigu,Sembako,3.0,14000,42000.0,238.0
2024-01-12,Biskuit Coklat,Snack,4.0,9000,36000.0,151.0
2023-03-08,Minyak Goreng,Sembako,4.0,28000,112000.0,343.0
2025-03-15,Kacang Panggang,Snack,9.0,10000,90000.0,474.0
2025-09-23,Sereal Sarapan,Produk Susu,7.0,25000,175000.0,278.0
2025-12-10,Wafer Coklat,Snack,10.0,8000,80000.0,345.0
2025-06-07,Ramen Pedas,Makanan Instan,10.0,7000,70000.0,543.0
2023-07-18,Beras Premium,Sembako,2.0,75000,150000.0,88.0
2025-05-02,Gula Pasir,Sembako,18.0,16000,288000.0,138.0
2024-04-28,Tepung Terigu,Sembako,8.0,14000,112000.0,105.0
2023-08-24,Indomie Soto,Makanan Instan,1.0,3500,3500.0,158.0
2023-08-26,Minuman Isotonik,Minuman,2.0,8500,17000.0,413.0
2023-01-29,Telur Ayam,Sembako,9.0,30000,270000.0,234.0
2025-04-13,Saus Sambal,Sembako,18.0,13000,234000.0,451.0
2023-11-30,Indomie Soto,Makanan Instan,14.0,3500,49000.0,96.0
2024-01-14,Kecap Manis,Sembako,9.0,15000,135000.0,705.0
2025-11-09,Minuman Isotonik,Minuman,13.0,8500,110500.0,376.0
2023-09-20,Biskuit Coklat,Snack,12.0,9000,108000.0,264.0
2024-08-10,Wafer Coklat,Snack,6.0,8000,48000.0,587.0
2024-11-05,Indomie Goreng,Makanan Instan,3.0,3500,10500.0,595.0
2024-03-14,Minuman Isotonik,Minuman,12.0,8500,102000.0,525.0
2025-01-12,Roti Tawar,Snack,19.0,15000,285000.0,600.0
2025-10-30,Air Mineral,Minuman,8.0,4000,32000.0,505.0
2025-03-21,Ramen Pedas,Makanan Instan,6.0,7000,42000.0,283.0
2025-07-12,Saus Sambal,Sembako,8.0,13000,104000.0,566.0
2025-08-19,Keju Slice,Produk Susu,16.0,18000,288000.0,410.0
2025-11-04,Keju Slice,Produk Susu,10.0,18000,180000.0,299.0
2023-04-18,Kacang Panggang,Snack,13.0,10000,130000.0,286.0
2025-06-25,Kecap Manis,Sembako,9.0,15000,135000.0,600.0
2023-05-10,Indomie Goreng,Makanan Instan,13.0,3500,45500.0,249.0
2025-07-18,Beras Medium,Sembako,12.0,65000,780000.0,248.0
2025-12-10,Susu UHT,Produk Susu,10.0,9000,90000.0,509.0
2024-01-27,Minyak Goreng,Sembako,10.0,28000,280000.0,566.0
2025-01-11,Yogurt Botol,Produk Susu,6.0,10000,60000.0,149.0
2024-09-28,Wafer Coklat,Snack,13.0,8000,104000.0,65.0
2024-05-01,Teh Celup,Minuman,10.0,8000,80000.0,511.0
2023-10-08,Kacang Panggang,Snack,11.0,10000,110000.0,308.0
2024-02-29,Keripik Kentang,Snack,7.0,12000,84000.0,419.0
2025-12-07,Saus Sambal,Sembako,16.0,13000,208000.0,495.0
2024-08-10,Teh Celup,Minuman,4.0,8000,32000.0,552.0
2025-10-01,Mie Ayam Instan,Makanan Instan,11.0,4000,44000.0,179.0
2024-08-05,Sereal Sarapan,Produk Susu,6.0,25000,150000.0,580.0
2024-01-03,Air Mineral,Minuman,1.0,4000,4000.0,305.0
2023-10-09,Indomie Goreng,Makanan Instan,15.0,3500,52500.0,455.0
2024-10-29,Minyak Goreng,Sembako,11.0,28000,308000.0,187.0
2025-02-20,Teh Botol,Minuman,15.0,5000,75000.0,256.0
2025-01-25,Tepung Terigu,Sembako,4.0,14000,56000.0,596.0
2025-03-11,Coklat Batang,Snack,16.0,11000,176000.0,527.0
2023-04-30,Keju Slice,Produk Susu,14.0,18000,252000.0,127.0
2025-09-03,Mie Ayam Instan,Makanan Instan,7.0,4000,28000.0,401.0
2023-12-15,Gula Pasir,Sembako,6.0,16000,96000.0,350.0
2023-04-29,Roti Tawar,Snack,11.0,15000,,374.0
2023-09-16,Keju Slice,Produk Susu,9.0,18000,162000.0,615.0
2025-04-08,Indomie Goreng,Makanan Instan,,3500,,
2023-11-25,,Produk Susu,4.0,25000,100000.0,375.0
2024-02-19,Jus Kotak,Minuman,4.0,7000,28000.0,143.0
2024-07-16,Susu UHT,Produk Susu,3.0,9000,27000.0,632.0
2025-03-31,Teh Botol,Minuman,7.0,5000,35000.0,53.0
2025-06-30,Gula Pasir,Sembako,16.0,16000,256000.0,279.0
2024-06-15,Kecap Manis,Sembako,10.0,15000,150000.0,428.0
2024-12-25,Jus Kotak,Minuman,15.0,7000,105000.0,91.0
2024-06-12,Jus Kotak,Minuman,17.0,7000,119000.0,289.0
2023-03-15,Beras Premium,Sembako,4.0,75000,300000.0,
2025-06-07,Wafer Coklat,Snack,7.0,8000,56000.0,650.0
2024-09-03,Beras Medium,Sembako,1.0,65000,65000.0,208.0
2025-10-03,Coklat Batang,Snack,15.0,11000,165000.0,114.0
2024-11-06,Ramen Pedas,Makanan Instan,5.0,7000,35000.0,336.0
2023-05-06,Susu Kental Manis,Produk Susu,7.0,12000,84000.0,304.0
2025-10-07,Indomie Soto,Makanan Instan,9.0,3500,31500.0,109.0
2025-10-14,Kopi Sachet,Minuman,12.0,2500,30000.0,612.0
2025-03-18,Jus Kotak,Minuman,14.0,7000,98000.0,95.0
2025-06-21,Teh Celup,Minuman,11.0,8000,88000.0,500.0
2024-01-11,Kecap Manis,Sembako,14.0,15000,210000.0,137.0
2024-10-27,Indomie Goreng,Makanan Instan,5.0,3500,17500.0,529.0
2024-04-21,Sereal Sarapan,Produk Susu,3.0,25000,75000.0,453.0
2023-07-19,Beras Premium,Sembako,6.0,75000,450000.0,146.0
2024-11-10,Biskuit Coklat,Snack,14.0,9000,126000.0,175.0
2025-11-01,Jus Kotak,Minuman,5.0,7000,35000.0,198.0
2023-09-05,Tepung Terigu,Sembako,12.0,14000,168000.0,252.0
2023-07-20,Saus Sambal,Sembako,15.0,13000,195000.0,68.0
2025-05-17,Gula Pasir,Sembako,19.0,16000,304000.0,220.0
2023-04-08,Kopi Botol,Minuman,14.0,7000,98000.0,437.0
2025-07-23,Biskuit Coklat,Snack,4.0,9000,36000.0,273.0
2023-03-05,Teh Botol,Minuman,6.0,5000,30000.0,208.0
2024-02-01,Keju Slice,Produk Susu,17.0,18000,306000.0,196.0
2024-08-12,Mie Ayam Instan,Makanan Instan,12.0,4000,48000.0,145.0
2025-12-22,Roti Tawar,Snack,9.0,15000,135000.0,109.0
2024-01-12,Indomie Goreng,Makanan Instan,13.0,3500,45500.0,522.0
2025-08-23,Tepung Terigu,Sembako,10.0,14000,140000.0,355.0
2024-10-10,Teh Botol,Minuman,17.0,5000,85000.0,67.0
2024-04-27,Kecap Manis,Sembako,5.0,15000,75000.0,288.0
2023-06-02,Beras Medium,Sembako,3.0,65000,195000.0,422.0
2025-12-09,Telur Ayam,Sembako,6.0,30000,180000.0,291.0
2023-12-17,Yogurt Botol,Produk Susu,10.0,10000,100000.0,383.0
2024-12-02,Kopi Sachet,Minuman,11.0,2500,27500.0,271.0
2023-10-10,Kecap Manis,Sembako,10.0,15000,150000.0,580.0
2025-04-30,Tepung Terigu,Sembako,18.0,14000,252000.0,562.0
2023-07-31,Biskuit Coklat,Snack,2.0,9000,18000.0,465.0
2024-08-01,Susu UHT,Produk Susu,17.0,9000,153000.0,86.0
2023-08-10,Keju Slice,Produk Susu,7.0,18000,126000.0,542.0
2025-08-27,Kacang Panggang,Snack,10.0,10000,100000.0,89.0
2025-11-28,Keripik Kentang,Snack,18.0,12000,216000.0,615.0
2025-04-06,Ramen Pedas,Makanan Instan,8.0,7000,56000.0,320.0
2024-12-22,Minuman Isotonik,Minuman,8.0,8500,68000.0,415.0
2023-12-29,Susu UHT,Produk Susu,14.0,9000,126000.0,216.0
2025-08-18,Telur Ayam,Sembako,10.0,30000,300000.0,239.0
2023-12-30,Telur Ayam,Sembako,8.0,30000,240000.0,109.0
2023-12-25,Teh Botol,Minuman,,5000,,361.0
2023-01-08,Minyak Goreng,Sembako,10.0,28000,280000.0,443.0
2023-12-11,Ramen Pedas,Makanan Instan,5.0,7000,35000.0,451.0
2025-05-04,Teh Celup,Minuman,5.0,8000,40000.0,643.0
2024-03-02,Sereal Sarapan,Produk Susu,5.0,25000,125000.0,124.0
2025-01-03,Wafer Coklat,Snack,5.0,8000,40000.0,495.0
2023-12-15,Keju Slice,Produk Susu,10.0,18000,180000.0,375.0
2025-02-05,Minuman Isotonik,Minuman,12.0,8500,102000.0,158.0
2023-08-29,Beras Medium,Sembako,1.0,65000,65000.0,59.0
2025-12-21,Roti Tawar,Snack,18.0,15000,270000.0,183.0
2025-06-03,Coklat Batang,Snack,12.0,11000,132000.0,560.0
2025-01-03,Susu UHT,Produk Susu,14.0,9000,126000.0,136.0
2024-10-19,Saus Sambal,Sembako,7.0,13000,91000.0,231.0
2024-07-19,Kopi Botol,Minuman,10.0,7000,70000.0,206.0
2025-03-18,Beras Premium,Sembako,3.0,75000,225000.0,118.0
2025-05-06,Kacang Panggang,Snack,16.0,10000,160000.0,441.0
2023-07-23,Roti Tawar,Snack,2.0,15000,30000.0,250.0
2023-04-25,Kopi Sachet,Minuman,5.0,2500,12500.0,554.0
2023-09-19,Indomie Soto,Makanan Instan,10.0,3500,35000.0,381.0
2025-10-03,Sereal Sarapan,Produk Susu,12.0,25000,300000.0,561.0
2025-03-21,Beras Medium,Sembako,16.0,65000,1040000.0,81.0
2024-12-27,Keju Slice,Produk Susu,6.0,18000,108000.0,136.0
2023-05-06,Susu Kental Manis,Produk Susu,,12000,84000.0,304.0
2023-01-01,Biskuit Coklat,Snack,13.0,9000,117000.0,139.0
2025-10-15,Ramen Pedas,Makanan Instan,13.0,7000,91000.0,328.0
2024-08-22,Kopi Sachet,Minuman,7.0,2500,17500.0,357.0
2025-01-03,Sereal Sarapan,Produk Susu,11.0,25000,275000.0,337.0
2023-12-12,Kopi Botol,Minuman,1.0,7000,7000.0,204.0
2023-08-31,Indomie Soto,Makanan Instan,8.0,3500,28000.0,215.0
2025-03-05,Yogurt Botol,Produk Susu,11.0,10000,110000.0,105.0
2025-06-01,Ramen Pedas,Makanan Instan,6.0,7000,42000.0,208.0
2025-07-22,Air Mineral,Minuman,6.0,4000,24000.0,319.0
2024-06-17,Teh Botol,Minuman,16.0,5000,80000.0,204.0
2025-07-20,Teh Botol,Minuman,8.0,5000,40000.0,707.0
2023-06-04,Kopi Botol,Minuman,1.0,7000,7000.0,84.0
2024-09-01,Teh Botol,Minuman,17.0,5000,85000.0,68.0
2025-09-03,Minyak Goreng,Sembako,4.0,28000,112000.0,116.0
2025-10-14,Coklat Batang,Snack,7.0,11000,77000.0,188.0
2025-10-21,Kopi Botol,Minuman,6.0,7000,42000.0,89.0
2023-09-03,Susu UHT,Produk Susu,14.0,9000,126000.0,452.0
2023-12-20,Telur Ayam,Sembako,11.0,30000,330000.0,230.0
2023-10-27,Ramen Pedas,Makanan Instan,5.0,7000,35000.0,512.0
2023-04-26,Teh Celup,Minuman,11.0,8000,88000.0,591.0
2023-03-21,Susu UHT,Produk Susu,10.0,9000,,
2025-04-20,Susu Kental Manis,Produk Susu,9.0,12000,108000.0,318.0
2023-08-10,Telur Ayam,Sembako,8.0,30000,240000.0,330.0
2023-11-06,Beras Medium,Sembako,11.0,65000,715000.0,214.0
2024-10-20,Beras Medium,Sembako,13.0,65000,845000.0,241.0
2025-12-06,Biskuit Coklat,Snack,6.0,9000,54000.0,277.0
2025-02-03,Wafer Coklat,Snack,18.0,8000,144000.0,205.0
2025-11-19,Tepung Terigu,Sembako,16.0,14000,224000.0,422.0
2024-07-16,Air Mineral,Minuman,8.0,4000,32000.0,151.0
2025-07-02,Keripik Kentang,Snack,7.0,12000,84000.0,571.0
2025-09-08,Susu Kental Manis,Produk Susu,2.0,12000,24000.0,179.0
2023-02-08,Saus Sambal,Sembako,10.0,13000,130000.0,154.0
2023-10-18,Beras Premium,Sembako,13.0,75000,975000.0,90.0
2023-01-29,Susu UHT,Produk Susu,10.0,9000,90000.0,444.0
2023-04-15,Tepung Terigu,Sembako,2.0,14000,28000.0,648.0
2024-02-26,Tepung Terigu,Sembako,10.0,14000,140000.0,419.0
2023-04-01,Beras Medium,Sembako,7.0,65000,455000.0,352.0
2023-06-20,Teh Celup,Minuman,11.0,8000,88000.0,223.0
2025-09-19,Beras Premium,Sembako,16.0,75000,1200000.0,481.0
2024-08-16,Kacang Panggang,Snack,15.0,10000,150000.0,372.0
2023-04-27,Wafer Coklat,Snack,12.0,8000,96000.0,524.0
2025-03-12,Biskuit Coklat,Snack,15.0,9000,135000.0,459.0
2025-07-09,Teh Botol,Minuman,2.0,5000,10000.0,134.0
2025-06-01,Biskuit Coklat,Snack,,9000,,439.0
2023-01-28,Coklat Batang,Snack,12.0,11000,132000.0,307.0
2024-10-04,Gula Pasir,Sembako,8.0,16000,128000.0,492.0
2025-10-19,Air Mineral,Minuman,11.0,4000,44000.0,203.0
2025-08-25,Kopi Sachet,Minuman,4.0,2500,10000.0,456.0
2023-07-10,Teh Celup,Minuman,10.0,8000,80000.0,393.0
2025-11-13,Susu Kental Manis,Produk Susu,6.0,12000,72000.0,533.0
2024-10-06,Sereal Sarapan,Produk Susu,14.0,25000,350000.0,348.0
2023-03-27,Kacang Panggang,Snack,2.0,10000,20000.0,151.0
2023-06-19,Beras Medium,Sembako,8.0,65000,520000.0,245.0
2025-06-03,,Snack,,8000,88000.0,195.0
2025-03-07,Jus Kotak,Minuman,17.0,7000,119000.0,311.0
2025-03-09,Roti Tawar,Snack,18.0,15000,270000.0,378.0
2023-10-17,Indomie Soto,Makanan Instan,8.0,3500,28000.0,235.0
2025-01-18,Beras Premium,Sembako,4.0,75000,300000.0,152.0
2023-11-05,Gula Pasir,Sembako,12.0,16000,192000.0,275.0
2024-09-22,Biskuit Coklat,Snack,13.0,9000,117000.0,149.0
2024-09-10,Tepung Terigu,Sembako,11.0,14000,154000.0,432.0
2023-11-02,Susu Kental Manis,Produk Susu,5.0,12000,60000.0,296.0
2023-05-01,Wafer Coklat,Snack,4.0,8000,32000.0,382.0
2025-10-08,Keju Slice,Produk Susu,4.0,18000,72000.0,445.0
2024-10-27,Roti Tawar,Snack,15.0,15000,225000.0,303.0
2025-03-19,Mie Ayam Instan,Makanan Instan,4.0,4000,16000.0,198.0
2025-11-02,Wafer Coklat,Snack,9.0,8000,72000.0,410.0
2023-08-01,Keju Slice,Produk Susu,2.0,18000,36000.0,642.0
2023-03-06,Kopi Botol,Minuman,4.0,7000,28000.0,424.0
2024-12-15,Ramen Pedas,Makanan Instan,11.0,7000,77000.0,158.0
2023-08-29,Kacang Panggang,Snack,5.0,10000,50000.0,452.0
2024-11-07,Teh Celup,Minuman,13.0,8000,104000.0,378.0
2023-04-22,Telur Ayam,Sembako,12.0,30000,360000.0,132.0
2025-11-11,Mie Ayam Instan,Makanan Instan,12.0,4000,48000.0,176.0
2024-07-18,Coklat Batang,Snack,16.0,11000,176000.0,400.0
2025-10-15,Jus Kotak,Minuman,13.0,7000,91000.0,317.0
2025-04-19,Kecap Manis,Sembako,7.0,15000,105000.0,116.0
2024-02-13,Susu Kental Manis,Produk Susu,6.0,12000,72000.0,263.0
2024-10-22,Beras Medium,Sembako,7.0,65000,455000.0,192.0
2025-10-11,Susu UHT,Produk Susu,5.0,9000,45000.0,263.0
2024-10-11,Biskuit Coklat,Snack,3.0,9000,27000.0,381.0
2023-02-08,Minuman Isotonik,Minuman,2.0,8500,17000.0,292.0
2024-04-28,Yogurt Botol,Produk Susu,15.0,10000,150000.0,170.0
2024-01-22,Minuman Isotonik,Minuman,16.0,8500,136000.0,128.0
2025-12-09,Jus Kotak,Minuman,10.0,7000,70000.0,114.0
2023-06-26,Keripik Kentang,Snack,2.0,12000,24000.0,185.0
2025-06-07,Keripik Kentang,Snack,15.0,12000,180000.0,556.0
2023-11-18,Indomie Soto,Makanan Instan,9.0,3500,31500.0,128.0
2023-03-22,Coklat Batang,Snack,9.0,11000,99000.0,353.0
2024-08-15,Minuman Isotonik,Minuman,6.0,8500,51000.0,367.0
2024-05-24,Keripik Kentang,Snack,6.0,12000,72000.0,374.0
2024-06-07,Susu UHT,Produk Susu,5.0,9000,45000.0,304.0
2023-05-19,Keju Slice,Produk Susu,4.0,18000,72000.0,213.0
2023-10-12,Minyak Goreng,Sembako,15.0,28000,420000.0,407.0
2025-08-27,Mie Ayam Instan,Makanan Instan,10.0,4000,40000.0,476.0
2025-09-10,Wafer Coklat,Snack,5.0,8000,40000.0,135.0
2023-06-25,Kopi Sachet,Minuman,6.0,2500,15000.0,448.0
2023-01-19,Kopi Botol,Minuman,8.0,7000,56000.0,184.0
2023-09-06,Susu Kental Manis,Produk Susu,6.0,12000,72000.0,223.0
2025-04-06,Jus Kotak,Minuman,5.0,7000,35000.0,353.0
2025-01-10,Biskuit Coklat,Snack,13.0,9000,117000.0,168.0
2023-04-04,Susu Kental Manis,Produk Susu,10.0,12000,120000.0,275.0
2023-03-02,Air Mineral,Minuman,7.0,4000,28000.0,318.0
2023-05-06,Coklat Batang,Snack,8.0,11000,88000.0,299.0
2025-05-28,Minuman Isotonik,Minuman,8.0,8500,68000.0,147.0
2024-03-16,Gula Pasir,Sembako,11.0,16000,176000.0,162.0
2025-12-03,Roti Tawar,Snack,8.0,15000,120000.0,176.0
2025-01-03,Indomie Soto,Makanan Instan,5.0,3500,17500.0,462.0
2025-05-18,Teh Celup,Minuman,7.0,8000,56000.0,252.0
2025-08-18,Sereal Sarapan,Produk Susu,9.0,25000,225000.0,662.0
2025-11-10,Minuman Isotonik,Minuman,7.0,8500,59500.0,432.0
2023-03-22,Ramen Pedas,Makanan Instan,5.0,7000,35000.0,551.0
2023-05-05,Tepung Terigu,Sembako,6.0,14000,84000.0,392.0
2024-02-29,Roti Tawar,Snack,14.0,15000,210000.0,318.0
2023-12-21,Air Mineral,Minuman,9.0,4000,36000.0,337.0
2023-12-11,Susu Kental Manis,Produk Susu,15.0,12000,180000.0,162.0
2023-06-11,Minuman Isotonik,Minuman,6.0,8500,51000.0,285.0
2024-09-21,Keju Slice,Produk Susu,12.0,18000,216000.0,512.0
2023-10-22,Gula Pasir,Sembako,14.0,16000,224000.0,393.0
2025-02-18,Kopi Botol,Minuman,9.0,7000,63000.0,604.0
2025-06-18,Kacang Panggang,Snack,15.0,10000,150000.0,290.0
2024-04-12,Susu Kental Manis,Produk Susu,4.0,12000,48000.0,330.0
2024-08-28,Ramen Pedas,Makanan Instan,4.0,7000,28000.0,233.0
2025-05-16,Kecap Manis,Sembako,6.0,15000,90000.0,300.0
2023-01-02,Yogurt Botol,Produk Susu,13.0,10000,130000.0,435.0
2025-03-09,Mie Ayam Instan,Makanan Instan,19.0,4000,76000.0,59.0
2025-09-11,Teh Botol,Minuman,4.0,5000,20000.0,715.0
2023-11-13,Minyak Goreng,Sembako,9.0,28000,252000.0,313.0
2025-02-22,Beras Medium,Sembako,13.0,65000,845000.0,137.0
2024-11-22,Kopi Sachet,Minuman,14.0,2500,35000.0,587.0
2024-09-10,Beras Premium,Sembako,2.0,75000,150000.0,674.0
2023-09-26,Keripik Kentang,Snack,6.0,12000,72000.0,442.0
2024-08-04,Susu UHT,Produk Susu,4.0,9000,36000.0,167.0
2023-06-03,Keripik Kentang,Snack,3.0,12000,36000.0,295.0
2025-11-26,Indomie Soto,Makanan Instan,19.0,3500,66500.0,118.0
2025-09-22,Sereal Sarapan,Produk Susu,6.0,25000,150000.0,688.0
2024-01-17,Susu Kental Manis,Produk Susu,16.0,12000,192000.0,293.0
2024-05-21,Indomie Soto,Makanan Instan,17.0,3500,59500.0,305.0
2024-03-08,Telur Ayam,Sembako,13.0,30000,390000.0,202.0
2024-05-21,Teh Botol,Minuman,5.0,5000,25000.0,63.0
2024-01-13,Susu UHT,Produk Susu,4.0,9000,36000.0,472.0
2024-09-12,Biskuit Coklat,Snack,5.0,9000,45000.0,297.0
2023-05-01,Saus Sambal,Sembako,3.0,13000,39000.0,612.0
2023-03-18,Teh Celup,Minuman,13.0,8000,104000.0,72.0
2024-11-05,Mie Ayam Instan,Makanan Instan,11.0,4000,44000.0,379.0
2025-01-21,Tepung Terigu,Sembako,10.0,14000,140000.0,438.0
2023-07-09,Ramen Pedas,Makanan Instan,11.0,7000,77000.0,362.0
2025-04-24,Indomie Goreng,Makanan Instan,5.0,3500,17500.0,465.0
2024-08-04,Jus Kotak,Minuman,4.0,7000,28000.0,433.0
2023-10-09,Teh Botol,Minuman,7.0,5000,35000.0,383.0
2024-05-30,Wafer Coklat,Snack,5.0,8000,40000.0,84.0
2024-07-29,Kopi Botol,Minuman,13.0,7000,91000.0,191.0
2024-03-27,Tepung Terigu,Sembako,13.0,14000,182000.0,306.0
2023-12-22,Roti Tawar,Snack,12.0,15000,180000.0,97.0
2023-02-01,Biskuit Coklat,Snack,1.0,9000,9000.0,194.0
2024-03-14,Saus Sambal,Sembako,5.0,13000,65000.0,616.0
2025-09-04,Beras Medium,Sembako,12.0,65000,780000.0,459.0
2024-03-14,Biskuit Coklat,Snack,14.0,9000,126000.0,406.0
2023-05-31,Telur Ayam,Sembako,7.0,30000,210000.0,104.0
2024-12-23,Wafer Coklat,Snack,5.0,8000,40000.0,103.0
2024-12-03,Kopi Botol,Minuman,11.0,7000,77000.0,275.0
2025-10-20,Beras Medium,Sembako,11.0,65000,715000.0,170.0
2025-09-26,Biskuit Coklat,Snack,4.0,9000,36000.0,482.0
2024-06-12,Beras Premium,Sembako,8.0,75000,600000.0,80.0
2023-12-22,Air Mineral,Minuman,8.0,4000,32000.0,482.0
2025-08-22,Roti Tawar,Snack,14.0,15000,210000.0,108.0
2024-09-10,Wafer Coklat,Snack,10.0,8000,80000.0,252.0
2024-07-27,Minyak Goreng,Sembako,4.0,28000,112000.0,106.0
2023-08-05,Minuman Isotonik,Minuman,15.0,8500,127500.0,477.0
2025-04-16,Wafer Coklat,Snack,4.0,8000,32000.0,266.0
2023-08-24,Telur Ayam,Sembako,7.0,30000,210000.0,195.0
2024-03-05,Keripik Kentang,Snack,16.0,12000,192000.0,635.0
2023-06-25,Ramen Pedas,Makanan Instan,3.0,7000,21000.0,128.0
2025-04-13,Biskuit Coklat,Snack,9.0,9000,81000.0,294.0
2025-01-23,Keju Slice,Produk Susu,11.0,18000,198000.0,461.0
2024-09-06,Beras Premium,Sembako,12.0,75000,900000.0,127.0
2023-03-31,Yogurt Botol,Produk Susu,7.0,10000,70000.0,127.0
2023-11-04,Ramen Pedas,Makanan Instan,4.0,7000,28000.0,584.0
2023-01-25,Teh Celup,Minuman,5.0,8000,40000.0,672.0
2023-03-06,Roti Tawar,Snack,5.0,15000,75000.0,290.0
2025-06-19,Tepung Terigu,Sembako,5.0,14000,70000.0,606.0
2025-11-14,Beras Medium,Sembako,6.0,65000,390000.0,497.0
2024-03-10,Telur Ayam,Sembako,9.0,30000,270000.0,124.0
2024-02-21,Mie Ayam Instan,Makanan Instan,8.0,4000,,
2024-11-01,Susu UHT,Produk Susu,5.0,9000,45000.0,651.0
2024-10-05,Tepung Terigu,Sembako,3.0,14000,42000.0,295.0
2024-04-17,Minuman Isotonik,Minuman,7.0,8500,59500.0,406.0
2025-11-03,Telur Ayam,Sembako,9.0,30000,270000.0,338.0
2023-04-15,Susu UHT,Produk Susu,10.0,9000,90000.0,539.0
2025-09-17,Susu UHT,Produk Susu,5.0,9000,45000.0,304.0
2025-06-06,Kecap Manis,Sembako,18.0,15000,270000.0,303.0
2024-12-25,Minyak Goreng,Sembako,11.0,28000,308000.0,
2023-11-11,Keripik Kentang,Snack,11.0,12000,132000.0,187.0
2025-05-21,Saus Sambal,Sembako,12.0,13000,156000.0,571.0
2025-11-13,Coklat Batang,Snack,5.0,11000,55000.0,467.0
2024-12-05,Kopi Botol,Minuman,11.0,7000,77000.0,655.0
2023-09-26,Yogurt Botol,Produk Susu,6.0,10000,60000.0,430.0
2024-04-04,Keripik Kentang,Snack,14.0,12000,168000.0,502.0
2023-06-11,Roti Tawar,Snack,6.0,15000,90000.0,312.0
2025-06-22,Sereal Sarapan,Produk Susu,11.0,25000,275000.0,504.0
2023-04-22,Coklat Batang,Snack,12.0,11000,132000.0,131.0
2023-10-19,Beras Premium,Sembako,13.0,75000,975000.0,372.0
2024-04-21,Mie Ayam Instan,Makanan Instan,14.0,4000,56000.0,298.0
2023-03-26,Beras Premium,Sembako,10.0,75000,750000.0,448.0
2025-06-27,Air Mineral,Minuman,3.0,4000,12000.0,486.0
2024-08-15,Telur Ayam,Sembako,11.0,30000,330000.0,68.0
2023-09-16,Jus Kotak,Minuman,2.0,7000,14000.0,373.0
2024-07-15,Keju Slice,Produk Susu,2.0,18000,36000.0,476.0
2023-08-08,Yogurt Botol,Produk Susu,12.0,10000,120000.0,364.0
2023-12-26,Beras Premium,Sembako,5.0,75000,375000.0,269.0
2025-10-30,Minyak Goreng,Sembako,16.0,28000,448000.0,162.0
2023-06-02,Kecap Manis,Sembako,11.0,15000,165000.0,398.0
2024-05-04,Minyak Goreng,Sembako,10.0,28000,280000.0,142.0
2024-04-01,Tepung Terigu,Sembako,12.0,14000,168000.0,206.0
2023-07-11,Wafer Coklat,Snack,12.0,8000,96000.0,551.0
2024-09-27,Beras Premium,Sembako,2.0,75000,150000.0,420.0
2024-07-24,Kopi Sachet,Minuman,4.0,2500,10000.0,509.0
2024-10-12,Tepung Terigu,Sembako,8.0,14000,112000.0,375.0
2023-05-04,Indomie Goreng,Makanan Instan,15.0,3500,52500.0,528.0
2024-01-26,Teh Botol,Minuman,13.0,5000,65000.0,322.0
2025-01-03,Jus Kotak,Minuman,5.0,7000,35000.0,358.0
2023-03-31,Beras Premium,Sembako,3.0,75000,225000.0,224.0
2025-09-24,Indomie Goreng,Makanan Instan,3.0,3500,10500.0,58.0
2023-10-20,Indomie Goreng,Makanan Instan,8.0,3500,28000.0,438.0
2025-05-15,Tepung Terigu,Sembako,14.0,14000,196000.0,89.0
2024-03-14,Kopi Botol,Minuman,2.0,7000,14000.0,314.0
2023-07-24,Yogurt Botol,Produk Susu,2.0,10000,20000.0,320.0
2024-03-24,Gula Pasir,Sembako,4.0,16000,64000.0,128.0
2023-10-07,Kecap Manis,Sembako,6.0,15000,90000.0,131.0
2024-10-25,Beras Premium,Sembako,3.0,75000,225000.0,308.0
2023-01-06,Teh Botol,Minuman,5.0,5000,25000.0,291.0
2025-11-27,Biskuit Coklat,Snack,4.0,9000,36000.0,208.0
2025-05-14,Kopi Botol,Minuman,14.0,7000,98000.0,241.0
2025-08-27,Biskuit Coklat,Snack,18.0,9000,162000.0,83.0
2024-06-12,Beras Medium,Sembako,14.0,65000,910000.0,100.0
2025-06-28,Indomie Goreng,Makanan Instan,16.0,3500,56000.0,439.0
2025-05-27,Gula Pasir,Sembako,15.0,16000,240000.0,100.0
2024-07-26,Beras Premium,Sembako,16.0,75000,1200000.0,342.0
2024-12-19,Air Mineral,Minuman,7.0,4000,28000.0,315.0
2023-07-15,Kacang Panggang,Snack,3.0,10000,30000.0,221.0
2024-06-28,Keripik Kentang,Snack,9.0,12000,108000.0,366.0
2023-12-02,Kopi Sachet,Minuman,12.0,2500,30000.0,130.0
2024-10-08,Susu UHT,Produk Susu,11.0,9000,99000.0,425.0
2024-05-26,Beras Medium,Sembako,11.0,65000,715000.0,60.0
2024-03-05,Air Mineral,Minuman,15.0,4000,60000.0,583.0
2023-12-09,Air Mineral,Minuman,2.0,4000,8000.0,335.0
2024-09-03,Roti Tawar,Snack,4.0,15000,60000.0,167.0
2025-05-12,Ramen Pedas,Makanan Instan,10.0,7000,70000.0,305.0
2025-01-11,Minyak Goreng,Sembako,11.0,28000,308000.0,137.0
2024-09-15,Kacang Panggang,Snack,16.0,10000,160000.0,102.0
2024-11-25,Biskuit Coklat,Snack,17.0,9000,153000.0,362.0
2025-12-06,Wafer Coklat,Snack,12.0,8000,96000.0,715.0
2024-03-18,Minyak Goreng,Sembako,14.0,28000,392000.0,284.0
2024-02-11,Saus Sambal,Sembako,2.0,13000,26000.0,250.0
2025-09-20,Keju Slice,Produk Susu,12.0,18000,216000.0,520.0
2025-12-14,Minyak Goreng,Sembako,8.0,28000,224000.0,161.0
2023-12-07,Yogurt Botol,Produk Susu,12.0,10000,120000.0,228.0
2025-12-17,Yogurt Botol,Produk Susu,15.0,10000,150000.0,75.0
2025-04-30,Keju Slice,Produk Susu,15.0,18000,270000.0,552.0
2023-10-14,Kopi Botol,Minuman,5.0,7000,35000.0,410.0
2024-08-09,Keripik Kentang,Snack,10.0,12000,120000.0,390.0
2023-12-03,Minyak Goreng,Sembako,6.0,28000,168000.0,152.0
2023-06-10,Saus Sambal,Sembako,7.0,13000,91000.0,178.0
2023-06-09,Tepung Terigu,Sembako,10.0,14000,140000.0,382.0
2025-05-17,Indomie Soto,Makanan Instan,7.0,3500,24500.0,208.0
2024-11-14,Minyak Goreng,Sembako,6.0,28000,168000.0,95.0
2023-10-14,Susu UHT,Produk Susu,13.0,9000,117000.0,441.0
2023-02-21,Beras Medium,Sembako,14.0,65000,910000.0,524.0
2023-05-30,Kopi Botol,Minuman,8.0,7000,56000.0,402.0
2024-04-07,Beras Premium,Sembako,5.0,75000,375000.0,238.0
2023-09-27,Coklat Batang,Snack,2.0,11000,22000.0,474.0
2025-07-24,Minuman Isotonik,Minuman,5.0,8500,42500.0,389.0
2025-06-13,Wafer Coklat,Snack,15.0,8000,120000.0,657.0
2023-10-21,Saus Sambal,Sembako,11.0,13000,143000.0,436.0
2024-12-02,Minyak Goreng,Sembako,9.0,28000,252000.0,65.0
2025-10-10,Roti Tawar,Snack,11.0,15000,165000.0,441.0
2023-06-26,Yogurt Botol,Produk Susu,10.0,10000,100000.0,223.0
2025-05-10,Teh Botol,Minuman,8.0,5000,40000.0,348.0
2025-03-10,Beras Premium,Sembako,12.0,75000,900000.0,184.0
2024-10-03,Beras Premium,Sembako,2.0,75000,150000.0,205.0
2024-11-14,Keripik Kentang,Snack,3.0,12000,36000.0,317.0
2024-07-06,Beras Premium,Sembako,,75000,1050000.0,467.0
2024-10-25,Biskuit Coklat,Snack,1.0,9000,9000.0,206.0
2025-11-08,Coklat Batang,Snack,2.0,11000,22000.0,190.0
2025-03-28,Coklat Batang,Snack,10.0,11000,110000.0,104.0
2023-06-17,Kopi Botol,Minuman,9.0,7000,63000.0,350.0
2024-10-18,Wafer Coklat,Snack,17.0,8000,136000.0,132.0
2023-08-26,Roti Tawar,Snack,7.0,15000,105000.0,139.0
2024-01-05,Yogurt Botol,Produk Susu,5.0,10000,50000.0,274.0
2023-09-01,Teh Celup,Minuman,10.0,8000,80000.0,476.0
2024-06-23,Indomie Goreng,Makanan Instan,5.0,3500,,210.0
2025-06-14,Kopi Botol,Minuman,14.0,7000,98000.0,442.0
2025-09-08,Susu Kental Manis,Produk Susu,5.0,12000,60000.0,
2025-02-05,Susu UHT,Produk Susu,8.0,9000,72000.0,436.0
2024-04-16,Beras Medium,Sembako,4.0,65000,260000.0,383.0
2024-05-29,,Snack,,11000,,556.0
2025-05-08,Wafer Coklat,Snack,9.0,8000,72000.0,196.0
2023-01-17,Coklat Batang,Snack,7.0,11000,77000.0,472.0
2025-09-29,Kopi Botol,Minuman,11.0,7000,77000.0,249.0
2023-08-06,Teh Botol,Minuman,2.0,5000,10000.0,132.0
2023-12-22,Coklat Batang,Snack,11.0,11000,121000.0,346.0
2024-02-05,Teh Celup,Minuman,6.0,8000,48000.0,433.0
2023-11-18,Kacang Panggang,Snack,,10000,60000.0,155.0
2023-10-27,Susu Kental Manis,Produk Susu,11.0,12000,132000.0,228.0
2025-03-13,Ramen Pedas,Makanan Instan,17.0,7000,119000.0,103.0
2025-09-05,Tepung Terigu,Sembako,3.0,14000,42000.0,593.0
2025-11-13,Kopi Sachet,Minuman,4.0,2500,10000.0,669.0
2025-02-20,Kopi Sachet,Minuman,16.0,2500,40000.0,117.0
2023-02-19,Susu Kental Manis,Produk Susu,12.0,12000,144000.0,173.0
2025-06-19,Coklat Batang,Snack,19.0,11000,209000.0,356.0
2025-06-16,Susu UHT,Produk Susu,16.0,9000,144000.0,344.0
2024-04-25,Coklat Batang,Snack,12.0,11000,132000.0,462.0
2024-06-24,Saus Sambal,Sembako,12.0,13000,156000.0,216.0
2025-09-20,Susu UHT,Produk Susu,13.0,9000,117000.0,119.0
2024-12-14,Sereal Sarapan,Produk Susu,13.0,25000,325000.0,362.0
2025-12-24,Air Mineral,Minuman,4.0,4000,16000.0,113.0
2024-03-09,Gula Pasir,Sembako,5.0,16000,80000.0,
2025-12-06,Sereal Sarapan,Produk Susu,11.0,25000,275000.0,149.0
2023-11-25,Kecap Manis,Sembako,2.0,15000,30000.0,129.0
2023-08-16,Roti Tawar,Snack,5.0,15000,75000.0,332.0
2024-11-07,Wafer Coklat,Snack,2.0,8000,16000.0,248.0
2023-03-26,Minuman Isotonik,Minuman,6.0,8500,51000.0,63.0
2025-06-26,Coklat Batang,Snack,16.0,11000,176000.0,128.0
2023-09-08,Kacang Panggang,Snack,9.0,10000,90000.0,351.0
2023-09-11,Coklat Batang,Snack,2.0,11000,22000.0,351.0
2023-05-17,Keripik Kentang,Snack,1.0,12000,12000.0,633.0
2025-11-01,,Sembako,11.0,28000,308000.0,169.0
2024-01-29,Kopi Sachet,Minuman,13.0,2500,32500.0,412.0
2024-07-10,Gula Pasir,Sembako,7.0,16000,112000.0,309.0
2025-08-27,Kopi Botol,Minuman,6.0,7000,42000.0,295.0
2024-07-05,Coklat Batang,Snack,13.0,11000,143000.0,495.0
2025-12-04,Kopi Botol,Minuman,10.0,7000,70000.0,313.0
2023-09-01,Tepung Terigu,Sembako,7.0,14000,98000.0,267.0
2023-09-28,Minyak Goreng,Sembako,12.0,28000,336000.0,381.0
2023-02-23,Wafer Coklat,Snack,8.0,8000,64000.0,92.0
2025-01-07,Kopi Sachet,Minuman,10.0,2500,25000.0,135.0
2024-04-21,Air Mineral,Minuman,15.0,4000,60000.0,177.0
2025-09-02,Wafer Coklat,Snack,19.0,8000,152000.0,108.0
2023-07-15,Teh Botol,Minuman,10.0,5000,50000.0,233.0
2025-02-18,Susu UHT,Produk Susu,3.0,9000,27000.0,85.0
2025-12-19,Biskuit Coklat,Snack,6.0,9000,54000.0,204.0
2023-10-11,Kopi Botol,Minuman,11.0,7000,77000.0,135.0
2025-03-27,Teh Celup,Minuman,8.0,8000,64000.0,391.0
2024-01-31,Mie Ayam Instan,Makanan Instan,16.0,4000,64000.0,118.0
2025-05-18,Minuman Isotonik,Minuman,13.0,8500,110500.0,451.0
2023-08-19,Minyak Goreng,Sembako,6.0,28000,168000.0,204.0
2024-09-13,Air Mineral,Minuman,6.0,4000,24000.0,392.0
2024-03-24,Beras Premium,Sembako,16.0,75000,1200000.0,78.0
2025-07-28,Yogurt Botol,Produk Susu,9.0,10000,90000.0,297.0
2023-08-28,Tepung Terigu,Sembako,6.0,14000,84000.0,426.0
2023-10-12,Minuman Isotonik,Minuman,8.0,8500,68000.0,160.0
2023-05-12,Teh Celup,Minuman,8.0,8000,64000.0,205.0
2024-10-22,Jus Kotak,Minuman,12.0,7000,84000.0,371.0
2024-08-04,Minyak Goreng,Sembako,3.0,28000,84000.0,139.0
2024-11-15,Kecap Manis,Sembako,7.0,15000,105000.0,95.0
2025-08-07,Teh Celup,Minuman,13.0,8000,104000.0,136.0
2023-10-02,Susu Kental Manis,Produk Susu,6.0,12000,72000.0,94.0
2024-03-29,Ramen Pedas,Makanan Instan,4.0,7000,28000.0,289.0
2023-04-12,Sereal Sarapan,Produk Susu,11.0,25000,275000.0,64.0
2025-08-13,Susu Kental Manis,Produk Susu,11.0,12000,132000.0,252.0
2024-09-06,Saus Sambal,Sembako,14.0,13000,182000.0,649.0
2024-03-28,Minuman Isotonik,Minuman,3.0,8500,25500.0,60.0
2023-06-08,Roti Tawar,Snack,7.0,15000,105000.0,144.0
2024-04-08,Biskuit Coklat,Snack,14.0,9000,126000.0,177.0
2025-11-11,Indomie Goreng,Makanan Instan,9.0,3500,31500.0,137.0
2023-09-04,Susu Kental Manis,Produk Susu,14.0,12000,168000.0,608.0
2025-01-10,Keripik Kentang,Snack,14.0,12000,168000.0,153.0
2024-08-18,Kacang Panggang,Snack,14.0,10000,140000.0,315.0
2023-08-06,Teh Celup,Minuman,1.0,8000,8000.0,214.0
2023-05-20,,Sembako,14.0,75000,1050000.0,
2023-05-03,Roti Tawar,Snack,3.0,15000,45000.0,358.0
2024-11-28,Yogurt Botol,Produk Susu,3.0,10000,,272.0
2024-02-21,Gula Pasir,Sembako,7.0,16000,112000.0,243.0
2025-08-19,Susu UHT,Produk Susu,19.0,9000,171000.0,244.0
2023-01-22,Wafer Coklat,Snack,14.0,8000,112000.0,595.0
2024-09-30,Teh Celup,Minuman,13.0,8000,104000.0,565.0
2024-01-08,Air Mineral,Minuman,9.0,4000,36000.0,297.0
2025-09-23,Roti Tawar,Snack,5.0,15000,75000.0,530.0
2024-07-19,Indomie Goreng,Makanan Instan,17.0,3500,59500.0,166.0
2023-10-30,Teh Celup,Minuman,4.0,8000,32000.0,561.0
2025-05-11,Minyak Goreng,Sembako,15.0,28000,420000.0,342.0
2024-01-14,Kacang Panggang,Snack,15.0,10000,150000.0,389.0
2023-07-04,Saus Sambal,Sembako,4.0,13000,52000.0,447.0
2025-09-23,Mie Ayam Instan,Makanan Instan,12.0,4000,48000.0,319.0
2025-03-13,Kacang Panggang,Snack,4.0,10000,40000.0,282.0
2023-07-17,Keripik Kentang,Snack,3.0,12000,36000.0,441.0
2024-06-28,Kecap Manis,Sembako,14.0,15000,210000.0,586.0
2025-01-27,Gula Pasir,Sembako,16.0,16000,256000.0,148.0
2024-02-19,Coklat Batang,Snack,8.0,11000,88000.0,467.0
2025-01-31,Kacang Panggang,Snack,8.0,10000,80000.0,360.0
2023-06-10,Roti Tawar,Snack,9.0,15000,135000.0,272.0
2025-06-11,Kopi Sachet,Minuman,6.0,2500,15000.0,202.0
2023-11-16,Indomie Soto,Makanan Instan,3.0,3500,10500.0,445.0
2025-07-21,Keripik Kentang,Snack,13.0,12000,156000.0,361.0
2023-12-24,Beras Medium,Sembako,14.0,65000,910000.0,433.0
2023-06-08,Teh Botol,Minuman,14.0,5000,70000.0,272.0
2024-03-31,Sereal Sarapan,Produk Susu,3.0,25000,75000.0,456.0
2024-09-17,Coklat Batang,Snack,16.0,11000,176000.0,315.0
2025-05-07,Ramen Pedas,Makanan Instan,9.0,7000,63000.0,365.0
2024-10-11,Yogurt Botol,Produk Susu,17.0,10000,170000.0,164.0
2025-01-17,Beras Medium,Sembako,17.0,65000,1105000.0,261.0
2024-04-05,Tepung Terigu,Sembako,10.0,14000,140000.0,448.0
2024-06-23,Indomie Goreng,Makanan Instan,5.0,3500,17500.0,210.0
2023-01-05,Susu UHT,Produk Susu,7.0,9000,63000.0,668.0
2024-01-15,Jus Kotak,Minuman,4.0,7000,28000.0,264.0
2024-03-09,Gula Pasir,Sembako,5.0,16000,80000.0,83.0
2023-07-21,Teh Botol,Minuman,10.0,5000,50000.0,629.0
2024-10-05,Minyak Goreng,Sembako,5.0,28000,140000.0,376.0
2023-02-05,Kopi Botol,Minuman,6.0,7000,42000.0,490.0
2025-04-19,Teh Celup,Minuman,12.0,8000,96000.0,373.0
2025-09-27,Saus Sambal,Sembako,4.0,13000,52000.0,401.0
2025-10-09,Teh Botol,Minuman,4.0,5000,20000.0,55.0
2023-03-18,Indomie Soto,Makanan Instan,5.0,3500,17500.0,286.0
2025-05-10,Kecap Manis,Sembako,13.0,15000,195000.0,187.0
2024-10-24,Mie Ayam Instan,Makanan Instan,13.0,4000,52000.0,538.0
2025-04-21,Teh Celup,Minuman,16.0,8000,128000.0,97.0
2023-07-15,Biskuit Coklat,Snack,9.0,9000,81000.0,510.0
2025-10-02,Indomie Goreng,Makanan Instan,9.0,3500,31500.0,388.0
2025-02-05,Jus Kotak,Minuman,5.0,7000,35000.0,109.0
2023-06-15,Teh Botol,Minuman,11.0,5000,55000.0,121.0
2024-12-12,Saus Sambal,Sembako,10.0,13000,130000.0,405.0
2023-08-30,Coklat Batang,Snack,5.0,11000,55000.0,64.0
2025-02-09,Indomie Goreng,Makanan Instan,17.0,3500,59500.0,367.0
2023-07-18,Susu UHT,Produk Susu,6.0,9000,54000.0,750.0
2025-02-23,Ramen Pedas,Makanan Instan,10.0,7000,70000.0,82.0
2024-12-21,Kopi Sachet,Minuman,12.0,2500,30000.0,209.0
2025-11-13,Biskuit Coklat,Snack,12.0,9000,108000.0,118.0
2023-02-06,Teh Botol,Minuman,10.0,5000,50000.0,348.0
2024-04-06,Beras Premium,Sembako,11.0,75000,825000.0,250.0
2023-03-11,Minuman Isotonik,Minuman,14.0,8500,119000.0,345.0
2025-12-25,Air Mineral,Minuman,14.0,4000,56000.0,569.0
2025-03-17,Coklat Batang,Snack,7.0,11000,77000.0,151.0
2023-01-11,Keripik Kentang,Snack,3.0,12000,36000.0,292.0
2025-06-14,Telur Ayam,Sembako,14.0,30000,420000.0,425.0
2024-05-07,Kacang Panggang,Snack,5.0,10000,50000.0,285.0
2024-09-27,Kecap Manis,Sembako,10.0,15000,150000.0,468.0
2023-06-21,Telur Ayam,Sembako,13.0,30000,390000.0,131.0
2024-01-11,Minyak Goreng,Sembako,13.0,28000,,322.0
2024-03-16,,Minuman,8.0,7000,56000.0,503.0
2025-05-14,Beras Medium,Sembako,11.0,65000,715000.0,414.0
2024-07-31,Wafer Coklat,Snack,2.0,8000,,593.0
2023-05-13,Telur Ayam,Sembako,15.0,30000,450000.0,476.0
2025-12-20,Coklat Batang,Snack,9.0,11000,99000.0,492.0
2023-03-19,Gula Pasir,Sembako,14.0,16000,224000.0,80.0
2024-07-13,Kopi Sachet,Minuman,4.0,2500,10000.0,608.0
2024-08-01,Beras Premium,Sembako,5.0,75000,375000.0,94.0
2024-06-20,Saus Sambal,Sembako,12.0,13000,156000.0,307.0
2025-01-11,Yogurt Botol,Produk Susu,10.0,10000,100000.0,160.0
2024-07-14,Yogurt Botol,Produk Susu,4.0,10000,40000.0,530.0
2025-05-27,Saus Sambal,Sembako,9.0,13000,117000.0,177.0
2023-04-21,Jus Kotak,Minuman,1.0,7000,7000.0,363.0
2023-04-07,Indomie Goreng,Makanan Instan,5.0,3500,17500.0,363.0
2024-09-06,Tepung Terigu,Sembako,,14000,,56.0
2024-04-20,Biskuit Coklat,Snack,11.0,9000,99000.0,98.0
2024-08-24,Minyak Goreng,Sembako,12.0,28000,336000.0,288.0
2023-06-09,Kopi Sachet,Minuman,15.0,2500,37500.0,369.0
2025-01-11,Teh Celup,Minuman,8.0,8000,64000.0,434.0
2024-08-25,Teh Celup,Minuman,10.0,8000,80000.0,213.0
2023-05-13,Sereal Sarapan,Produk Susu,11.0,25000,275000.0,307.0
2023-06-16,Kecap Manis,Sembako,3.0,15000,45000.0,83.0
2023-01-09,Kacang Panggang,Snack,11.0,10000,110000.0,58.0
2023-08-05,Wafer Coklat,Snack,11.0,8000,88000.0,288.0
2025-05-18,Beras Premium,Sembako,16.0,75000,1200000.0,220.0
2023-05-25,Kopi Botol,Minuman,7.0,7000,49000.0,306.0
2024-06-19,Coklat Batang,Snack,13.0,11000,143000.0,363.0
2025-04-27,Air Mineral,Minuman,13.0,4000,52000.0,194.0
2024-09-12,Beras Medium,Sembako,17.0,65000,1105000.0,120.0
2023-05-23,Susu UHT,Produk Susu,10.0,9000,90000.0,440.0
2025-06-04,Yogurt Botol,Produk Susu,10.0,10000,100000.0,523.0
2023-01-20,Telur Ayam,Sembako,10.0,30000,300000.0,443.0
2024-10-24,Roti Tawar,Snack,5.0,15000,75000.0,256.0
2025-12-31,Mie Ayam Instan,Makanan Instan,4.0,4000,16000.0,101.0
2024-09-09,Sereal Sarapan,Produk Susu,16.0,25000,400000.0,160.0
2025-07-11,Sereal Sarapan,Produk Susu,10.0,25000,250000.0,409.0
2025-01-23,Air Mineral,Minuman,17.0,4000,68000.0,472.0
2023-08-13,Beras Premium,Sembako,2.0,75000,150000.0,236.0
2023-03-06,Saus Sambal,Sembako,3.0,13000,39000.0,247.0
2023-07-27,Kacang Panggang,Snack,11.0,10000,110000.0,203.0
2025-07-20,Saus Sambal,Sembako,5.0,13000,65000.0,117.0
2024-06-02,Kacang Panggang,Snack,7.0,10000,70000.0,272.0
2025-08-25,Gula Pasir,Sembako,12.0,16000,192000.0,370.0
2025-10-20,Susu Kental Manis,Produk Susu,6.0,12000,72000.0,669.0
2024-09-20,Beras Premium,Sembako,9.0,75000,675000.0,358.0
2023-05-04,Beras Medium,Sembako,5.0,65000,325000.0,281.0
2025-12-29,Beras Medium,Sembako,11.0,65000,715000.0,389.0
2023-04-27,Susu UHT,Produk Susu,9.0,9000,81000.0,268.0
2024-11-18,Mie Ayam Instan,Makanan Instan,12.0,4000,48000.0,300.0
2023-09-28,Ramen Pedas,Makanan Instan,7.0,7000,49000.0,221.0
2023-07-22,Susu Kental Manis,Produk Susu,14.0,12000,168000.0,475.0
2023-02-19,Ramen Pedas,Makanan Instan,8.0,7000,56000.0,155.0
2023-02-08,Mie Ayam Instan,Makanan Instan,14.0,4000,56000.0,574.0
2025-06-27,Kecap Manis,Sembako,15.0,15000,225000.0,110.0
2023-06-26,Coklat Batang,Snack,11.0,11000,121000.0,645.0
2025-01-27,Tepung Terigu,Sembako,5.0,14000,70000.0,69.0
2023-10-30,Kacang Panggang,Snack,5.0,10000,50000.0,155.0
2025-02-23,Tepung Terigu,Sembako,15.0,14000,210000.0,352.0
2025-12-12,Roti Tawar,Snack,11.0,15000,165000.0,139.0
2023-08-25,Kopi Sachet,Minuman,12.0,2500,30000.0,117.0
2023-02-15,Air Mineral,Minuman,6.0,4000,24000.0,490.0
2024-05-23,Sereal Sarapan,Produk Susu,13.0,25000,325000.0,526.0
2023-08-02,Gula Pasir,Sembako,15.0,16000,240000.0,108.0
2023-01-19,Telur Ayam,Sembako,13.0,30000,390000.0,226.0
2025-11-15,Saus Sambal,Sembako,5.0,13000,65000.0,213.0
2024-10-22,Kopi Sachet,Minuman,11.0,2500,27500.0,401.0
2024-03-28,Minuman Isotonik,Minuman,8.0,8500,68000.0,359.0
2024-02-13,Beras Medium,Sembako,15.0,65000,975000.0,323.0
2023-02-24,Kopi Botol,Minuman,10.0,7000,70000.0,400.0
2024-12-11,Kopi Sachet,Minuman,10.0,2500,25000.0,241.0
2025-01-25,Jus Kotak,Minuman,10.0,7000,70000.0,152.0
2025-05-04,Biskuit Coklat,Snack,14.0,9000,126000.0,371.0
2024-04-07,Sereal Sarapan,Produk Susu,16.0,25000,400000.0,105.0
2024-08-20,Kecap Manis,Sembako,11.0,15000,165000.0,565.0
2024-06-18,Telur Ayam,Sembako,15.0,30000,450000.0,408.0
2025-02-14,Minyak Goreng,Sembako,15.0,28000,420000.0,172.0
2024-02-11,Keju Slice,Produk Susu,4.0,18000,72000.0,644.0
2025-09-25,Gula Pasir,Sembako,5.0,16000,80000.0,77.0
2025-11-16,Indomie Goreng,Makanan Instan,11.0,3500,38500.0,301.0
2024-05-12,Saus Sambal,Sembako,12.0,13000,156000.0,415.0
2025-05-04,Teh Botol,Minuman,6.0,5000,30000.0,140.0
2024-06-17,Beras Medium,Sembako,7.0,65000,455000.0,325.0
2025-03-15,Jus Kotak,Minuman,11.0,7000,77000.0,88.0
2023-10-17,Tepung Terigu,Sembako,12.0,14000,168000.0,142.0
2024-12-18,Jus Kotak,Minuman,10.0,7000,70000.0,153.0
2023-12-13,Telur Ayam,Sembako,6.0,30000,180000.0,188.0
2024-04-10,Air Mineral,Minuman,13.0,4000,52000.0,130.0
2023-05-05,Mie Ayam Instan,Makanan Instan,15.0,4000,60000.0,187.0
2024-07-22,Teh Botol,Minuman,4.0,5000,20000.0,558.0
2023-04-22,Sereal Sarapan,Produk Susu,5.0,25000,125000.0,58.0
2025-06-16,Roti Tawar,Snack,13.0,15000,195000.0,365.0
2025-12-29,,Snack,5.0,12000,,301.0
2024-11-23,Kacang Panggang,Snack,11.0,10000,110000.0,691.0
2023-09-06,Kecap Manis,Sembako,8.0,15000,120000.0,609.0
2024-09-22,Yogurt Botol,Produk Susu,7.0,10000,70000.0,473.0
2025-10-03,Saus Sambal,Sembako,15.0,13000,195000.0,552.0
2025-12-09,Coklat Batang,Snack,6.0,11000,66000.0,397.0
2023-12-23,Roti Tawar,Snack,13.0,15000,195000.0,361.0
2024-06-18,Teh Celup,Minuman,8.0,8000,64000.0,512.0
2025-03-15,Kopi Sachet,Minuman,13.0,2500,32500.0,163.0
2023-04-18,Kacang Panggang,Snack,3.0,10000,30000.0,118.0
2025-10-30,Kopi Botol,Minuman,7.0,7000,49000.0,153.0
2024-06-15,Teh Celup,Minuman,13.0,8000,104000.0,494.0
2024-01-09,Susu Kental Manis,Produk Susu,10.0,12000,120000.0,117.0
2024-10-22,Telur Ayam,Sembako,3.0,30000,90000.0,391.0
2025-12-28,Indomie Soto,Makanan Instan,16.0,3500,56000.0,239.0
2023-11-04,Gula Pasir,Sembako,5.0,16000,80000.0,206.0
2023-08-02,Ramen Pedas,Makanan Instan,2.0,7000,14000.0,142.0
2024-11-21,Indomie Goreng,Makanan Instan,17.0,3500,59500.0,535.0
2025-10-20,Kopi Botol,Minuman,15.0,7000,105000.0,128.0
2023-12-07,Yogurt Botol,Produk Susu,7.0,10000,70000.0,389.0
2024-09-27,Kacang Panggang,Snack,4.0,10000,40000.0,354.0
2023-07-02,Sereal Sarapan,Produk Susu,2.0,25000,50000.0,318.0
2024-01-30,Indomie Goreng,Makanan Instan,6.0,3500,21000.0,61.0
2024-05-20,Saus Sambal,Sembako,7.0,13000,91000.0,597.0
2024-08-27,Kecap Manis,Sembako,8.0,15000,120000.0,416.0
2023-12-11,Teh Celup,Minuman,13.0,8000,104000.0,460.0
2024-09-09,Saus Sambal,Sembako,2.0,13000,26000.0,363.0
2023-06-14,Yogurt Botol,Produk Susu,10.0,10000,100000.0,249.0
2024-07-03,Teh Botol,Minuman,6.0,5000,30000.0,325.0
2024-02-29,Minyak Goreng,Sembako,17.0,28000,476000.0,53.0
2023-03-26,Biskuit Coklat,Snack,6.0,9000,54000.0,264.0
2023-11-20,Susu Kental Manis,Produk Susu,8.0,12000,96000.0,558.0
2025-08-29,Susu UHT,Produk Susu,6.0,9000,54000.0,510.0
2024-01-02,Beras Medium,Sembako,3.0,65000,195000.0,431.0
2024-10-23,Beras Medium,Sembako,1.0,65000,65000.0,337.0
2024-06-21,Ramen Pedas,Makanan Instan,10.0,7000,70000.0,212.0
2025-03-30,Sereal Sarapan,Produk Susu,5.0,25000,125000.0,172.0
2025-11-07,Jus Kotak,Minuman,15.0,7000,105000.0,183.0
2023-12-24,Sereal Sarapan,Produk Susu,8.0,25000,200000.0,302.0
2025-08-22,Beras Premium,Sembako,17.0,75000,1275000.0,296.0
2023-07-03,Roti Tawar,Snack,2.0,15000,30000.0,350.0
2025-11-15,Teh Celup,Minuman,17.0,8000,136000.0,234.0
2025-09-05,Gula Pasir,Sembako,4.0,16000,64000.0,96.0
2025-07-04,Teh Celup,Minuman,4.0,8000,32000.0,442.0
2024-10-06,Roti Tawar,Snack,15.0,15000,225000.0,184.0
2025-02-25,Tepung Terigu,Sembako,6.0,14000,84000.0,409.0
2023-06-17,Susu UHT,Produk Susu,5.0,9000,45000.0,384.0
2025-09-01,Wafer Coklat,Snack,18.0,8000,144000.0,87.0
2025-08-24,Indomie Soto,Makanan Instan,10.0,3500,35000.0,145.0
2023-02-25,Air Mineral,Minuman,4.0,4000,16000.0,472.0
2024-12-13,Kopi Botol,Minuman,2.0,7000,14000.0,348.0
2025-06-03,Minyak Goreng,Sembako,11.0,28000,308000.0,220.0
2023-09-26,Coklat Batang,Snack,4.0,11000,44000.0,79.0
2024-04-20,Susu UHT,Produk Susu,9.0,9000,81000.0,195.0
2024-09-12,Beras Premium,Sembako,5.0,75000,,
2023-03-29,Minuman Isotonik,Minuman,4.0,8500,34000.0,327.0
2025-03-11,Sereal Sarapan,Produk Susu,15.0,25000,375000.0,230.0
2025-06-15,Keripik Kentang,Snack,12.0,12000,144000.0,599.0
2025-08-09,Beras Premium,Sembako,10.0,75000,750000.0,696.0
2024-05-29,Susu UHT,Produk Susu,12.0,9000,108000.0,337.0
2024-02-10,Teh Botol,Minuman,14.0,5000,70000.0,175.0
2025-04-02,Minyak Goreng,Sembako,7.0,28000,196000.0,336.0
2024-02-01,Sereal Sarapan,Produk Susu,6.0,25000,150000.0,393.0
2023-10-31,Sereal Sarapan,Produk Susu,4.0,25000,100000.0,444.0
2025-06-07,Keju Slice,Produk Susu,16.0,18000,288000.0,180.0
2025-03-18,Minuman Isotonik,Minuman,9.0,8500,76500.0,404.0
2025-06-30,Coklat Batang,Snack,11.0,11000,121000.0,213.0
2024-09-27,Teh Celup,Minuman,13.0,8000,104000.0,521.0
2025-08-08,Teh Botol,Minuman,18.0,5000,90000.0,264.0
2025-11-13,Kopi Sachet,Minuman,4.0,2500,,
2023-06-12,Yogurt Botol,Produk Susu,10.0,10000,100000.0,379.0
2025-04-08,Keripik Kentang,Snack,15.0,12000,180000.0,375.0
2023-10-06,Kacang Panggang,Snack,15.0,10000,150000.0,102.0
2025-09-14,Ramen Pedas,Makanan Instan,13.0,7000,91000.0,346.0
2025-04-07,Roti Tawar,Snack,10.0,15000,150000.0,503.0
2023-01-03,Saus Sambal,Sembako,15.0,13000,195000.0,185.0
2024-11-06,Jus Kotak,Minuman,11.0,7000,77000.0,200.0
2023-05-30,Beras Medium,Sembako,3.0,65000,195000.0,97.0
2023-06-01,Kacang Panggang,Snack,,10000,80000.0,400.0
2025-03-29,Wafer Coklat,Snack,16.0,8000,128000.0,176.0
2024-03-31,Susu Kental Manis,Produk Susu,17.0,12000,204000.0,457.0
2025-07-15,Telur Ayam,Sembako,8.0,30000,240000.0,399.0
2025-06-22,Indomie Goreng,Makanan Instan,10.0,3500,35000.0,495.0
2024-11-29,Gula Pasir,Sembako,7.0,16000,112000.0,187.0
2023-04-08,Roti Tawar,Snack,14.0,15000,210000.0,396.0
2025-04-23,Keripik Kentang,Snack,13.0,12000,156000.0,198.0
2023-05-11,Beras Premium,Sembako,11.0,75000,825000.0,182.0
2025-08-31,Biskuit Coklat,Snack,14.0,9000,126000.0,241.0
2025-11-13,Beras Premium,Sembako,17.0,75000,1275000.0,424.0
2025-03-21,Air Mineral,Minuman,19.0,4000,76000.0,583.0
2025-02-05,Sereal Sarapan,Produk Susu,11.0,25000,275000.0,152.0
2024-01-30,Indomie Goreng,Makanan Instan,6.0,3500,21000.0,
2024-02-10,Jus Kotak,Minuman,,7000,63000.0,190.0
2025-09-09,Indomie Goreng,Makanan Instan,9.0,3500,31500.0,651.0
2024-08-12,Kecap Manis,Sembako,10.0,15000,,
2025-09-21,Ramen Pedas,Makanan Instan,5.0,7000,35000.0,180.0
2024-12-25,Biskuit Coklat,Snack,15.0,9000,135000.0,189.0
2024-07-27,Air Mineral,Minuman,17.0,4000,68000.0,242.0
2024-11-22,Kacang Panggang,Snack,16.0,10000,160000.0,254.0
2024-09-15,Telur Ayam,Sembako,6.0,30000,180000.0,362.0
2025-03-22,Teh Botol,Minuman,5.0,5000,25000.0,405.0
2025-02-06,Indomie Goreng,Makanan Instan,15.0,3500,52500.0,207.0
2025-09-22,Indomie Goreng,Makanan Instan,15.0,3500,52500.0,552.0
2023-09-28,,Sembako,6.0,75000,,
2024-09-05,Minuman Isotonik,Minuman,9.0,8500,76500.0,567.0
2024-12-06,Saus Sambal,Sembako,5.0,13000,65000.0,303.0
2024-10-02,Susu Kental Manis,Produk Susu,14.0,12000,168000.0,142.0
2025-10-04,Teh Botol,Minuman,2.0,5000,10000.0,346.0
2023-03-25,Gula Pasir,Sembako,3.0,16000,48000.0,346.0
2024-10-23,Beras Premium,Sembako,13.0,75000,975000.0,261.0
2025-03-04,Jus Kotak,Minuman,6.0,7000,42000.0,439.0
2025-01-09,Tepung Terigu,Sembako,9.0,14000,126000.0,212.0
2024-03-29,Beras Medium,Sembako,13.0,65000,845000.0,299.0
2024-02-06,Keripik Kentang,Snack,4.0,12000,48000.0,528.0
2025-07-24,Indomie Goreng,Makanan Instan,18.0,3500,63000.0,379.0
2023-11-26,Tepung Terigu,Sembako,5.0,14000,70000.0,290.0
2025-01-30,Air Mineral,Minuman,10.0,4000,40000.0,472.0
2023-11-12,Ramen Pedas,Makanan Instan,8.0,7000,56000.0,556.0
2024-03-18,Susu UHT,Produk Susu,6.0,9000,,378.0
2025-08-27,Teh Celup,Minuman,12.0,8000,96000.0,622.0
2023-04-28,Kopi Sachet,Minuman,1.0,2500,2500.0,615.0
2025-03-06,Gula Pasir,Sembako,18.0,16000,288000.0,385.0
2023-02-16,Sereal Sarapan,Produk Susu,5.0,25000,125000.0,559.0
2024-09-07,Coklat Batang,Snack,10.0,11000,110000.0,534.0
2023-12-25,Kecap Manis,Sembako,7.0,15000,105000.0,438.0
2024-06-14,Gula Pasir,Sembako,3.0,16000,48000.0,80.0
2023-01-18,Minuman Isotonik,Minuman,10.0,8500,85000.0,307.0
2025-11-03,Kacang Panggang,Snack,18.0,10000,180000.0,261.0
2023-04-26,Ramen Pedas,Makanan Instan,12.0,7000,84000.0,113.0
2025-03-06,Biskuit Coklat,Snack,8.0,9000,72000.0,487.0
2025-01-20,Beras Medium,Sembako,10.0,65000,650000.0,444.0
2023-12-20,Minuman Isotonik,Minuman,1.0,8500,8500.0,431.0
2025-08-09,Beras Medium,Sembako,16.0,65000,1040000.0,288.0
2023-11-25,Kopi Botol,Minuman,15.0,7000,105000.0,219.0
2023-01-30,Indomie Soto,Makanan Instan,3.0,3500,10500.0,442.0
2023-12-18,Mie Ayam Instan,Makanan Instan,2.0,4000,8000.0,169.0
2023-10-08,Roti Tawar,Snack,7.0,15000,105000.0,
2025-10-10,Indomie Goreng,Makanan Instan,13.0,3500,45500.0,375.0
2023-06-12,Roti Tawar,Snack,7.0,15000,105000.0,584.0
2023-03-21,Indomie Soto,Makanan Instan,3.0,3500,10500.0,230.0
2024-02-16,Kopi Sachet,Minuman,9.0,2500,22500.0,378.0
2024-10-09,Susu Kental Manis,Produk Susu,2.0,12000,24000.0,57.0
2023-04-10,Saus Sambal,Sembako,1.0,13000,13000.0,414.0
2024-10-31,Susu UHT,Produk Susu,16.0,9000,144000.0,158.0
2025-04-27,Yogurt Botol,Produk Susu,16.0,10000,160000.0,363.0
2024-05-07,Teh Celup,Minuman,11.0,8000,88000.0,489.0
2025-07-12,,Sembako,,13000,,566.0
2023-06-04,Yogurt Botol,Produk Susu,3.0,10000,30000.0,200.0
2024-11-01,Indomie Goreng,Makanan Instan,3.0,3500,10500.0,180.0
2024-08-16,Teh Celup,Minuman,3.0,8000,24000.0,473.0
2024-04-29,Air Mineral,Minuman,14.0,4000,56000.0,56.0
2023-05-10,Beras Premium,Sembako,3.0,75000,225000.0,214.0
2023-09-04,Coklat Batang,Snack,1.0,11000,11000.0,466.0
2025-01-10,Telur Ayam,Sembako,12.0,30000,,
2025-08-10,Mie Ayam Instan,Makanan Instan,17.0,4000,68000.0,730.0
2025-04-08,Kopi Sachet,Minuman,14.0,2500,35000.0,601.0
2023-12-25,Beras Medium,Sembako,2.0,65000,130000.0,350.0
2025-11-06,Wafer Coklat,Snack,10.0,8000,80000.0,172.0
2025-10-28,Susu Kental Manis,Produk Susu,4.0,12000,48000.0,359.0
2024-12-15,Jus Kotak,Minuman,2.0,7000,14000.0,431.0
2024-06-30,Beras Premium,Sembako,2.0,75000,150000.0,422.0
2025-09-28,Ramen Pedas,Makanan Instan,13.0,7000,91000.0,307.0
2023-06-01,Jus Kotak,Minuman,1.0,7000,7000.0,290.0
2023-04-01,Keripik Kentang,Snack,10.0,12000,120000.0,100.0
2023-03-18,Saus Sambal,Sembako,1.0,13000,13000.0,462.0
2025-04-02,Kopi Sachet,Minuman,15.0,2500,37500.0,541.0
2023-04-22,Kopi Botol,Minuman,7.0,7000,49000.0,82.0
2024-01-15,Minyak Goreng,Sembako,4.0,28000,112000.0,242.0
2024-07-04,Air Mineral,Minuman,16.0,4000,64000.0,287.0
2024-03-24,Indomie Soto,Makanan Instan,7.0,3500,24500.0,297.0
2024-10-25,Beras Premium,Sembako,12.0,75000,900000.0,533.0
2023-07-22,Keju Slice,Produk Susu,14.0,18000,252000.0,217.0
2025-12-04,Mie Ayam Instan,Makanan Instan,9.0,4000,36000.0,352.0
2025-07-24,Telur Ayam,Sembako,13.0,30000,390000.0,468.0
2025-01-05,Susu UHT,Produk Susu,12.0,9000,108000.0,360.0
2024-06-23,Telur Ayam,Sembako,10.0,30000,300000.0,216.0
2025-12-10,Susu Kental Manis,Produk Susu,6.0,12000,72000.0,556.0
2023-10-26,Minyak Goreng,Sembako,13.0,28000,364000.0,512.0
2025-09-27,Keju Slice,Produk Susu,13.0,18000,234000.0,394.0
2024-07-22,Tepung Terigu,Sembako,4.0,14000,56000.0,233.0
2023-02-10,Teh Botol,Minuman,1.0,5000,5000.0,378.0
2024-01-31,Air Mineral,Minuman,10.0,4000,40000.0,287.0
2024-03-10,Susu Kental Manis,Produk Susu,4.0,12000,48000.0,280.0
2023-11-25,Tepung Terigu,Sembako,6.0,14000,84000.0,75.0
2024-10-08,Beras Premium,Sembako,7.0,75000,525000.0,413.0
2025-10-09,Minuman Isotonik,Minuman,15.0,8500,127500.0,146.0
2024-05-23,Kecap Manis,Sembako,15.0,15000,225000.0,95.0
2024-04-28,Telur Ayam,Sembako,10.0,30000,300000.0,161.0
2024-12-07,Teh Botol,Minuman,13.0,5000,65000.0,160.0
2025-09-29,Kacang Panggang,Snack,12.0,10000,120000.0,121.0
2023-12-28,Beras Medium,Sembako,6.0,65000,390000.0,331.0
2023-06-13,Coklat Batang,Snack,4.0,11000,44000.0,458.0
2025-09-16,Minuman Isotonik,Minuman,12.0,8500,102000.0,250.0
2024-02-10,Keju Slice,Produk Susu,3.0,18000,54000.0,281.0
2025-10-11,Yogurt Botol,Produk Susu,5.0,10000,50000.0,292.0
2024-04-20,Susu Kental Manis,Produk Susu,14.0,12000,168000.0,261.0
2025-12-12,Keripik Kentang,Snack,15.0,12000,180000.0,129.0
2023-03-05,Keripik Kentang,Snack,3.0,12000,36000.0,240.0
2023-11-04,Kecap Manis,Sembako,15.0,15000,225000.0,477.0
2024-10-04,Keju Slice,Produk Susu,15.0,18000,270000.0,331.0
2024-09-03,Teh Celup,Minuman,14.0,8000,112000.0,634.0
2025-02-21,Biskuit Coklat,Snack,9.0,9000,81000.0,489.0
2023-10-05,Beras Medium,Sembako,7.0,65000,455000.0,260.0
2025-06-30,Beras Medium,Sembako,5.0,65000,325000.0,283.0
2023-12-16,Teh Botol,Minuman,1.0,5000,5000.0,277.0
2024-08-05,Kopi Sachet,Minuman,10.0,2500,25000.0,446.0
2024-05-27,Tepung Terigu,Sembako,13.0,14000,182000.0,246.0
2025-09-22,Susu UHT,Produk Susu,13.0,9000,117000.0,266.0
2024-08-10,Roti Tawar,Snack,4.0,15000,60000.0,104.0
2024-06-02,Sereal Sarapan,Produk Susu,2.0,25000,50000.0,198.0
2024-07-19,Susu Kental Manis,Produk Susu,8.0,12000,96000.0,253.0
2025-05-09,Jus Kotak,Minuman,8.0,7000,56000.0,308.0
2025-02-14,Wafer Coklat,Snack,7.0,8000,56000.0,473.0
2025-05-22,Telur Ayam,Sembako,16.0,30000,480000.0,515.0
2025-01-03,Kecap Manis,Sembako,7.0,15000,105000.0,346.0
2023-11-12,Teh Celup,Minuman,12.0,8000,96000.0,120.0
2023-01-20,Kacang Panggang,Snack,15.0,10000,150000.0,321.0
2025-11-02,Mie Ayam Instan,Makanan Instan,14.0,4000,56000.0,244.0
2023-08-08,Telur Ayam,Sembako,15.0,30000,450000.0,78.0
2023-08-10,Coklat Batang,Snack,15.0,11000,165000.0,380.0
2023-11-29,Yogurt Botol,Produk Susu,9.0,10000,90000.0,237.0
2025-11-27,Minyak Goreng,Sembako,10.0,28000,280000.0,307.0
2024-04-29,Sereal Sarapan,Produk Susu,2.0,25000,50000.0,163.0
2025-03-06,Susu UHT,Produk Susu,4.0,9000,36000.0,394.0
2024-07-12,,Sembako,10.0,65000,650000.0,313.0
2024-02-07,Tepung Terigu,Sembako,13.0,14000,182000.0,516.0
2024-07-01,Kecap Manis,Sembako,1.0,15000,15000.0,537.0
2023-10-07,Minuman Isotonik,Minuman,8.0,8500,68000.0,596.0
2024-10-01,Sereal Sarapan,Produk Susu,11.0,25000,275000.0,169.0
2025-09-20,Kopi Botol,Minuman,16.0,7000,112000.0,255.0
2023-10-12,Air Mineral,Minuman,4.0,4000,16000.0,70.0
2024-08-04,Sereal Sarapan,Produk Susu,11.0,25000,275000.0,595.0
2025-07-10,Wafer Coklat,Snack,16.0,8000,128000.0,373.0
2025-02-05,Teh Botol,Minuman,6.0,5000,30000.0,377.0
2025-12-14,Minuman Isotonik,Minuman,15.0,8500,127500.0,373.0
2024-12-12,Kacang Panggang,Snack,12.0,10000,120000.0,270.0
2023-07-29,Biskuit Coklat,Snack,3.0,9000,27000.0,337.0
2023-12-04,Ramen Pedas,Makanan Instan,5.0,7000,35000.0,77.0
2024-05-20,Saus Sambal,Sembako,8.0,13000,104000.0,136.0
2025-02-06,Keju Slice,Produk Susu,15.0,18000,270000.0,231.0
2023-09-05,Beras Premium,Sembako,9.0,75000,675000.0,569.0
2023-10-09,Beras Medium,Sembako,8.0,65000,520000.0,319.0
2025-09-23,Keju Slice,Produk Susu,8.0,18000,144000.0,186.0
2023-08-04,Wafer Coklat,Snack,14.0,8000,112000.0,182.0
2024-11-29,Tepung Terigu,Sembako,14.0,14000,196000.0,186.0
2024-04-03,Ramen Pedas,Makanan Instan,9.0,7000,63000.0,521.0
2025-01-17,Minyak Goreng,Sembako,4.0,28000,112000.0,271.0
2024-12-13,Kopi Botol,Minuman,2.0,7000,,348.0
2024-08-16,Air Mineral,Minuman,12.0,4000,48000.0,442.0
2025-01-26,Indomie Soto,Makanan Instan,9.0,3500,31500.0,50.0
2025-12-11,Kopi Botol,Minuman,10.0,7000,70000.0,225.0
2025-02-07,Keripik Kentang,Snack,2.0,12000,24000.0,651.0
2025-10-22,Minyak Goreng,Sembako,9.0,28000,252000.0,474.0
2023-06-07,Minuman Isotonik,Minuman,14.0,8500,119000.0,437.0
2025-01-26,Tepung Terigu,Sembako,5.0,14000,70000.0,272.0
2023-09-13,Yogurt Botol,Produk Susu,15.0,10000,150000.0,329.0
2024-02-09,Air Mineral,Minuman,4.0,4000,16000.0,280.0
2025-08-14,Beras Medium,Sembako,8.0,65000,520000.0,471.0
2023-02-06,Susu Kental Manis,Produk Susu,10.0,12000,120000.0,107.0
2024-05-20,Tepung Terigu,Sembako,14.0,14000,196000.0,458.0
2023-05-26,Kopi Sachet,Minuman,9.0,2500,22500.0,616.0
2025-12-27,Indomie Goreng,Makanan Instan,13.0,3500,45500.0,484.0
2023-07-18,Ramen Pedas,Makanan Instan,11.0,7000,77000.0,197.0
2024-05-10,Wafer Coklat,Snack,9.0,8000,72000.0,206.0
2023-02-07,Roti Tawar,Snack,,15000,,
2025-04-09,Wafer Coklat,Snack,18.0,8000,144000.0,563.0
2025-07-26,Saus Sambal,Sembako,6.0,13000,78000.0,308.0
2023-09-22,Air Mineral,Minuman,3.0,4000,12000.0,427.0
2025-06-12,Minyak Goreng,Sembako,8.0,28000,224000.0,466.0
2024-09-24,Jus Kotak,Minuman,4.0,7000,28000.0,451.0
2024-03-18,,Sembako,17.0,75000,1275000.0,554.0
2025-03-26,Tepung Terigu,Sembako,8.0,14000,112000.0,81.0
2023-03-24,Indomie Soto,Makanan Instan,8.0,3500,28000.0,227.0
2025-12-27,Keju Slice,Produk Susu,8.0,18000,144000.0,269.0
2024-06-08,Minuman Isotonik,Minuman,2.0,8500,17000.0,84.0
2023-08-17,Susu Kental Manis,Produk Susu,12.0,12000,144000.0,63.0
2025-08-25,Kecap Manis,Sembako,15.0,15000,225000.0,316.0
2023-04-09,Saus Sambal,Sembako,3.0,13000,39000.0,260.0
2023-02-26,Yogurt Botol,Produk Susu,15.0,10000,150000.0,307.0
2023-03-06,Air Mineral,Minuman,5.0,4000,20000.0,382.0
2025-09-23,Kecap Manis,Sembako,6.0,15000,90000.0,352.0
2025-07-15,Susu UHT,Produk Susu,16.0,9000,144000.0,324.0
2023-04-04,Sereal Sarapan,Produk Susu,13.0,25000,325000.0,114.0
2024-07-09,,Produk Susu,,9000,,114.0
2025-08-12,Susu UHT,Produk Susu,12.0,9000,108000.0,477.0
2025-08-04,Beras Premium,Sembako,18.0,75000,1350000.0,369.0
2024-03-27,Susu UHT,Produk Susu,3.0,9000,27000.0,395.0
2024-10-16,Susu Kental Manis,Produk Susu,14.0,12000,168000.0,177.0
2024-04-23,Mie Ayam Instan,Makanan Instan,16.0,4000,64000.0,224.0
2024-03-10,Biskuit Coklat,Snack,10.0,9000,90000.0,398.0
2025-06-04,Jus Kotak,Minuman,18.0,7000,126000.0,299.0
2025-10-26,Kacang Panggang,Snack,18.0,10000,180000.0,203.0
2023-03-21,Kopi Botol,Minuman,14.0,7000,98000.0,626.0
2023-08-16,Gula Pasir,Sembako,4.0,16000,64000.0,367.0
2025-01-06,Wafer Coklat,Snack,14.0,8000,112000.0,192.0
2025-06-01,Biskuit Coklat,Snack,8.0,9000,72000.0,439.0
2024-07-23,Saus Sambal,Sembako,12.0,13000,156000.0,105.0
2024-03-09,Minyak Goreng,Sembako,6.0,28000,168000.0,485.0
2025-05-21,Saus Sambal,Sembako,,13000,156000.0,
2025-08-26,Kecap Manis,Sembako,8.0,15000,120000.0,651.0
2025-04-07,Keripik Kentang,Snack,4.0,12000,48000.0,125.0
2025-12-28,Kopi Botol,Minuman,10.0,7000,,
2023-06-18,Air Mineral,Minuman,3.0,4000,12000.0,617.0
2025-10-03,Kopi Botol,Minuman,4.0,7000,28000.0,540.0
2023-12-18,Mie Ayam Instan,Makanan Instan,2.0,4000,8000.0,169.0
2023-10-02,Susu Kental Manis,Produk Susu,5.0,12000,60000.0,
2024-05-20,Susu Kental Manis,Produk Susu,5.0,12000,60000.0,474.0
2023-06-14,Kopi Botol,Minuman,14.0,7000,98000.0,205.0
2024-02-13,Indomie Soto,Makanan Instan,5.0,3500,17500.0,437.0
2024-09-14,Teh Botol,Minuman,10.0,5000,50000.0,106.0
2024-11-13,Roti Tawar,Snack,14.0,15000,210000.0,344.0
2023-02-13,Ramen Pedas,Makanan Instan,14.0,7000,98000.0,151.0
2023-01-31,Beras Medium,Sembako,7.0,65000,455000.0,345.0
2024-05-17,Coklat Batang,Snack,3.0,11000,33000.0,178.0
2023-05-10,Kopi Sachet,Minuman,11.0,2500,27500.0,187.0
2025-12-05,Minyak Goreng,Sembako,14.0,28000,392000.0,452.0
2023-11-04,Kacang Panggang,Snack,7.0,10000,70000.0,254.0
2024-01-05,Keripik Kentang,Snack,12.0,12000,144000.0,254.0
2023-10-14,Air Mineral,Minuman,12.0,4000,48000.0,182.0
2025-06-15,Roti Tawar,Snack,12.0,15000,180000.0,353.0
2023-06-22,Beras Premium,Sembako,5.0,75000,375000.0,319.0
2025-06-23,Kecap Manis,Sembako,15.0,15000,225000.0,337.0
2024-10-21,Indomie Goreng,Makanan Instan,8.0,3500,28000.0,474.0
2025-08-29,Roti Tawar,Snack,9.0,15000,135000.0,129.0
2023-04-25,Kacang Panggang,Snack,9.0,10000,90000.0,216.0
2023-06-28,Roti Tawar,Snack,4.0,15000,60000.0,309.0
2023-03-06,Jus Kotak,Minuman,3.0,7000,21000.0,267.0
2025-12-02,Kecap Manis,Sembako,5.0,15000,75000.0,132.0
2023-10-31,Beras Premium,Sembako,9.0,75000,675000.0,320.0
2023-11-17,Jus Kotak,Minuman,11.0,7000,77000.0,270.0
2024-11-09,,Produk Susu,7.0,12000,,114.0
2025-01-30,Teh Botol,Minuman,4.0,5000,20000.0,282.0
2024-11-24,Coklat Batang,Snack,13.0,11000,143000.0,461.0
2025-04-03,Kacang Panggang,Snack,7.0,10000,70000.0,375.0
2024-09-03,Air Mineral,Minuman,5.0,4000,20000.0,125.0
2023-01-28,Beras Premium,Sembako,3.0,75000,225000.0,464.0
2025-07-09,Wafer Coklat,Snack,12.0,8000,96000.0,510.0
2023-04-04,Kacang Panggang,Snack,10.0,10000,100000.0,193.0
2023-11-27,Tepung Terigu,Sembako,12.0,14000,168000.0,636.0
2024-09-02,Indomie Soto,Makanan Instan,7.0,3500,24500.0,121.0
2023-11-26,Biskuit Coklat,Snack,3.0,9000,27000.0,316.0
2025-06-06,Kecap Manis,Sembako,4.0,15000,60000.0,283.0
2024-08-02,Telur Ayam,Sembako,13.0,30000,390000.0,243.0
2025-01-09,Sereal Sarapan,Produk Susu,15.0,25000,375000.0,68.0
2023-05-02,Keju Slice,Produk Susu,10.0,18000,180000.0,352.0
2025-11-28,Beras Premium,Sembako,7.0,75000,525000.0,251.0
2024-11-13,Gula Pasir,Sembako,13.0,16000,208000.0,207.0
2023-01-15,Indomie Goreng,Makanan Instan,7.0,3500,24500.0,432.0
2025-03-19,Beras Medium,Sembako,14.0,65000,910000.0,227.0
2023-08-17,Roti Tawar,Snack,2.0,15000,30000.0,169.0
2024-08-13,Sereal Sarapan,Produk Susu,5.0,25000,125000.0,657.0
2025-09-21,Susu Kental Manis,Produk Susu,14.0,12000,168000.0,413.0
2025-09-01,Keju Slice,Produk Susu,14.0,18000,252000.0,395.0
2024-05-10,Susu Kental Manis,Produk Susu,10.0,12000,120000.0,303.0
2023-10-08,Mie Ayam Instan,Makanan Instan,5.0,4000,20000.0,190.0
2025-10-04,Susu Kental Manis,Produk Susu,11.0,12000,132000.0,231.0
2024-01-17,Saus Sambal,Sembako,8.0,13000,104000.0,252.0
2024-01-04,Susu UHT,Produk Susu,7.0,9000,63000.0,151.0
2023-09-07,Kacang Panggang,Snack,7.0,10000,70000.0,293.0
2024-01-28,Roti Tawar,Snack,5.0,15000,75000.0,164.0
2023-03-28,Kopi Botol,Minuman,7.0,7000,49000.0,476.0
2023-09-19,Air Mineral,Minuman,5.0,4000,20000.0,290.0
2023-12-22,Sereal Sarapan,Produk Susu,9.0,25000,225000.0,245.0
2025-01-02,Roti Tawar,Snack,11.0,15000,165000.0,229.0
2024-11-26,Wafer Coklat,Snack,10.0,8000,80000.0,238.0
2023-09-10,Susu UHT,Produk Susu,12.0,9000,108000.0,74.0
2024-03-24,Susu Kental Manis,Produk Susu,5.0,12000,60000.0,528.0
2024-10-20,Kacang Panggang,Snack,6.0,10000,60000.0,230.0
2024-09-01,Kopi Sachet,Minuman,11.0,2500,27500.0,332.0
2024-04-20,Kopi Botol,Minuman,16.0,7000,112000.0,290.0
2024-05-01,Roti Tawar,Snack,3.0,15000,45000.0,177.0
2024-04-30,Tepung Terigu,Sembako,6.0,14000,84000.0,226.0
2025-07-18,Air Mineral,Minuman,13.0,4000,52000.0,630.0
2025-03-25,Keripik Kentang,Snack,9.0,12000,108000.0,243.0
2024-06-13,Susu Kental Manis,Produk Susu,14.0,12000,168000.0,82.0
2025-04-12,Coklat Batang,Snack,6.0,11000,66000.0,204.0
2024-08-10,Tepung Terigu,Sembako,11.0,14000,154000.0,493.0
2023-01-15,Keju Slice,Produk Susu,9.0,18000,162000.0,168.0
2025-03-14,Tepung Terigu,Sembako,6.0,14000,84000.0,194.0
2025-11-11,Keripik Kentang,Snack,5.0,12000,60000.0,333.0
2023-05-23,Roti Tawar,Snack,1.0,15000,15000.0,557.0
2023-07-27,Saus Sambal,Sembako,6.0,13000,78000.0,319.0
2024-07-28,Indomie Soto,Makanan Instan,10.0,3500,35000.0,97.0
2025-06-07,Gula Pasir,Sembako,14.0,16000,224000.0,146.0
2024-11-16,Minyak Goreng,Sembako,4.0,28000,112000.0,158.0
2025-09-15,Kopi Sachet,Minuman,7.0,2500,17500.0,178.0
2025-08-01,Kacang Panggang,Snack,16.0,10000,160000.0,533.0
2025-10-05,Mie Ayam Instan,Makanan Instan,11.0,4000,44000.0,492.0
2024-11-18,Wafer Coklat,Snack,9.0,8000,72000.0,285.0
2024-08-27,Mie Ayam Instan,Makanan Instan,13.0,4000,52000.0,80.0
2023-10-14,Kacang Panggang,Snack,12.0,10000,120000.0,69.0
2023-05-09,Keju Slice,Produk Susu,10.0,18000,180000.0,382.0
2023-12-24,Telur Ayam,Sembako,7.0,30000,210000.0,313.0
2025-12-07,Saus Sambal,Sembako,,13000,208000.0,495.0
2025-04-03,Susu Kental Manis,Produk Susu,4.0,12000,48000.0,206.0
2024-02-25,Ramen Pedas,Makanan Instan,9.0,7000,63000.0,421.0
2025-12-11,Susu UHT,Produk Susu,5.0,9000,45000.0,103.0
2025-04-07,Keju Slice,Produk Susu,14.0,18000,252000.0,258.0
2025-09-01,Mie Ayam Instan,Makanan Instan,5.0,4000,20000.0,96.0
2023-08-29,Minuman Isotonik,Minuman,4.0,8500,34000.0,334.0
2025-01-15,Teh Botol,Minuman,4.0,5000,20000.0,259.0
2023-07-18,Wafer Coklat,Snack,1.0,8000,8000.0,111.0
2023-10-22,Roti Tawar,Snack,5.0,15000,75000.0,374.0
2024-07-26,Kopi Sachet,Minuman,17.0,2500,42500.0,570.0
2025-03-07,Telur Ayam,Sembako,9.0,30000,270000.0,454.0
2024-01-11,Coklat Batang,Snack,14.0,11000,154000.0,224.0
2023-08-18,Mie Ayam Instan,Makanan Instan,1.0,4000,4000.0,109.0
2025-04-11,Minuman Isotonik,Minuman,9.0,8500,76500.0,168.0
2024-03-14,Biskuit Coklat,Snack,9.0,9000,81000.0,232.0
2025-11-21,Kopi Botol,Minuman,11.0,7000,77000.0,141.0
2024-12-24,Susu Kental Manis,Produk Susu,11.0,12000,132000.0,675.0
2024-01-25,Minyak Goreng,Sembako,12.0,28000,336000.0,185.0
2025-08-13,Minuman Isotonik,Minuman,11.0,8500,93500.0,281.0
2024-02-23,Beras Premium,Sembako,11.0,75000,825000.0,522.0
2025-04-22,Jus Kotak,Minuman,2.0,7000,14000.0,72.0
2023-04-01,Minyak Goreng,Sembako,4.0,28000,112000.0,75.0
2025-10-20,Sereal Sarapan,Produk Susu,4.0,25000,100000.0,354.0
2024-11-02,Ramen Pedas,Makanan Instan,11.0,7000,77000.0,460.0
2023-10-23,Wafer Coklat,Snack,5.0,8000,40000.0,55.0
2024-08-14,Indomie Goreng,Makanan Instan,16.0,3500,56000.0,88.0
2023-03-02,Coklat Batang,Snack,13.0,11000,143000.0,377.0
2023-10-11,Sereal Sarapan,Produk Susu,9.0,25000,225000.0,473.0
2023-06-13,Kopi Botol,Minuman,3.0,7000,21000.0,260.0
2023-03-19,Indomie Soto,Makanan Instan,10.0,3500,35000.0,287.0
2023-06-25,Coklat Batang,Snack,2.0,11000,22000.0,395.0
2024-09-19,Minuman Isotonik,Minuman,11.0,8500,93500.0,63.0
2025-02-07,Telur Ayam,Sembako,9.0,30000,270000.0,290.0
2023-12-06,Telur Ayam,Sembako,2.0,30000,60000.0,578.0
2024-10-12,Minyak Goreng,Sembako,9.0,28000,252000.0,570.0
2024-12-31,Minyak Goreng,Sembako,9.0,28000,252000.0,670.0
2024-10-17,Kecap Manis,Sembako,3.0,15000,45000.0,319.0
2025-11-07,Minyak Goreng,Sembako,10.0,28000,280000.0,560.0
2024-12-20,Tepung Terigu,Sembako,13.0,14000,182000.0,623.0
2023-03-28,Beras Medium,Sembako,12.0,65000,780000.0,311.0
2023-01-20,Roti Tawar,Snack,5.0,15000,75000.0,134.0
2025-07-26,Mie Ayam Instan,Makanan Instan,4.0,4000,16000.0,
2024-01-07,Keju Slice,Produk Susu,6.0,18000,108000.0,285.0
2024-06-18,Teh Celup,Minuman,8.0,8000,64000.0,512.0
2025-02-03,Kacang Panggang,Snack,3.0,10000,30000.0,659.0
2025-03-31,Biskuit Coklat,Snack,11.0,9000,99000.0,326.0
2023-12-01,Ramen Pedas,Makanan Instan,,7000,7000.0,253.0
2025-12-24,Keju Slice,Produk Susu,13.0,18000,234000.0,51.0
2025-10-21,Yogurt Botol,Produk Susu,12.0,10000,120000.0,136.0
2024-03-09,Indomie Soto,Makanan Instan,14.0,3500,49000.0,277.0
2025-10-27,Jus Kotak,Minuman,9.0,7000,63000.0,399.0
2024-05-17,Yogurt Botol,Produk Susu,8.0,10000,80000.0,108.0
2023-12-26,Kopi Sachet,Minuman,11.0,2500,27500.0,377.0
2024-11-06,Minyak Goreng,Sembako,5.0,28000,140000.0,180.0
2025-06-12,Biskuit Coklat,Snack,17.0,9000,153000.0,56.0
2023-04-02,Kacang Panggang,Snack,4.0,10000,40000.0,81.0
2024-09-23,Susu UHT,Produk Susu,8.0,9000,72000.0,149.0
2023-07-30,Beras Premium,Sembako,12.0,75000,900000.0,441.0
2025-07-21,Ramen Pedas,Makanan Instan,14.0,7000,98000.0,198.0
2023-07-06,Minyak Goreng,Sembako,14.0,28000,392000.0,374.0
2023-05-27,Roti Tawar,Snack,10.0,15000,150000.0,547.0
2024-11-21,Keju Slice,Produk Susu,9.0,18000,162000.0,177.0
2025-07-01,Yogurt Botol,Produk Susu,9.0,10000,90000.0,500.0
2024-03-01,Jus Kotak,Minuman,1.0,7000,7000.0,171.0
2025-12-06,Roti Tawar,Snack,17.0,15000,255000.0,180.0
2024-07-04,Jus Kotak,Minuman,4.0,7000,28000.0,114.0
2025-05-21,Beras Premium,Sembako,,75000,,
2024-08-11,Coklat Batang,Snack,9.0,11000,99000.0,314.0
2023-08-05,Keju Slice,Produk Susu,10.0,18000,180000.0,124.0
2024-07-12,Indomie Soto,Makanan Instan,14.0,3500,49000.0,395.0
2025-08-30,Jus Kotak,Minuman,12.0,7000,84000.0,427.0
2025-11-17,Keju Slice,Produk Susu,11.0,18000,198000.0,331.0
2025-10-17,Mie Ayam Instan,Makanan Instan,11.0,4000,44000.0,618.0
2025-09-12,Air Mineral,Minuman,8.0,4000,32000.0,575.0
2024-06-26,Keju Slice,Produk Susu,6.0,18000,108000.0,263.0
2024-07-23,Susu UHT,Produk Susu,14.0,9000,126000.0,480.0
2023-06-06,Saus Sambal,Sembako,12.0,13000,156000.0,201.0
2024-05-14,Minuman Isotonik,Minuman,12.0,8500,102000.0,273.0
2024-03-06,,Sembako,9.0,30000,270000.0,
2023-12-12,Susu Kental Manis,Produk Susu,1.0,12000,12000.0,56.0
2024-10-15,Biskuit Coklat,Snack,12.0,9000,108000.0,72.0
2025-08-17,Yogurt Botol,Produk Susu,15.0,10000,150000.0,415.0
2025-09-13,Tepung Terigu,Sembako,5.0,14000,70000.0,152.0
2023-05-12,Kecap Manis,Sembako,1.0,15000,15000.0,532.0
2023-06-07,Air Mineral,Minuman,6.0,4000,24000.0,354.0
2024-11-20,Minyak Goreng,Sembako,2.0,28000,56000.0,412.0
2024-05-07,Minuman Isotonik,Minuman,11.0,8500,93500.0,492.0
2023-06-22,Tepung Terigu,Sembako,4.0,14000,56000.0,406.0
2023-09-19,Keju Slice,Produk Susu,1.0,18000,18000.0,213.0
2025-01-31,Susu Kental Manis,Produk Susu,2.0,12000,24000.0,56.0
2023-11-12,Mie Ayam Instan,Makanan Instan,10.0,4000,40000.0,564.0
2025-09-14,Roti Tawar,Snack,5.0,15000,75000.0,251.0
2025-08-07,Sereal Sarapan,Produk Susu,18.0,25000,450000.0,289.0
2025-10-15,Keju Slice,Produk Susu,9.0,18000,162000.0,157.0
2023-09-02,Keripik Kentang,Snack,11.0,12000,132000.0,664.0
2023-11-27,Biskuit Coklat,Snack,11.0,9000,99000.0,319.0
2023-02-09,Air Mineral,Minuman,12.0,4000,48000.0,545.0
2025-02-11,Keju Slice,Produk Susu,10.0,18000,180000.0,226.0
2025-12-26,Air Mineral,Minuman,15.0,4000,60000.0,207.0
2023-05-13,Indomie Goreng,Makanan Instan,4.0,3500,14000.0,331.0
2025-02-07,Roti Tawar,Snack,9.0,15000,135000.0,591.0
2024-10-05,Tepung Terigu,Sembako,3.0,14000,42000.0,383.0
2023-08-06,Ramen Pedas,Makanan Instan,8.0,7000,56000.0,421.0
2024-07-30,Air Mineral,Minuman,5.0,4000,20000.0,237.0
2024-01-02,Kopi Botol,Minuman,9.0,7000,63000.0,359.0
2024-05-08,Coklat Batang,Snack,9.0,11000,99000.0,290.0
2024-08-29,Kopi Sachet,Minuman,13.0,2500,32500.0,343.0
2024-01-02,Indomie Soto,Makanan Instan,15.0,3500,52500.0,365.0
2024-08-21,Saus Sambal,Sembako,12.0,13000,156000.0,637.0
2024-01-12,Minyak Goreng,Sembako,1.0,28000,28000.0,361.0
2023-10-21,Air Mineral,Minuman,4.0,4000,16000.0,515.0
2024-07-31,,Makanan Instan,,7000,42000.0,145.0
2023-04-29,Gula Pasir,Sembako,4.0,16000,64000.0,367.0
2023-07-01,Minyak Goreng,Sembako,9.0,28000,252000.0,152.0
2025-08-01,Susu Kental Manis,Produk Susu,16.0,12000,192000.0,420.0
2024-06-03,Wafer Coklat,Snack,7.0,8000,56000.0,459.0
2025-08-20,Beras Premium,Sembako,5.0,75000,375000.0,132.0
2025-10-08,Biskuit Coklat,Snack,4.0,9000,36000.0,385.0
2023-01-20,,Produk Susu,,18000,54000.0,194.0
2024-10-21,Jus Kotak,Minuman,13.0,7000,91000.0,360.0
2023-08-19,Mie Ayam Instan,Makanan Instan,8.0,4000,32000.0,51.0
2025-11-17,Indomie Goreng,Makanan Instan,14.0,3500,49000.0,325.0
2024-03-22,Coklat Batang,Snack,10.0,11000,110000.0,321.0
2024-03-24,Keripik Kentang,Snack,2.0,12000,24000.0,591.0
2025-10-10,Ramen Pedas,Makanan Instan,13.0,7000,91000.0,530.0
2023-08-10,,Sembako,8.0,30000,240000.0,330.0
2023-07-17,Teh Celup,Minuman,8.0,8000,64000.0,532.0
2024-01-31,Minyak Goreng,Sembako,11.0,28000,308000.0,491.0
2025-12-11,Ramen Pedas,Makanan Instan,6.0,7000,42000.0,120.0
2024-11-04,Wafer Coklat,Snack,10.0,8000,80000.0,299.0
2025-01-02,Saus Sambal,Sembako,6.0,13000,78000.0,587.0
2025-07-18,Indomie Goreng,Makanan Instan,3.0,3500,10500.0,149.0
2023-09-21,Keju Slice,Produk Susu,13.0,18000,234000.0,163.0
2024-05-14,Gula Pasir,Sembako,12.0,16000,192000.0,194.0
2025-08-28,Jus Kotak,Minuman,4.0,7000,28000.0,306.0
2023-08-09,Indomie Soto,Makanan Instan,10.0,3500,35000.0,478.0
2024-04-28,Tepung Terigu,Sembako,7.0,14000,98000.0,486.0
2023-10-29,Kacang Panggang,Snack,13.0,10000,130000.0,351.0
2024-01-31,Sereal Sarapan,Produk Susu,5.0,25000,125000.0,587.0
2025-11-05,Coklat Batang,Snack,9.0,11000,99000.0,195.0
2025-09-20,Susu UHT,Produk Susu,3.0,9000,27000.0,212.0
2024-05-28,Kacang Panggang,Snack,3.0,10000,30000.0,671.0
2025-10-27,Keripik Kentang,Snack,6.0,12000,72000.0,91.0
2024-05-10,Yogurt Botol,Produk Susu,13.0,10000,130000.0,148.0
2025-03-25,Keju Slice,Produk Susu,12.0,18000,216000.0,274.0
2025-02-15,Indomie Goreng,Makanan Instan,5.0,3500,17500.0,67.0
2023-10-15,Beras Premium,Sembako,12.0,75000,900000.0,279.0
2024-03-27,Indomie Soto,Makanan Instan,9.0,3500,31500.0,267.0
2024-08-21,Keripik Kentang,Snack,15.0,12000,180000.0,52.0
2023-06-16,Ramen Pedas,Makanan Instan,7.0,7000,49000.0,374.0
2025-07-29,Mie Ayam Instan,Makanan Instan,12.0,4000,48000.0,629.0
2023-02-17,Coklat Batang,Snack,3.0,11000,33000.0,459.0
2023-04-16,Wafer Coklat,Snack,,8000,,609.0
2023-08-31,Kacang Panggang,Snack,9.0,10000,90000.0,662.0
2023-10-24,Coklat Batang,Snack,11.0,11000,121000.0,73.0
2025-11-26,Indomie Goreng,Makanan Instan,11.0,3500,38500.0,183.0
2023-07-22,,Sembako,14.0,15000,210000.0,
2025-05-31,Indomie Soto,Makanan Instan,16.0,3500,56000.0,184.0
2023-04-11,Ramen Pedas,Makanan Instan,11.0,7000,77000.0,76.0
2024-02-04,Kecap Manis,Sembako,14.0,15000,210000.0,724.0
2024-08-10,Kopi Botol,Minuman,8.0,7000,56000.0,482.0
2025-04-15,Air Mineral,Minuman,6.0,4000,24000.0,497.0
2023-10-10,,Produk Susu,,9000,126000.0,217.0
2025-03-16,Minyak Goreng,Sembako,15.0,28000,420000.0,296.0
2023-04-26,Teh Botol,Minuman,9.0,5000,45000.0,415.0
2024-09-24,Kopi Sachet,Minuman,11.0,2500,27500.0,335.0
2025-02-15,Kopi Botol,Minuman,12.0,7000,84000.0,380.0
2025-07-25,Beras Medium,Sembako,14.0,65000,910000.0,163.0
2025-01-03,Yogurt Botol,Produk Susu,16.0,10000,160000.0,614.0
2024-01-21,Kecap Manis,Sembako,8.0,15000,120000.0,513.0
2025-07-01,Mie Ayam Instan,Makanan Instan,12.0,4000,48000.0,288.0
2024-06-07,Sereal Sarapan,Produk Susu,6.0,25000,150000.0,58.0
2025-04-28,Yogurt Botol,Produk Susu,17.0,10000,170000.0,283.0
2024-09-03,Biskuit Coklat,Snack,6.0,9000,54000.0,210.0
2024-01-21,Susu Kental Manis,Produk Susu,14.0,12000,,
2025-09-26,Ramen Pedas,Makanan Instan,13.0,7000,91000.0,205.0
2024-08-13,Air Mineral,Minuman,3.0,4000,12000.0,110.0
2024-12-07,Ramen Pedas,Makanan Instan,7.0,7000,49000.0,525.0
2024-01-10,Tepung Terigu,Sembako,14.0,14000,196000.0,232.0
2025-05-12,Coklat Batang,Snack,10.0,11000,110000.0,434.0
2023-01-31,Ramen Pedas,Makanan Instan,6.0,7000,42000.0,255.0
2024-12-17,Biskuit Coklat,Snack,6.0,9000,54000.0,420.0
2023-07-04,Gula Pasir,Sembako,3.0,16000,48000.0,476.0
2025-01-16,Minyak Goreng,Sembako,10.0,28000,280000.0,253.0
2024-03-12,Teh Celup,Minuman,13.0,8000,104000.0,317.0
2025-10-01,Biskuit Coklat,Snack,15.0,9000,135000.0,443.0
2025-11-12,Jus Kotak,Minuman,3.0,7000,21000.0,490.0
2023-06-11,Kopi Sachet,Minuman,15.0,2500,37500.0,419.0
2025-03-26,Teh Botol,Minuman,16.0,5000,80000.0,105.0
2023-01-20,Beras Medium,Sembako,10.0,65000,650000.0,130.0
2024-09-25,Beras Premium,Sembako,9.0,75000,675000.0,137.0
2024-07-05,Sereal Sarapan,Produk Susu,5.0,25000,125000.0,504.0
2023-09-18,Kopi Sachet,Minuman,1.0,2500,2500.0,55.0
2024-02-28,Kacang Panggang,Snack,10.0,10000,100000.0,591.0
2024-08-11,Saus Sambal,Sembako,8.0,13000,104000.0,629.0
2023-03-16,Kecap Manis,Sembako,14.0,15000,210000.0,424.0
2024-03-12,Minyak Goreng,Sembako,16.0,28000,448000.0,582.0
2025-02-20,Tepung Terigu,Sembako,13.0,14000,182000.0,274.0
2023-11-27,Telur Ayam,Sembako,2.0,30000,60000.0,133.0
2023-05-22,Beras Premium,Sembako,5.0,75000,375000.0,127.0
2025-12-22,Beras Premium,Sembako,18.0,75000,1350000.0,591.0
2024-05-22,Gula Pasir,Sembako,6.0,16000,96000.0,287.0
2024-10-24,Keju Slice,Produk Susu,1.0,18000,18000.0,290.0
2024-01-25,Indomie Soto,Makanan Instan,13.0,3500,45500.0,324.0
2025-07-26,Teh Celup,Minuman,12.0,8000,96000.0,355.0
2023-12-27,Jus Kotak,Minuman,3.0,7000,21000.0,77.0
2025-07-31,Telur Ayam,Sembako,7.0,30000,210000.0,158.0
2024-07-29,Roti Tawar,Snack,12.0,15000,180000.0,619.0
2024-07-16,Keju Slice,Produk Susu,10.0,18000,180000.0,472.0
2023-06-11,Susu Kental Manis,Produk Susu,7.0,12000,84000.0,377.0
2023-04-21,Susu Kental Manis,Produk Susu,14.0,12000,168000.0,100.0
2025-04-05,Tepung Terigu,Sembako,7.0,14000,98000.0,345.0
2023-02-02,Mie Ayam Instan,Makanan Instan,8.0,4000,32000.0,312.0
2024-12-25,Susu Kental Manis,Produk Susu,16.0,12000,192000.0,435.0
2025-09-17,Sereal Sarapan,Produk Susu,18.0,25000,450000.0,68.0
2024-01-17,Minuman Isotonik,Minuman,8.0,8500,68000.0,316.0
2024-06-17,Jus Kotak,Minuman,11.0,7000,77000.0,388.0
2023-03-23,Keju Slice,Produk Susu,9.0,18000,162000.0,115.0
2025-10-04,Keju Slice,Produk Susu,8.0,18000,144000.0,309.0
2023-03-19,Indomie Goreng,Makanan Instan,9.0,3500,31500.0,282.0
2023-03-14,Kecap Manis,Sembako,9.0,15000,135000.0,356.0
2023-03-16,Minyak Goreng,Sembako,8.0,28000,224000.0,422.0
2025-05-15,Coklat Batang,Snack,10.0,11000,110000.0,626.0
2023-01-04,Minuman Isotonik,Minuman,10.0,8500,85000.0,306.0
2025-03-10,Susu UHT,Produk Susu,7.0,9000,63000.0,349.0
2025-10-15,Indomie Goreng,Makanan Instan,8.0,3500,28000.0,291.0
2023-11-26,,Sembako,10.0,75000,750000.0,
2024-05-17,Teh Celup,Minuman,5.0,8000,40000.0,507.0
2024-10-09,Wafer Coklat,Snack,2.0,8000,16000.0,
2025-01-28,Wafer Coklat,Snack,14.0,8000,112000.0,623.0
2024-10-17,Kopi Sachet,Minuman,4.0,2500,10000.0,215.0
2023-12-09,Keripik Kentang,Snack,9.0,12000,108000.0,144.0
2025-12-20,Mie Ayam Instan,Makanan Instan,9.0,4000,36000.0,630.0
2023-05-05,Tepung Terigu,Sembako,9.0,14000,126000.0,490.0
2025-06-01,Minuman Isotonik,Minuman,12.0,8500,102000.0,465.0
2024-09-15,Kacang Panggang,Snack,3.0,10000,30000.0,161.0
2025-01-22,Kopi Sachet,Minuman,18.0,2500,45000.0,317.0
2023-02-27,Wafer Coklat,Snack,12.0,8000,96000.0,699.0
2025-05-29,Susu UHT,Produk Susu,7.0,9000,63000.0,351.0
2024-04-25,Kacang Panggang,Snack,3.0,10000,30000.0,642.0
2023-11-04,Kecap Manis,Sembako,,15000,225000.0,477.0
2025-07-01,,Makanan Instan,,4000,,288.0
2025-11-19,Minyak Goreng,Sembako,8.0,28000,224000.0,300.0
2024-02-18,Air Mineral,Minuman,11.0,4000,44000.0,222.0
2023-09-08,Kacang Panggang,Snack,9.0,10000,,351.0
2023-01-23,Keripik Kentang,Snack,13.0,12000,156000.0,298.0
2024-08-27,Beras Medium,Sembako,7.0,65000,455000.0,503.0
2023-03-12,Beras Premium,Sembako,10.0,75000,750000.0,259.0
2023-06-27,Teh Botol,Minuman,5.0,5000,25000.0,320.0
2025-05-20,Telur Ayam,Sembako,19.0,30000,570000.0,321.0
2025-10-19,Roti Tawar,Snack,15.0,15000,225000.0,252.0
2024-10-20,Beras Premium,Sembako,16.0,75000,1200000.0,193.0
2025-11-30,Yogurt Botol,Produk Susu,12.0,10000,120000.0,736.0
2023-07-15,Minuman Isotonik,Minuman,10.0,8500,85000.0,415.0
2024-10-14,Kopi Sachet,Minuman,4.0,2500,10000.0,468.0
2023-03-06,Kopi Sachet,Minuman,10.0,2500,25000.0,261.0
2025-12-15,Air Mineral,Minuman,12.0,4000,48000.0,430.0
2023-05-10,Tepung Terigu,Sembako,13.0,14000,182000.0,173.0
2025-04-25,Beras Premium,Sembako,13.0,75000,975000.0,62.0
2024-03-20,Keripik Kentang,Snack,12.0,12000,144000.0,219.0
2025-12-22,Sereal Sarapan,Produk Susu,16.0,25000,400000.0,262.0
2023-03-20,Ramen Pedas,Makanan Instan,3.0,7000,21000.0,381.0
2024-03-03,Kacang Panggang,Snack,5.0,10000,50000.0,126.0
2025-07-16,Sereal Sarapan,Produk Susu,7.0,25000,175000.0,453.0
2023-09-04,Yogurt Botol,Produk Susu,10.0,10000,100000.0,279.0
2025-09-14,Kecap Manis,Sembako,8.0,15000,120000.0,217.0
2024-03-27,Susu Kental Manis,Produk Susu,11.0,12000,132000.0,269.0
2025-09-17,Mie Ayam Instan,Makanan Instan,11.0,4000,44000.0,270.0
2024-07-24,Beras Medium,Sembako,8.0,65000,520000.0,406.0
2024-06-12,Roti Tawar,Snack,11.0,15000,165000.0,59.0
2024-08-20,Indomie Goreng,Makanan Instan,8.0,3500,28000.0,416.0
2024-02-24,Roti Tawar,Snack,9.0,15000,135000.0,220.0
2024-11-19,Mie Ayam Instan,Makanan Instan,7.0,4000,28000.0,655.0
2023-07-11,Kacang Panggang,Snack,6.0,10000,60000.0,394.0
2024-08-24,Ramen Pedas,Makanan Instan,12.0,7000,84000.0,169.0
2023-08-01,Susu Kental Manis,Produk Susu,4.0,12000,48000.0,71.0
2024-07-21,Kopi Sachet,Minuman,7.0,2500,17500.0,273.0
2025-10-02,Teh Botol,Minuman,8.0,5000,40000.0,592.0
2025-03-03,,Sembako,16.0,14000,224000.0,
2023-01-19,Tepung Terigu,Sembako,3.0,14000,42000.0,429.0
2024-10-30,Kecap Manis,Sembako,16.0,15000,240000.0,738.0
2023-05-19,Susu Kental Manis,Produk Susu,8.0,12000,96000.0,94.0
2023-09-12,Susu Kental Manis,Produk Susu,2.0,12000,24000.0,75.0
2024-08-04,Wafer Coklat,Snack,9.0,8000,72000.0,321.0
2025-05-01,Indomie Goreng,Makanan Instan,18.0,3500,63000.0,345.0
2023-05-16,Jus Kotak,Minuman,7.0,7000,49000.0,255.0
2023-02-23,Gula Pasir,Sembako,6.0,16000,96000.0,424.0
2025-05-06,Susu UHT,Produk Susu,12.0,9000,108000.0,416.0
2024-02-12,,Snack,,10000,,431.0
2024-09-16,Kacang Panggang,Snack,,10000,50000.0,
2023-02-19,Keripik Kentang,Snack,13.0,12000,156000.0,353.0
2025-06-07,Mie Ayam Instan,Makanan Instan,3.0,4000,12000.0,202.0
2023-09-07,Kecap Manis,Sembako,5.0,15000,75000.0,557.0
2023-01-29,Biskuit Coklat,Snack,9.0,9000,81000.0,458.0
2023-11-03,Coklat Batang,Snack,8.0,11000,88000.0,474.0
2024-08-25,Kopi Botol,Minuman,2.0,7000,14000.0,337.0
2024-12-27,Minyak Goreng,Sembako,14.0,28000,392000.0,328.0
2024-12-12,Saus Sambal,Sembako,16.0,13000,208000.0,228.0
2024-04-22,Gula Pasir,Sembako,6.0,16000,96000.0,439.0
2024-06-03,Teh Celup,Minuman,12.0,8000,96000.0,468.0
2025-06-24,Saus Sambal,Sembako,15.0,13000,195000.0,380.0
2023-01-16,Indomie Soto,Makanan Instan,4.0,3500,14000.0,263.0
2024-09-25,Kecap Manis,Sembako,6.0,15000,90000.0,618.0
2025-06-30,Roti Tawar,Snack,12.0,15000,180000.0,67.0
2024-12-10,Telur Ayam,Sembako,14.0,30000,420000.0,297.0
2023-12-17,Wafer Coklat,Snack,9.0,8000,72000.0,402.0
2025-03-22,Indomie Soto,Makanan Instan,12.0,3500,42000.0,251.0
2023-09-23,Susu Kental Manis,Produk Susu,5.0,12000,60000.0,77.0
2025-12-26,Minyak Goreng,Sembako,14.0,28000,392000.0,692.0
2024-11-03,Yogurt Botol,Produk Susu,6.0,10000,60000.0,468.0
2023-04-04,Kopi Botol,Minuman,1.0,7000,7000.0,146.0
2023-07-16,Kecap Manis,Sembako,7.0,15000,105000.0,309.0
2025-12-31,Jus Kotak,Minuman,15.0,7000,105000.0,62.0
2025-11-01,Beras Premium,Sembako,7.0,75000,525000.0,391.0
2025-10-12,Keju Slice,Produk Susu,11.0,18000,198000.0,597.0
2023-03-02,Minyak Goreng,Sembako,9.0,28000,252000.0,275.0
2025-08-15,Susu UHT,Produk Susu,14.0,9000,126000.0,246.0
2025-06-16,Beras Medium,Sembako,17.0,65000,1105000.0,389.0
2024-11-12,Saus Sambal,Sembako,9.0,13000,117000.0,526.0
2023-11-19,Susu Kental Manis,Produk Susu,7.0,12000,84000.0,331.0
2024-03-25,Beras Medium,Sembako,15.0,65000,975000.0,362.0
2023-07-27,Indomie Goreng,Makanan Instan,7.0,3500,24500.0,318.0
2023-07-21,Kacang Panggang,Snack,1.0,10000,10000.0,393.0
2024-09-12,Keju Slice,Produk Susu,16.0,18000,288000.0,504.0
2024-07-20,Ramen Pedas,Makanan Instan,3.0,7000,21000.0,359.0
2024-05-22,Ramen Pedas,Makanan Instan,4.0,7000,28000.0,646.0
2023-01-26,Kecap Manis,Sembako,13.0,15000,195000.0,275.0
2025-05-08,Keju Slice,Produk Susu,11.0,18000,198000.0,426.0
2023-12-19,Minyak Goreng,Sembako,5.0,28000,140000.0,79.0
2023-06-22,Kopi Sachet,Minuman,3.0,2500,7500.0,82.0
2025-03-14,Teh Celup,Minuman,7.0,8000,56000.0,207.0
2023-12-29,Coklat Batang,Snack,14.0,11000,154000.0,122.0
2024-10-13,Beras Medium,Sembako,17.0,65000,1105000.0,105.0
2024-10-18,Sereal Sarapan,Produk Susu,5.0,25000,125000.0,551.0
2023-04-19,Biskuit Coklat,Snack,8.0,9000,72000.0,221.0
2024-05-27,Keripik Kentang,Snack,2.0,12000,24000.0,252.0
2023-09-15,Kopi Botol,Minuman,3.0,7000,21000.0,330.0
2024-03-14,Ramen Pedas,Makanan Instan,17.0,7000,119000.0,630.0
2024-10-04,Teh Botol,Minuman,14.0,5000,70000.0,289.0
2024-02-03,Saus Sambal,Sembako,,13000,,
2025-08-28,Minuman Isotonik,Minuman,4.0,8500,34000.0,338.0
2025-01-12,Roti Tawar,Snack,,15000,75000.0,
2024-04-24,Gula Pasir,Sembako,9.0,16000,144000.0,211.0
2024-01-09,Wafer Coklat,Snack,13.0,8000,104000.0,
2025-11-30,Susu UHT,Produk Susu,14.0,9000,126000.0,238.0
2023-04-04,Telur Ayam,Sembako,10.0,30000,300000.0,200.0
2024-01-06,Minyak Goreng,Sembako,3.0,28000,84000.0,
2025-03-31,Kacang Panggang,Snack,,10000,40000.0,
2024-12-16,Indomie Soto,Makanan Instan,6.0,3500,21000.0,306.0
2024-08-11,Sereal Sarapan,Produk Susu,7.0,25000,175000.0,603.0
2024-12-12,Minuman Isotonik,Minuman,9.0,8500,76500.0,120.0
2025-06-29,Roti Tawar,Snack,10.0,15000,150000.0,70.0
2024-01-03,Susu Kental Manis,Produk Susu,4.0,12000,48000.0,96.0
2025-01-03,Indomie Goreng,Makanan Instan,15.0,3500,,550.0
2025-04-02,Indomie Goreng,Makanan Instan,12.0,3500,42000.0,660.0
2023-03-12,Air Mineral,Minuman,12.0,4000,48000.0,373.0
2024-03-21,Telur Ayam,Sembako,3.0,30000,90000.0,337.0
2023-10-30,Susu UHT,Produk Susu,12.0,9000,108000.0,378.0
2023-02-18,Sereal Sarapan,Produk Susu,4.0,25000,100000.0,334.0
2023-07-02,Beras Premium,Sembako,6.0,75000,450000.0,458.0
2024-07-06,Minuman Isotonik,Minuman,12.0,8500,102000.0,241.0
2023-07-05,Mie Ayam Instan,Makanan Instan,12.0,4000,48000.0,645.0
2024-03-09,Coklat Batang,Snack,9.0,11000,99000.0,395.0
2023-01-25,Mie Ayam Instan,Makanan Instan,7.0,4000,28000.0,366.0
2023-09-12,Air Mineral,Minuman,11.0,4000,44000.0,543.0
2023-03-28,Yogurt Botol,Produk Susu,15.0,10000,150000.0,396.0
2024-01-02,Mie Ayam Instan,Makanan Instan,13.0,4000,52000.0,339.0
2025-07-27,Teh Celup,Minuman,14.0,8000,112000.0,629.0
2024-06-16,Telur Ayam,Sembako,14.0,30000,420000.0,394.0
2025-09-24,Saus Sambal,Sembako,16.0,13000,208000.0,430.0
2025-07-11,Indomie Goreng,Makanan Instan,16.0,3500,56000.0,222.0
2024-10-24,Teh Botol,Minuman,10.0,5000,50000.0,243.0
2023-10-30,Keju Slice,Produk Susu,7.0,18000,126000.0,80.0
2025-02-11,Susu Kental Manis,Produk Susu,6.0,12000,72000.0,247.0
2023-05-07,Keju Slice,Produk Susu,11.0,18000,198000.0,113.0
2024-08-06,Mie Ayam Instan,Makanan Instan,2.0,4000,8000.0,662.0
2025-03-27,Sereal Sarapan,Produk Susu,3.0,25000,75000.0,544.0
2025-05-23,Minyak Goreng,Sembako,8.0,28000,224000.0,533.0
2024-06-08,Beras Medium,Sembako,3.0,65000,195000.0,272.0
2023-11-13,,Makanan Instan,,7000,49000.0,
2023-02-07,Roti Tawar,Snack,7.0,15000,105000.0,325.0
2024-07-05,Kacang Panggang,Snack,10.0,10000,100000.0,344.0
2023-03-01,Minyak Goreng,Sembako,10.0,28000,280000.0,682.0
2025-03-29,Kopi Sachet,Minuman,13.0,2500,32500.0,302.0
2024-10-01,Minuman Isotonik,Minuman,10.0,8500,85000.0,308.0
2025-04-09,Keju Slice,Produk Susu,13.0,18000,234000.0,392.0
2023-08-26,Air Mineral,Minuman,2.0,4000,8000.0,503.0
2025-05-12,Susu UHT,Produk Susu,15.0,9000,135000.0,421.0
2025-07-18,Saus Sambal,Sembako,3.0,13000,39000.0,692.0
2025-08-09,Beras Premium,Sembako,14.0,75000,1050000.0,385.0
2025-01-15,Minuman Isotonik,Minuman,16.0,8500,136000.0,388.0
2024-03-07,Telur Ayam,Sembako,13.0,30000,390000.0,324.0
2023-06-07,Kacang Panggang,Snack,2.0,10000,20000.0,279.0
2025-08-30,Coklat Batang,Snack,11.0,11000,121000.0,523.0
2023-08-12,Minuman Isotonik,Minuman,8.0,8500,68000.0,488.0
2024-03-06,Telur Ayam,Sembako,9.0,30000,270000.0,299.0
2024-03-04,Tepung Terigu,Sembako,15.0,14000,210000.0,340.0
2024-12-05,Telur Ayam,Sembako,16.0,30000,480000.0,362.0
2025-10-27,Minuman Isotonik,Minuman,5.0,8500,42500.0,447.0
2023-04-14,Ramen Pedas,Makanan Instan,5.0,7000,35000.0,495.0
2023-08-23,Kacang Panggang,Snack,11.0,10000,110000.0,394.0
2025-01-27,Yogurt Botol,Produk Susu,15.0,10000,150000.0,338.0
2024-08-08,Coklat Batang,Snack,10.0,11000,110000.0,483.0
2024-12-02,Indomie Soto,Makanan Instan,7.0,3500,24500.0,505.0
2024-01-25,Saus Sambal,Sembako,5.0,13000,65000.0,577.0
2025-03-16,Indomie Soto,Makanan Instan,9.0,3500,31500.0,230.0
2024-09-04,,Minuman,3.0,4000,,
2025-07-28,Tepung Terigu,Sembako,5.0,14000,70000.0,365.0
2024-03-07,Telur Ayam,Sembako,13.0,30000,390000.0,324.0
2023-12-31,Jus Kotak,Minuman,7.0,7000,49000.0,353.0
2025-06-28,Susu UHT,Produk Susu,3.0,9000,27000.0,260.0
2023-10-14,Kopi Sachet,Minuman,4.0,2500,10000.0,313.0
2023-12-12,Kecap Manis,Sembako,2.0,15000,30000.0,315.0
2024-06-18,Indomie Goreng,Makanan Instan,11.0,3500,38500.0,470.0
2024-10-07,Teh Botol,Minuman,9.0,5000,45000.0,684.0
2023-09-25,Coklat Batang,Snack,8.0,11000,88000.0,354.0
2024-08-03,Kopi Sachet,Minuman,8.0,2500,20000.0,335.0
2024-12-27,Teh Botol,Minuman,8.0,5000,40000.0,93.0
2023-06-25,Mie Ayam Instan,Makanan Instan,1.0,4000,4000.0,584.0
2025-02-17,Kopi Sachet,Minuman,16.0,2500,40000.0,387.0
2025-05-13,Tepung Terigu,Sembako,6.0,14000,84000.0,600.0
2025-06-14,Beras Premium,Sembako,4.0,75000,300000.0,306.0
2023-03-24,Wafer Coklat,Snack,13.0,8000,104000.0,332.0
2025-01-29,Saus Sambal,Sembako,13.0,13000,169000.0,539.0
2024-12-26,Minuman Isotonik,Minuman,3.0,8500,25500.0,439.0
2025-10-21,Susu UHT,Produk Susu,7.0,9000,63000.0,389.0
2025-09-16,Kopi Botol,Minuman,4.0,7000,28000.0,529.0
2024-05-15,Wafer Coklat,Snack,15.0,8000,120000.0,71.0
2024-10-09,Kopi Sachet,Minuman,16.0,2500,40000.0,638.0
2024-07-01,Roti Tawar,Snack,13.0,15000,195000.0,313.0
2025-12-14,Sereal Sarapan,Produk Susu,4.0,25000,100000.0,684.0
2023-09-06,Air Mineral,Minuman,14.0,4000,56000.0,131.0
2025-06-30,Beras Premium,Sembako,2.0,75000,150000.0,180.0
2024-06-24,Minyak Goreng,Sembako,10.0,28000,280000.0,366.0
2024-03-12,Beras Premium,Sembako,5.0,75000,375000.0,139.0
2023-02-23,Coklat Batang,Snack,12.0,11000,132000.0,414.0
2025-05-21,Kacang Panggang,Snack,14.0,10000,140000.0,67.0
2025-06-04,Saus Sambal,Sembako,11.0,13000,143000.0,663.0
2025-01-14,Tepung Terigu,Sembako,7.0,14000,98000.0,196.0
2024-11-24,Minuman Isotonik,Minuman,11.0,8500,93500.0,74.0
2025-12-21,Beras Premium,Sembako,6.0,75000,450000.0,144.0
2025-03-30,Susu UHT,Produk Susu,11.0,9000,99000.0,305.0
2024-01-08,Biskuit Coklat,Snack,8.0,9000,72000.0,186.0
2024-03-17,Tepung Terigu,Sembako,1.0,14000,14000.0,405.0
2024-09-06,Kecap Manis,Sembako,12.0,15000,180000.0,83.0
2025-02-05,Yogurt Botol,Produk Susu,11.0,10000,110000.0,613.0
2023-11-01,Minyak Goreng,Sembako,4.0,28000,112000.0,388.0
2024-09-30,Tepung Terigu,Sembako,6.0,14000,84000.0,160.0
2025-05-06,Biskuit Coklat,Snack,11.0,9000,99000.0,302.0
2024-04-16,Wafer Coklat,Snack,4.0,8000,32000.0,309.0
2023-11-11,Coklat Batang,Snack,1.0,11000,11000.0,555.0
2024-08-07,Minyak Goreng,Sembako,13.0,28000,364000.0,242.0
2025-05-13,Biskuit Coklat,Snack,11.0,9000,99000.0,65.0
2024-03-27,Telur Ayam,Sembako,7.0,30000,210000.0,193.0
2023-09-26,Beras Premium,Sembako,9.0,75000,675000.0,676.0
2023-01-15,Kecap Manis,Sembako,12.0,15000,180000.0,693.0
2023-12-30,Beras Medium,Sembako,14.0,65000,910000.0,253.0
2023-03-01,Teh Celup,Minuman,10.0,8000,80000.0,
2025-06-24,Wafer Coklat,Snack,14.0,8000,112000.0,318.0
2024-04-08,Biskuit Coklat,Snack,11.0,9000,99000.0,534.0
2024-01-05,Minuman Isotonik,Minuman,7.0,8500,59500.0,338.0
2023-04-29,Kopi Sachet,Minuman,1.0,2500,2500.0,272.0
2024-11-14,Keju Slice,Produk Susu,4.0,18000,72000.0,486.0
2024-03-02,Kopi Botol,Minuman,4.0,7000,28000.0,171.0
2024-05-21,Air Mineral,Minuman,8.0,4000,32000.0,113.0
2023-10-04,Sereal Sarapan,Produk Susu,8.0,25000,200000.0,234.0
2025-04-04,Kecap Manis,Sembako,4.0,15000,60000.0,655.0
2023-12-03,Kacang Panggang,Snack,15.0,10000,150000.0,133.0
2023-10-24,Kopi Botol,Minuman,3.0,7000,21000.0,396.0
2024-10-05,Jus Kotak,Minuman,3.0,7000,21000.0,203.0
2023-12-27,Indomie Goreng,Makanan Instan,14.0,3500,49000.0,461.0
2023-08-19,Gula Pasir,Sembako,15.0,16000,240000.0,250.0
2023-04-02,Yogurt Botol,Produk Susu,5.0,10000,50000.0,233.0
2023-11-16,Sereal Sarapan,Produk Susu,,25000,350000.0,320.0
2024-05-29,Susu Kental Manis,Produk Susu,8.0,12000,96000.0,479.0
2024-09-18,Minuman Isotonik,Minuman,12.0,8500,102000.0,555.0
2024-08-27,Roti Tawar,Snack,3.0,15000,45000.0,421.0
2025-11-28,Coklat Batang,Snack,11.0,11000,121000.0,234.0
2025-01-11,Yogurt Botol,Produk Susu,8.0,10000,80000.0,100.0
