Tanggal,Produk,Kategori,Qty_Terjual,Harga_Satuan,Total_Penjualan,Stok_Setelah_Transaksi
2025-05-09,Jus Kotak,Minuman,8,7000,56000,308
2024-07-23,Biskuit Coklat,Snack,13,9000,117000,302
2023-11-23,Sereal Sarapan,Produk Susu,12,25000,300000,301
2024-11-27,Susu Kental Manis,Produk Susu,5,12000,60000,574
2024-11-20,Minyak Goreng,Sembako,2,28000,56000,412
2023-07-18,Susu UHT,Produk Susu,6,9000,54000,750
2024-12-05,Kopi Botol,Minuman,11,7000,77000,655
2023-03-30,Keju Slice,Produk Susu,12,18000,216000,575
2023-09-13,Yogurt Botol,Produk Susu,15,10000,150000,329
2023-06-11,Susu UHT,Produk Susu,9,9000,81000,741
2025-01-10,Telur Ayam,Sembako,12,30000,360000,340
2023-05-23,Roti Tawar,Snack,1,15000,15000,557
2024-04-11,Kacang Panggang,Snack,14,10000,140000,405
2024-04-21,Mie Ayam Instan,Makanan Instan,14,4000,56000,298
2024-07-23,Susu UHT,Produk Susu,10,9000,90000,731
2025-01-17,Teh Botol,Minuman,6,5000,30000,395
2024-03-05,Teh Celup,Minuman,12,8000,96000,667
2023-05-27,Roti Tawar,Snack,10,15000,150000,547
2023-12-17,Wafer Coklat,Snack,9,8000,72000,402
2024-05-16,Coklat Batang,Snack,4,11000,44000,604
2024-07-06,Susu UHT,Produk Susu,17,9000,153000,714
2024-03-25,Roti Tawar,Snack,12,15000,180000,535
2023-04-25,Teh Botol,Minuman,4,5000,20000,391
2023-03-07,Teh Botol,Minuman,13,5000,65000,378
2025-04-01,Kopi Sachet,Minuman,6,2500,15000,640
2024-10-06,Minyak Goreng,Sembako,6,28000,168000,406
2025-03-21,Air Mineral,Minuman,19,4000,76000,583
2024-06-26,Beras Premium,Sembako,3,75000,225000,437
2024-06-22,Coklat Batang,Snack,14,11000,154000,590
2025-03-28,Susu Kental Manis,Produk Susu,8,12000,96000,566
2025-11-09,Beras Premium,Sembako,9,75000,675000,428
2023-04-07,Sereal Sarapan,Produk Susu,14,25000,350000,287
2023-11-10,Ramen Pedas,Makanan Instan,11,7000,77000,668
2025-05-14,Beras Medium,Sembako,11,65000,715000,414
2025-02-20,Susu UHT,Produk Susu,14,9000,126000,700
2024-05-29,Minuman Isotonik,Minuman,9,8500,76500,507
2023-08-23,Kacang Panggang,Snack,11,10000,110000,394
2024-06-30,Saus Sambal,Sembako,15,13000,195000,617
2023-08-17,Kopi Sachet,Minuman,5,2500,12500,635
2023-11-20,Susu Kental Manis,Produk Susu,8,12000,96000,558
2024-06-23,Indomie Goreng,Makanan Instan,9,3500,31500,618
2023-08-06,Minuman Isotonik,Minuman,14,8500,119000,493
2024-09-03,Wafer Coklat,Snack,16,8000,128000,386
2024-02-12,Minuman Isotonik,Minuman,4,8500,34000,489
2023-11-27,Sereal Sarapan,Produk Susu,9,25000,225000,278
2025-12-22,Sereal Sarapan,Produk Susu,16,25000,400000,262
2024-10-25,Keripik Kentang,Snack,8,12000,96000,339
2025-01-13,Ramen Pedas,Makanan Instan,18,7000,126000,650
2023-04-29,Gula Pasir,Sembako,4,16000,64000,367
2023-06-11,Saus Sambal,Sembako,2,13000,26000,615
2025-09-22,Coklat Batang,Snack,15,11000,165000,575
2025-12-26,Sereal Sarapan,Produk Susu,15,25000,375000,247
2025-08-31,Beras Premium,Sembako,11,75000,825000,417
2025-12-16,Tepung Terigu,Sembako,18,14000,252000,659
2024-02-16,Minyak Goreng,Sembako,13,28000,364000,393
2025-02-03,Susu UHT,Produk Susu,12,9000,108000,688
2024-05-22,Ramen Pedas,Makanan Instan,4,7000,28000,646
2023-02-13,Kopi Sachet,Minuman,10,2500,25000,625
2024-04-16,Jus Kotak,Minuman,10,7000,70000,298
2023-05-26,Indomie Goreng,Makanan Instan,12,3500,42000,606
2023-05-01,Wafer Coklat,Snack,4,8000,32000,382
2023-03-06,Mie Ayam Instan,Makanan Instan,14,4000,56000,284
2023-05-26,Kopi Sachet,Minuman,9,2500,22500,616
2024-07-24,Gula Pasir,Sembako,12,16000,192000,355
2023-09-28,Minyak Goreng,Sembako,12,28000,336000,381
2025-08-26,Kecap Manis,Sembako,8,15000,120000,651
2025-04-13,Keju Slice,Produk Susu,5,18000,90000,570
2025-06-01,Ramen Pedas,Makanan Instan,10,7000,70000,636
2025-08-14,Susu Kental Manis,Produk Susu,15,12000,180000,543
2023-07-21,Kacang Panggang,Snack,1,10000,10000,393
2024-11-25,Susu UHT,Produk Susu,13,9000,117000,675
2024-01-28,Gula Pasir,Sembako,6,16000,96000,349
2023-10-15,Yogurt Botol,Produk Susu,7,10000,70000,322
2024-07-24,Beras Medium,Sembako,8,65000,520000,406
2023-06-04,Kopi Botol,Minuman,8,7000,56000,647
2023-07-20,Keju Slice,Produk Susu,1,18000,18000,569
2023-01-31,Wafer Coklat,Snack,2,8000,16000,380
2024-04-29,Kecap Manis,Sembako,4,15000,60000,647
2025-09-12,Air Mineral,Minuman,8,4000,32000,575
2023-05-01,Saus Sambal,Sembako,3,13000,39000,612
2023-01-05,Susu UHT,Produk Susu,7,9000,63000,668
2025-07-20,Tepung Terigu,Sembako,9,14000,126000,650
2025-09-23,Roti Tawar,Snack,5,15000,75000,530
2024-03-21,Telur Ayam,Sembako,3,30000,90000,337
2023-05-05,Coklat Batang,Snack,12,11000,132000,563
2023-04-28,Kopi Sachet,Minuman,1,2500,2500,615
2025-09-03,Biskuit Coklat,Snack,11,9000,99000,291
2025-11-06,Indomie Soto,Makanan Instan,4,3500,14000,353
2023-05-20,Mie Ayam Instan,Makanan Instan,11,4000,44000,273
2024-04-26,Kopi Botol,Minuman,7,7000,49000,640
2024-05-19,Saus Sambal,Sembako,12,13000,156000,600
2023-06-17,Indomie Soto,Makanan Instan,7,3500,24500,346
2025-12-06,Kacang Panggang,Snack,9,10000,90000,384
2024-10-05,Minyak Goreng,Sembako,5,28000,140000,376
2023-09-26,Susu UHT,Produk Susu,11,9000,99000,657
2024-09-06,Wafer Coklat,Snack,9,8000,72000,371
2023-05-29,Kecap Manis,Sembako,1,15000,15000,646
2023-07-24,Yogurt Botol,Produk Susu,2,10000,20000,320
2024-03-12,Jus Kotak,Minuman,10,7000,70000,288
2024-12-15,Beras Premium,Sembako,15,75000,1125000,402
2024-05-15,Saus Sambal,Sembako,7,13000,91000,593
2025-06-16,Beras Medium,Sembako,17,65000,1105000,389
2025-12-19,Keripik Kentang,Snack,4,12000,48000,335
2023-08-01,Kecap Manis,Sembako,15,15000,225000,631
2024-06-25,Beras Premium,Sembako,2,75000,150000,400
2023-11-15,Coklat Batang,Snack,5,11000,55000,558
2024-03-07,Telur Ayam,Sembako,13,30000,390000,324
2024-06-24,Minyak Goreng,Sembako,10,28000,280000,366
2023-04-15,Tepung Terigu,Sembako,2,14000,28000,648
2025-05-17,Wafer Coklat,Snack,17,8000,136000,354
2023-01-08,Indomie Soto,Makanan Instan,6,3500,21000,340
2023-09-25,Sereal Sarapan,Produk Susu,11,25000,275000,236
2023-11-27,Tepung Terigu,Sembako,12,14000,168000,636
2025-05-25,Yogurt Botol,Produk Susu,10,10000,100000,310
2023-06-04,Ramen Pedas,Makanan Instan,15,7000,105000,621
2023-11-02,Roti Tawar,Snack,9,15000,135000,521
2025-01-26,Indomie Soto,Makanan Instan,12,3500,42000,328
2023-09-19,Susu Kental Manis,Produk Susu,1,12000,12000,542
2025-01-16,Telur Ayam,Sembako,16,30000,480000,308
2025-01-02,Saus Sambal,Sembako,6,13000,78000,587
2023-07-30,Kacang Panggang,Snack,6,10000,60000,378
2025-04-12,Sereal Sarapan,Produk Susu,12,25000,300000,224
2024-04-29,Kecap Manis,Sembako,14,15000,210000,617
2023-12-29,Keju Slice,Produk Susu,15,18000,270000,554
2023-02-20,Susu Kental Manis,Produk Susu,3,12000,36000,539
2024-11-11,Coklat Batang,Snack,14,11000,154000,544
2024-05-23,Keju Slice,Produk Susu,5,18000,90000,549
2023-08-10,Keju Slice,Produk Susu,7,18000,126000,542
2023-03-21,Kopi Botol,Minuman,14,7000,98000,626
2024-03-31,Air Mineral,Minuman,5,4000,20000,570
2024-09-17,Teh Celup,Minuman,14,8000,112000,653
2023-02-18,Gula Pasir,Sembako,11,16000,176000,338
2025-03-27,Minyak Goreng,Sembako,9,28000,252000,357
2023-05-23,Kopi Botol,Minuman,13,7000,91000,613
2024-12-20,Tepung Terigu,Sembako,13,14000,182000,623
2024-11-09,Susu UHT,Produk Susu,1,9000,9000,656
2024-06-18,Saus Sambal,Sembako,5,13000,65000,582
2023-03-20,Tepung Terigu,Sembako,2,14000,28000,621
2025-06-08,Keripik Kentang,Snack,9,12000,108000,326
2025-11-13,Susu Kental Manis,Produk Susu,6,12000,72000,533
2024-01-25,Saus Sambal,Sembako,5,13000,65000,577
2025-06-12,Roti Tawar,Snack,3,15000,45000,518
2025-06-02,Teh Celup,Minuman,5,8000,40000,648
2024-10-04,Keripik Kentang,Snack,11,12000,132000,315
2024-09-07,Coklat Batang,Snack,10,11000,110000,534
2025-04-16,Kacang Panggang,Snack,10,10000,100000,368
2024-08-28,Roti Tawar,Snack,9,15000,135000,509
2025-05-11,Minyak Goreng,Sembako,15,28000,420000,342
2023-12-23,Kacang Panggang,Snack,10,10000,100000,358
2024-09-08,Biskuit Coklat,Snack,9,9000,81000,282
2023-01-01,Teh Botol,Minuman,5,5000,25000,373
2024-03-06,Telur Ayam,Sembako,9,30000,270000,299
2024-10-21,Keripik Kentang,Snack,9,12000,108000,306
2024-03-13,Yogurt Botol,Produk Susu,10,10000,100000,300
2023-12-14,Keju Slice,Produk Susu,11,18000,198000,531
2024-08-04,Mie Ayam Instan,Makanan Instan,11,4000,44000,262
2024-11-17,Wafer Coklat,Snack,2,8000,16000,352
2024-09-27,Kacang Panggang,Snack,4,10000,40000,354
2023-02-20,Beras Premium,Sembako,1,75000,75000,399
2025-08-31,Gula Pasir,Sembako,11,16000,176000,327
2025-04-28,Yogurt Botol,Produk Susu,17,10000,170000,283
2025-02-25,Roti Tawar,Snack,12,15000,180000,497
2023-10-30,Gula Pasir,Sembako,11,16000,176000,316
2023-01-12,Roti Tawar,Snack,15,15000,225000,482
2023-08-07,Sereal Sarapan,Produk Susu,13,25000,325000,211
2024-03-24,Susu Kental Manis,Produk Susu,5,12000,60000,528
2025-08-09,Minuman Isotonik,Minuman,3,8500,25500,486
2023-09-06,Kecap Manis,Sembako,8,15000,120000,609
2025-08-09,Beras Premium,Sembako,14,75000,1050000,385
2025-06-25,Sereal Sarapan,Produk Susu,14,25000,350000,197
2025-07-02,Teh Botol,Minuman,17,5000,85000,356
2025-08-30,Coklat Batang,Snack,11,11000,121000,523
2024-05-21,Sereal Sarapan,Produk Susu,16,25000,400000,181
2025-12-03,Tepung Terigu,Sembako,10,14000,140000,611
2025-06-19,Tepung Terigu,Sembako,5,14000,70000,606
2024-07-10,Gula Pasir,Sembako,7,16000,112000,309
2023-06-15,Saus Sambal,Sembako,3,13000,39000,574
2024-04-18,Beras Premium,Sembako,9,75000,675000,376
2024-03-14,Beras Premium,Sembako,3,75000,225000,373
2024-11-08,Susu Kental Manis,Produk Susu,10,12000,120000,518
2023-05-08,Susu Kental Manis,Produk Susu,4,12000,48000,514
2025-05-10,Teh Botol,Minuman,8,5000,40000,348
2025-02-18,Kopi Botol,Minuman,9,7000,63000,604
2024-09-03,Teh Celup,Minuman,14,8000,112000,634
2025-05-08,Kopi Botol,Minuman,11,7000,77000,593
2024-03-25,Air Mineral,Minuman,6,4000,24000,564
2023-03-01,Air Mineral,Minuman,7,4000,28000,557
2025-04-08,Kopi Sachet,Minuman,14,2500,35000,601
2025-08-15,Teh Botol,Minuman,17,5000,85000,331
2025-12-29,Keripik Kentang,Snack,5,12000,60000,301
2023-02-25,Biskuit Coklat,Snack,2,9000,18000,280
2025-05-27,Wafer Coklat,Snack,7,8000,56000,345
2023-04-13,Beras Medium,Sembako,5,65000,325000,384
2024-11-01,Susu UHT,Produk Susu,5,9000,45000,651
2024-11-22,Kopi Sachet,Minuman,14,2500,35000,587
2025-05-13,Tepung Terigu,Sembako,6,14000,84000,600
2023-02-09,Air Mineral,Minuman,12,4000,48000,545
2023-04-17,Jus Kotak,Minuman,6,7000,42000,282
2023-05-21,Gula Pasir,Sembako,13,16000,208000,296
2023-03-24,Wafer Coklat,Snack,13,8000,104000,332
2024-05-21,Indomie Goreng,Makanan Instan,4,3500,14000,602
2023-11-09,Keripik Kentang,Snack,4,12000,48000,297
2025-08-27,Beras Premium,Sembako,12,75000,900000,361
2024-03-22,Biskuit Coklat,Snack,10,9000,90000,270
2025-01-25,Tepung Terigu,Sembako,4,14000,56000,596
2023-12-02,Sereal Sarapan,Produk Susu,5,25000,125000,176
2023-02-22,Ramen Pedas,Makanan Instan,15,7000,105000,606
2025-02-07,Telur Ayam,Sembako,9,30000,270000,290
2024-05-12,Mie Ayam Instan,Makanan Instan,4,4000,16000,258
2024-09-09,Sereal Sarapan,Produk Susu,16,25000,400000,160
2023-09-05,Keripik Kentang,Snack,13,12000,156000,284
2023-03-26,Biskuit Coklat,Snack,6,9000,54000,264
2025-05-27,Jus Kotak,Minuman,14,7000,98000,268
2025-11-02,Mie Ayam Instan,Makanan Instan,14,4000,56000,244
2025-05-10,Indomie Goreng,Makanan Instan,18,3500,63000,584
2025-06-06,Ramen Pedas,Makanan Instan,10,7000,70000,596
2023-11-10,Roti Tawar,Snack,7,15000,105000,475
2025-12-04,Beras Medium,Sembako,14,65000,910000,370
2025-09-17,Keripik Kentang,Snack,12,12000,144000,272
2024-07-03,Teh Botol,Minuman,6,5000,30000,325
2023-06-27,Teh Botol,Minuman,5,5000,25000,320
2025-07-12,Saus Sambal,Sembako,8,13000,104000,566
2025-02-15,Biskuit Coklat,Snack,7,9000,63000,257
2024-10-27,Air Mineral,Minuman,4,4000,16000,541
2024-12-27,Minyak Goreng,Sembako,14,28000,392000,328
2024-07-26,Kopi Sachet,Minuman,17,2500,42500,570
2024-07-19,Roti Tawar,Snack,9,15000,135000,466
2024-01-27,Minuman Isotonik,Minuman,2,8500,17000,484
2025-04-12,Coklat Batang,Snack,10,11000,110000,513
2025-09-02,Roti Tawar,Snack,15,15000,225000,451
2023-02-05,Yogurt Botol,Produk Susu,2,10000,20000,281
2024-03-29,Telur Ayam,Sembako,9,30000,270000,281
2024-09-19,Gula Pasir,Sembako,13,16000,208000,283
2025-08-27,Teh Celup,Minuman,12,8000,96000,622
2024-11-08,Susu Kental Manis,Produk Susu,8,12000,96000,506
2024-07-08,Yogurt Botol,Produk Susu,6,10000,60000,275
2023-09-05,Gula Pasir,Sembako,12,16000,192000,271
2024-10-08,Minyak Goreng,Sembako,4,28000,112000,324
2024-01-15,Jus Kotak,Minuman,4,7000,28000,264
2025-09-18,Coklat Batang,Snack,8,11000,88000,505
2024-02-02,Ramen Pedas,Makanan Instan,5,7000,35000,591
2024-01-03,Teh Celup,Minuman,5,8000,40000,617
2025-12-29,Roti Tawar,Snack,6,15000,90000,445
2023-04-22,Indomie Soto,Makanan Instan,9,3500,31500,319
2023-09-16,Telur Ayam,Sembako,11,30000,330000,270
2025-10-02,Kopi Botol,Minuman,3,7000,21000,590
2024-08-05,Biskuit Coklat,Snack,9,9000,81000,248
2024-11-28,Yogurt Botol,Produk Susu,3,10000,30000,272
2025-09-05,Tepung Terigu,Sembako,3,14000,42000,593
2025-10-04,Susu UHT,Produk Susu,3,9000,27000,648
2023-11-02,Beras Premium,Sembako,13,75000,975000,348
2024-09-14,Biskuit Coklat,Snack,2,9000,18000,246
2025-05-02,Ramen Pedas,Makanan Instan,12,7000,84000,579
2025-12-06,Sereal Sarapan,Produk Susu,11,25000,275000,149
2025-06-25,Kecap Manis,Sembako,9,15000,135000,600
2023-05-04,Telur Ayam,Sembako,10,30000,300000,260
2023-07-23,Coklat Batang,Snack,13,11000,143000,492
2024-03-08,Minyak Goreng,Sembako,7,28000,196000,317
2023-11-18,Mie Ayam Instan,Makanan Instan,4,4000,16000,240
2023-06-03,Beras Medium,Sembako,3,65000,195000,367
2025-04-16,Indomie Goreng,Makanan Instan,12,3500,42000,572
2023-03-08,Telur Ayam,Sembako,4,30000,120000,256
2024-08-02,Telur Ayam,Sembako,13,30000,390000,243
2024-04-23,Mie Ayam Instan,Makanan Instan,16,4000,64000,224
2024-02-10,Keju Slice,Produk Susu,7,18000,126000,524
2024-04-05,Jus Kotak,Minuman,11,7000,77000,253
2024-06-28,Kecap Manis,Sembako,14,15000,210000,586
2023-05-03,Mie Ayam Instan,Makanan Instan,3,4000,12000,221
2024-09-21,Keju Slice,Produk Susu,12,18000,216000,512
2024-08-14,Teh Botol,Minuman,8,5000,40000,312
2024-09-14,Yogurt Botol,Produk Susu,13,10000,130000,259
2025-10-21,Tepung Terigu,Sembako,13,14000,182000,580
2023-06-14,Yogurt Botol,Produk Susu,10,10000,100000,249
2025-06-03,Indomie Soto,Makanan Instan,15,3500,52500,304
2024-05-27,Keripik Kentang,Snack,1,12000,12000,271
2023-02-12,Gula Pasir,Sembako,13,16000,208000,258
2024-07-05,Kacang Panggang,Snack,10,10000,100000,344
2023-12-25,Sereal Sarapan,Produk Susu,8,25000,200000,141
2025-06-24,Minuman Isotonik,Minuman,18,8500,153000,466
2025-06-11,Beras Medium,Sembako,15,65000,975000,352
2025-08-20,Mie Ayam Instan,Makanan Instan,10,4000,40000,211
2024-10-19,Kopi Sachet,Minuman,11,2500,27500,559
2023-11-26,Kopi Botol,Minuman,6,7000,42000,584
2025-10-11,Susu Kental Manis,Produk Susu,9,12000,108000,497
2023-03-17,Teh Botol,Minuman,8,5000,40000,304
2024-10-06,Mie Ayam Instan,Makanan Instan,6,4000,24000,205
2025-04-07,Ramen Pedas,Makanan Instan,15,7000,105000,564
2025-08-04,Kacang Panggang,Snack,8,10000,80000,336
2025-11-27,Minyak Goreng,Sembako,10,28000,280000,307
2025-06-24,Wafer Coklat,Snack,14,8000,112000,318
2024-06-30,Minyak Goreng,Sembako,9,28000,252000,298
2024-08-12,Kecap Manis,Sembako,10,15000,150000,576
2023-09-06,Air Mineral,Minuman,1,4000,4000,540
2024-05-05,Wafer Coklat,Snack,12,8000,96000,306
2023-01-29,Telur Ayam,Sembako,9,30000,270000,234
2023-07-10,Susu Kental Manis,Produk Susu,4,12000,48000,493
2023-08-21,Teh Botol,Minuman,8,5000,40000,296
2023-11-12,Ramen Pedas,Makanan Instan,8,7000,56000,556
2024-08-20,Kecap Manis,Sembako,11,15000,165000,565
2025-04-30,Tepung Terigu,Sembako,18,14000,252000,562
2024-05-14,Air Mineral,Minuman,10,4000,40000,530
2025-02-24,Beras Premium,Sembako,6,75000,450000,342
2023-05-23,Kopi Botol,Minuman,5,7000,35000,579
2025-04-29,Sereal Sarapan,Produk Susu,9,25000,225000,132
2023-01-06,Teh Botol,Minuman,5,5000,25000,291
2024-09-03,Coklat Batang,Snack,16,11000,176000,476
2025-09-29,Biskuit Coklat,Snack,16,9000,144000,230
2025-09-18,Yogurt Botol,Produk Susu,9,10000,90000,240
2025-02-11,Jus Kotak,Minuman,11,7000,77000,242
2024-01-22,Kopi Botol,Minuman,12,7000,84000,567
2025-02-23,Biskuit Coklat,Snack,8,9000,72000,222
2024-10-13,Indomie Soto,Makanan Instan,13,3500,45500,291
2025-02-19,Roti Tawar,Snack,9,15000,135000,436
2023-03-17,Air Mineral,Minuman,3,4000,12000,527
2024-11-10,Minuman Isotonik,Minuman,14,8500,119000,452
2025-06-20,Kopi Botol,Minuman,6,7000,42000,561
2023-10-23,Indomie Goreng,Makanan Instan,7,3500,24500,565
2023-11-13,Kopi Botol,Minuman,2,7000,14000,559
2024-06-26,Air Mineral,Minuman,8,4000,32000,519
2025-03-25,Roti Tawar,Snack,12,15000,180000,424
2024-11-03,Kopi Botol,Minuman,16,7000,112000,543
2025-12-28,Kopi Botol,Minuman,10,7000,70000,533
2025-09-26,Wafer Coklat,Snack,15,8000,120000,291
2023-05-21,Keripik Kentang,Snack,4,12000,48000,267
2024-08-11,Wafer Coklat,Snack,6,8000,48000,285
2025-06-07,Mie Ayam Instan,Makanan Instan,3,4000,12000,202
2023-12-07,Yogurt Botol,Produk Susu,12,10000,120000,228
2023-03-01,Telur Ayam,Sembako,1,30000,30000,233
2023-04-25,Kopi Sachet,Minuman,5,2500,12500,554
2025-02-06,Teh Celup,Minuman,9,8000,72000,608
2025-12-23,Gula Pasir,Sembako,9,16000,144000,249
2023-12-25,Beras Medium,Sembako,2,65000,130000,350
2025-02-22,Keripik Kentang,Snack,12,12000,144000,255
2023-10-21,Air Mineral,Minuman,4,4000,16000,515
2024-06-04,Yogurt Botol,Produk Susu,9,10000,90000,219
2023-01-20,Kacang Panggang,Snack,15,10000,150000,321
2025-08-10,Keju Slice,Produk Susu,18,18000,324000,494
2023-11-20,Kacang Panggang,Snack,2,10000,20000,319
2024-12-08,Yogurt Botol,Produk Susu,11,10000,110000,208
2025-05-18,Wafer Coklat,Snack,15,8000,120000,270
2024-09-10,Yogurt Botol,Produk Susu,5,10000,50000,203
2025-09-16,Kopi Botol,Minuman,4,7000,28000,529
2025-01-05,Susu UHT,Produk Susu,13,9000,117000,635
2024-08-27,Roti Tawar,Snack,3,15000,45000,421
2024-07-16,Susu UHT,Produk Susu,3,9000,27000,632
2023-04-11,Kopi Botol,Minuman,15,7000,105000,514
2025-10-14,Keripik Kentang,Snack,17,12000,204000,238
2024-04-16,Sereal Sarapan,Produk Susu,11,25000,275000,121
2024-01-25,Gula Pasir,Sembako,11,16000,176000,238
2023-10-08,Kacang Panggang,Snack,11,10000,110000,308
2023-03-22,Ramen Pedas,Makanan Instan,5,7000,35000,551
2025-06-21,Keju Slice,Produk Susu,4,18000,72000,490
2023-09-27,Coklat Batang,Snack,2,11000,22000,474
2024-08-27,Kecap Manis,Sembako,8,15000,120000,557
2023-12-26,Susu Kental Manis,Produk Susu,4,12000,48000,489
2025-01-19,Beras Premium,Sembako,12,75000,900000,330
2023-12-03,Teh Botol,Minuman,5,5000,25000,286
2025-09-13,Kecap Manis,Sembako,16,15000,240000,541
2024-11-24,Coklat Batang,Snack,13,11000,143000,461
2023-06-04,Yogurt Botol,Produk Susu,3,10000,30000,200
2024-04-07,Sereal Sarapan,Produk Susu,16,25000,400000,105
2025-03-24,Coklat Batang,Snack,17,11000,187000,444
2025-03-19,Mie Ayam Instan,Makanan Instan,4,4000,16000,198
2023-09-11,Jus Kotak,Minuman,8,7000,56000,234
2024-06-20,Teh Celup,Minuman,11,8000,88000,597
2025-01-30,Teh Botol,Minuman,4,5000,20000,282
2023-02-21,Air Mineral,Minuman,10,4000,40000,505
2024-11-02,Saus Sambal,Sembako,17,13000,221000,549
2023-05-10,Gula Pasir,Sembako,11,16000,176000,227
2025-08-08,Teh Botol,Minuman,18,5000,90000,264
2025-04-16,Wafer Coklat,Snack,4,8000,32000,266
2023-03-18,Indomie Soto,Makanan Instan,5,3500,17500,286
2023-08-26,Air Mineral,Minuman,2,4000,8000,503
2023-10-05,Gula Pasir,Sembako,7,16000,112000,220
2025-01-29,Yogurt Botol,Produk Susu,15,10000,150000,185
2023-11-13,Biskuit Coklat,Snack,15,9000,135000,207
2023-07-22,Susu Kental Manis,Produk Susu,14,12000,168000,475
2025-04-15,Air Mineral,Minuman,6,4000,24000,497
2025-01-28,Roti Tawar,Snack,8,15000,120000,413
2024-04-28,Yogurt Botol,Produk Susu,15,10000,150000,170
2025-01-22,Ramen Pedas,Makanan Instan,12,7000,84000,539
2025-03-26,Indomie Soto,Makanan Instan,7,3500,24500,279
2025-07-20,Ramen Pedas,Makanan Instan,4,7000,28000,535
2023-02-13,Wafer Coklat,Snack,1,8000,8000,265
2024-11-14,Keju Slice,Produk Susu,4,18000,72000,486
2024-02-25,Keju Slice,Produk Susu,4,18000,72000,482
2024-03-18,Minyak Goreng,Sembako,14,28000,392000,284
2023-10-30,Kopi Sachet,Minuman,13,2500,32500,541
2023-01-06,Saus Sambal,Sembako,5,13000,65000,544
2023-10-24,Kopi Botol,Minuman,3,7000,21000,511
2024-05-28,Jus Kotak,Minuman,13,7000,91000,221
2023-02-22,Ramen Pedas,Makanan Instan,3,7000,21000,532
2025-01-03,Indomie Goreng,Makanan Instan,15,3500,52500,550
2024-10-25,Biskuit Coklat,Snack,1,9000,9000,206
2023-04-18,Tepung Terigu,Sembako,3,14000,42000,559
2025-05-12,Coklat Batang,Snack,10,11000,110000,434
2023-05-11,Coklat Batang,Snack,8,11000,88000,426
2025-01-11,Yogurt Botol,Produk Susu,10,10000,100000,160
2025-10-28,Yogurt Botol,Produk Susu,5,10000,50000,155
2025-12-03,Coklat Batang,Snack,9,11000,99000,417
2023-03-05,Wafer Coklat,Snack,1,8000,8000,264
2025-04-02,Air Mineral,Minuman,8,4000,32000,489
2025-06-27,Air Mineral,Minuman,3,4000,12000,486
2023-10-31,Kopi Sachet,Minuman,2,2500,5000,539
2024-07-17,Beras Premium,Sembako,12,75000,900000,318
2024-10-27,Biskuit Coklat,Snack,9,9000,81000,197
2024-08-26,Minuman Isotonik,Minuman,10,8500,85000,442
2025-05-31,Keripik Kentang,Snack,3,12000,36000,235
2024-03-16,Kopi Botol,Minuman,8,7000,56000,503
2024-04-12,Saus Sambal,Sembako,8,13000,104000,536
2025-07-17,Teh Botol,Minuman,11,5000,55000,253
2023-07-14,Coklat Batang,Snack,6,11000,66000,411
2024-10-02,Susu Kental Manis,Produk Susu,12,12000,144000,463
2023-11-09,Teh Celup,Minuman,11,8000,88000,586
2025-08-29,Kecap Manis,Sembako,3,15000,45000,538
2023-06-24,Teh Botol,Minuman,2,5000,10000,251
2023-07-17,Susu Kental Manis,Produk Susu,12,12000,144000,451
2025-02-02,Coklat Batang,Snack,15,11000,165000,396
2023-05-03,Jus Kotak,Minuman,10,7000,70000,211
2024-11-06,Jus Kotak,Minuman,11,7000,77000,200
2024-12-25,Susu Kental Manis,Produk Susu,16,12000,192000,435
2025-05-16,Sereal Sarapan,Produk Susu,15,25000,375000,90
2024-10-01,Telur Ayam,Sembako,6,30000,180000,227
2025-11-05,Biskuit Coklat,Snack,6,9000,54000,191
2025-09-14,Kacang Panggang,Snack,5,10000,50000,303
2025-01-22,Teh Celup,Minuman,5,8000,40000,581
2024-04-08,Biskuit Coklat,Snack,14,9000,126000,177
2023-02-23,Kopi Botol,Minuman,10,7000,70000,493
2024-07-01,Kecap Manis,Sembako,1,15000,15000,537
2024-09-24,Tepung Terigu,Sembako,16,14000,224000,543
2023-01-13,Teh Celup,Minuman,3,8000,24000,578
2023-10-21,Kopi Botol,Minuman,10,7000,70000,483
2025-03-31,Kacang Panggang,Snack,4,10000,40000,299
2023-03-04,Coklat Batang,Snack,2,11000,22000,394
2025-12-22,Coklat Batang,Snack,8,11000,88000,386
2025-07-18,Susu Kental Manis,Produk Susu,8,12000,96000,427
2024-09-30,Teh Celup,Minuman,13,8000,104000,565
2023-06-23,Sereal Sarapan,Produk Susu,15,25000,375000,75
2023-11-15,Indomie Soto,Makanan Instan,3,3500,10500,276
2023-04-12,Sereal Sarapan,Produk Susu,11,25000,275000,64
2024-07-11,Mie Ayam Instan,Makanan Instan,10,4000,40000,188
2025-09-21,Susu Kental Manis,Produk Susu,14,12000,168000,413
2024-07-13,Susu Kental Manis,Produk Susu,6,12000,72000,407
2024-12-07,Ramen Pedas,Makanan Instan,7,7000,49000,525
2025-09-23,Telur Ayam,Sembako,12,30000,360000,215
2024-03-27,Indomie Soto,Makanan Instan,9,3500,31500,267
2023-01-16,Indomie Soto,Makanan Instan,4,3500,14000,263
2024-03-08,Telur Ayam,Sembako,13,30000,390000,202
2024-06-07,Sereal Sarapan,Produk Susu,6,25000,150000,58
2023-01-16,Ramen Pedas,Makanan Instan,8,7000,56000,517
2025-05-31,Coklat Batang,Snack,5,11000,55000,381
2025-12-26,Susu UHT,Produk Susu,14,9000,126000,618
2024-12-26,Minuman Isotonik,Minuman,3,8500,25500,439
2023-03-28,Kopi Botol,Minuman,7,7000,49000,476
2025-07-30,Indomie Goreng,Makanan Instan,16,3500,56000,534
2024-10-03,Kopi Botol,Minuman,11,7000,77000,465
2025-04-08,Biskuit Coklat,Snack,16,9000,144000,161
2023-08-24,Telur Ayam,Sembako,7,30000,210000,195
2024-10-27,Indomie Goreng,Makanan Instan,5,3500,17500,529
2025-01-11,Yogurt Botol,Produk Susu,6,10000,60000,149
2023-08-05,Kopi Botol,Minuman,4,7000,28000,461
2025-03-31,Susu Kental Manis,Produk Susu,10,12000,120000,397
2024-09-27,Susu UHT,Produk Susu,13,9000,117000,605
2024-11-13,Gula Pasir,Sembako,13,16000,208000,207
2025-11-11,Mie Ayam Instan,Makanan Instan,12,4000,48000,176
2025-11-10,Minuman Isotonik,Minuman,7,8500,59500,432
2023-10-30,Teh Celup,Minuman,4,8000,32000,561
2023-10-27,Ramen Pedas,Makanan Instan,5,7000,35000,512
2023-12-22,Minyak Goreng,Sembako,10,28000,280000,274
2023-06-04,Beras Premium,Sembako,3,75000,225000,315
2025-10-08,Sereal Sarapan,Produk Susu,12,25000,300000,694
2024-10-23,Kecap Manis,Sembako,16,15000,240000,521
2023-11-06,Kopi Sachet,Minuman,8,2500,20000,531
2025-08-18,Mie Ayam Instan,Makanan Instan,11,4000,44000,165
2024-07-16,Keju Slice,Produk Susu,10,18000,180000,472
2025-11-05,Teh Celup,Minuman,5,8000,40000,556
2025-07-14,Yogurt Botol,Produk Susu,2,10000,20000,147
2024-08-10,Teh Celup,Minuman,4,8000,32000,552
2023-07-04,Kopi Botol,Minuman,10,7000,70000,451
2025-11-04,Keripik Kentang,Snack,11,12000,132000,224
2023-03-26,Biskuit Coklat,Snack,8,9000,72000,153
2024-01-21,Kecap Manis,Sembako,8,15000,120000,513
2025-10-23,Air Mineral,Minuman,4,4000,16000,482
2023-07-31,Yogurt Botol,Produk Susu,13,10000,130000,134
2024-12-04,Saus Sambal,Sembako,12,13000,156000,524
2023-12-20,Minuman Isotonik,Minuman,1,8500,8500,431
2025-06-15,Gula Pasir,Sembako,10,16000,160000,197
2025-02-02,Teh Celup,Minuman,18,8000,144000,534
2025-04-17,Susu UHT,Produk Susu,16,9000,144000,589
2023-04-18,Kacang Panggang,Snack,13,10000,130000,286
2024-11-16,Wafer Coklat,Snack,3,8000,24000,261
2025-03-02,Ramen Pedas,Makanan Instan,8,7000,56000,504
2023-11-04,Coklat Batang,Snack,6,11000,66000,375
2023-10-17,Mie Ayam Instan,Makanan Instan,15,4000,60000,150
2024-09-27,Teh Celup,Minuman,13,8000,104000,521
2025-03-13,Kacang Panggang,Snack,4,10000,40000,282
2025-02-10,Telur Ayam,Sembako,14,30000,420000,181
2023-09-19,Teh Botol,Minuman,11,5000,55000,240
2025-12-14,Roti Tawar,Snack,6,15000,90000,407
2025-01-11,Minuman Isotonik,Minuman,4,8500,34000,427
2024-01-05,Telur Ayam,Sembako,5,30000,150000,176
2025-09-22,Sereal Sarapan,Produk Susu,6,25000,150000,688
2023-11-14,Beras Premium,Sembako,2,75000,150000,313
2023-07-27,Telur Ayam,Sembako,9,30000,270000,167
2025-12-14,Sereal Sarapan,Produk Susu,4,25000,100000,684
2023-09-26,Saus Sambal,Sembako,10,13000,130000,514
2023-11-12,Susu UHT,Produk Susu,3,9000,27000,586
2023-12-06,Beras Medium,Sembako,12,65000,780000,338
2023-03-31,Yogurt Botol,Produk Susu,7,10000,70000,127
2024-05-01,Teh Celup,Minuman,10,8000,80000,511
2025-07-08,Telur Ayam,Sembako,6,30000,180000,161
2025-08-18,Telur Ayam,Sembako,17,30000,510000,144
2025-06-21,Teh Celup,Minuman,11,8000,88000,500
2025-02-21,Sereal Sarapan,Produk Susu,13,25000,325000,671
2024-02-13,Beras Medium,Sembako,15,65000,975000,323
2024-05-27,Beras Premium,Sembako,3,75000,225000,310
2025-01-30,Air Mineral,Minuman,10,4000,40000,472
2025-11-22,Roti Tawar,Snack,15,15000,225000,392
2023-06-21,Telur Ayam,Sembako,13,30000,390000,131
2024-07-12,Beras Medium,Sembako,10,65000,650000,313
2025-06-14,Beras Premium,Sembako,4,75000,300000,306
2025-07-12,Teh Botol,Minuman,18,5000,90000,222
2023-02-24,Kecap Manis,Sembako,7,15000,105000,506
2025-03-22,Indomie Soto,Makanan Instan,12,3500,42000,251
2025-03-01,Gula Pasir,Sembako,5,16000,80000,192
2023-02-27,Gula Pasir,Sembako,6,16000,96000,186
2023-07-22,Kecap Manis,Sembako,14,15000,210000,492
2024-11-17,Roti Tawar,Snack,13,15000,195000,379
2023-03-20,Beras Premium,Sembako,5,75000,375000,301
2025-08-25,Kecap Manis,Sembako,14,15000,210000,478
2025-08-18,Sereal Sarapan,Produk Susu,9,25000,225000,662
2023-06-12,Saus Sambal,Sembako,1,13000,13000,513
2024-03-17,Tepung Terigu,Sembako,14,14000,196000,529
2025-12-16,Jus Kotak,Minuman,8,7000,56000,192
2024-08-13,Sereal Sarapan,Produk Susu,5,25000,125000,657
2023-04-08,Ramen Pedas,Makanan Instan,4,7000,28000,500
2025-07-25,Susu Kental Manis,Produk Susu,3,12000,36000,394
2025-10-20,Teh Botol,Minuman,11,5000,55000,211
2025-11-21,Wafer Coklat,Snack,12,8000,96000,249
2023-10-22,Roti Tawar,Snack,5,15000,75000,374
2023-01-04,Susu Kental Manis,Produk Susu,10,12000,120000,384
2024-05-07,Teh Celup,Minuman,11,8000,88000,489
2023-06-25,Beras Medium,Sembako,9,65000,585000,304
2023-05-19,Teh Celup,Minuman,9,8000,72000,480
2025-11-05,Jus Kotak,Minuman,14,7000,98000,178
2025-08-20,Susu UHT,Produk Susu,5,9000,45000,581
2024-06-03,Teh Celup,Minuman,12,8000,96000,468
2023-05-19,Teh Celup,Minuman,6,8000,48000,462
2023-08-01,Gula Pasir,Sembako,13,16000,208000,173
2024-11-11,Biskuit Coklat,Snack,3,9000,27000,150
2024-11-24,Teh Celup,Minuman,16,8000,128000,446
2025-08-09,Beras Medium,Sembako,16,65000,1040000,288
2024-01-09,Wafer Coklat,Snack,13,8000,104000,236
2025-07-26,Mie Ayam Instan,Makanan Instan,4,4000,16000,146
2023-03-31,Minyak Goreng,Sembako,13,28000,364000,261
2023-03-27,Minyak Goreng,Sembako,6,28000,168000,255
2024-09-27,Kecap Manis,Sembako,10,15000,150000,468
2025-08-27,Teh Botol,Minuman,6,5000,30000,205
2024-01-27,Sereal Sarapan,Produk Susu,6,25000,150000,651
2023-04-08,Kopi Botol,Minuman,14,7000,98000,437
2024-11-10,Wafer Coklat,Snack,5,8000,40000,231
2025-01-23,Keju Slice,Produk Susu,11,18000,198000,461
2025-06-19,Coklat Batang,Snack,19,11000,209000,356
2024-01-18,Kopi Sachet,Minuman,10,2500,25000,521
2025-01-22,Air Mineral,Minuman,18,4000,72000,454
2023-06-19,Keju Slice,Produk Susu,12,18000,216000,449
2023-06-11,Susu Kental Manis,Produk Susu,7,12000,84000,377
2024-01-05,Keripik Kentang,Snack,10,12000,120000,214
2023-07-30,Kopi Sachet,Minuman,2,2500,5000,519
2024-08-28,Kopi Sachet,Minuman,6,2500,15000,513
2025-05-22,Keripik Kentang,Snack,7,12000,84000,207
2025-07-04,Teh Celup,Minuman,4,8000,32000,442
2025-06-09,Keripik Kentang,Snack,6,12000,72000,201
2025-04-11,Mie Ayam Instan,Makanan Instan,8,4000,32000,138
2023-10-20,Indomie Goreng,Makanan Instan,14,3500,49000,515
2025-06-16,Keripik Kentang,Snack,3,12000,36000,198
2024-04-28,Mie Ayam Instan,Makanan Instan,15,4000,60000,123
2025-01-11,Teh Celup,Minuman,8,8000,64000,434
2023-11-11,Keripik Kentang,Snack,11,12000,132000,187
2025-01-29,Yogurt Botol,Produk Susu,10,10000,100000,117
2023-06-07,Sereal Sarapan,Produk Susu,10,25000,250000,641
2025-12-20,Beras Premium,Sembako,10,75000,750000,291
2024-07-24,Kopi Sachet,Minuman,4,2500,10000,509
2024-01-17,Indomie Goreng,Makanan Instan,10,3500,35000,505
2023-08-30,Susu UHT,Produk Susu,5,9000,45000,576
2024-06-17,Sereal Sarapan,Produk Susu,13,25000,325000,628
2024-08-07,Minyak Goreng,Sembako,13,28000,364000,242
2023-09-09,Minyak Goreng,Sembako,3,28000,84000,239
2023-06-01,Kopi Botol,Minuman,8,7000,56000,429
2025-06-30,Beras Medium,Sembako,5,65000,325000,283
2024-12-12,Kacang Panggang,Snack,12,10000,120000,270
2024-08-17,Jus Kotak,Minuman,16,7000,112000,162
2023-11-19,Kopi Botol,Minuman,12,7000,84000,417
2023-12-23,Roti Tawar,Snack,13,15000,195000,361
2025-11-07,Teh Celup,Minuman,5,8000,40000,429
2023-10-12,Minyak Goreng,Sembako,4,28000,112000,235
2025-10-08,Keju Slice,Produk Susu,4,18000,72000,445
2025-01-25,Jus Kotak,Minuman,10,7000,70000,152
2023-06-26,Keripik Kentang,Snack,2,12000,24000,185
2025-03-26,Telur Ayam,Sembako,16,30000,480000,115
2025-04-21,Minuman Isotonik,Minuman,17,8500,144500,410
2023-06-01,Teh Botol,Minuman,3,5000,15000,202
2023-06-01,Kopi Sachet,Minuman,8,2500,20000,501
2025-11-25,Yogurt Botol,Produk Susu,8,10000,80000,109
2024-01-08,Saus Sambal,Sembako,13,13000,169000,500
2025-10-26,Susu Kental Manis,Produk Susu,16,12000,192000,361
2023-09-12,Teh Botol,Minuman,9,5000,45000,193
2024-09-14,Beras Premium,Sembako,3,75000,225000,288
2024-04-06,Kopi Sachet,Minuman,8,2500,20000,493
2024-08-04,Saus Sambal,Sembako,14,13000,182000,486
2024-02-07,Tepung Terigu,Sembako,13,14000,182000,516
2023-09-14,Tepung Terigu,Sembako,11,14000,154000,505
2025-12-28,Telur Ayam,Sembako,4,30000,120000,111
2023-11-12,Biskuit Coklat,Snack,3,9000,27000,147
2024-11-22,Kacang Panggang,Snack,16,10000,160000,254
2023-02-28,Indomie Soto,Makanan Instan,2,3500,7000,249
2024-06-26,Indomie Soto,Makanan Instan,11,3500,38500,238
2025-05-03,Sereal Sarapan,Produk Susu,11,25000,275000,617
2024-08-16,Air Mineral,Minuman,12,4000,48000,442
2024-05-16,Air Mineral,Minuman,15,4000,60000,427
2024-09-01,Susu UHT,Produk Susu,8,9000,72000,568
2023-05-03,Roti Tawar,Snack,3,15000,45000,358
2025-05-01,Yogurt Botol,Produk Susu,12,10000,120000,97
2024-11-27,Minyak Goreng,Sembako,10,28000,280000,225
2024-10-15,Kopi Sachet,Minuman,13,2500,32500,480
2023-09-25,Susu UHT,Produk Susu,13,9000,117000,555
2025-11-20,Teh Celup,Minuman,10,8000,80000,419
2024-05-10,Kopi Sachet,Minuman,8,2500,20000,472
2025-07-09,Tepung Terigu,Sembako,6,14000,84000,499
2023-04-14,Ramen Pedas,Makanan Instan,5,7000,35000,495
2025-05-06,Susu UHT,Produk Susu,6,9000,54000,549
2024-11-01,Teh Botol,Minuman,17,5000,85000,176
2024-10-02,Coklat Batang,Snack,4,11000,44000,352
2025-11-20,Air Mineral,Minuman,12,4000,48000,415
2024-09-23,Saus Sambal,Sembako,8,13000,104000,478
2025-03-16,Mie Ayam Instan,Makanan Instan,13,4000,52000,110
2024-03-16,Gula Pasir,Sembako,11,16000,176000,162
2023-04-14,Indomie Soto,Makanan Instan,5,3500,17500,233
2025-08-21,Air Mineral,Minuman,6,4000,24000,409
2023-08-09,Kopi Botol,Minuman,7,7000,49000,410
2024-06-25,Beras Premium,Sembako,13,75000,975000,275
2025-04-05,Sereal Sarapan,Produk Susu,7,25000,175000,610
2023-04-15,Susu UHT,Produk Susu,10,9000,90000,539
2024-02-03,Jus Kotak,Minuman,8,7000,56000,144
2023-05-31,Telur Ayam,Sembako,7,30000,210000,104
2025-07-11,Minuman Isotonik,Minuman,16,8500,136000,394
2023-09-01,Teh Botol,Minuman,3,5000,15000,173
2025-03-17,Ramen Pedas,Makanan Instan,9,7000,63000,486
2025-01-18,Jus Kotak,Minuman,15,7000,105000,129
2025-11-08,Minyak Goreng,Sembako,8,28000,224000,217
2023-03-21,Indomie Soto,Makanan Instan,3,3500,10500,230
2024-11-13,Roti Tawar,Snack,14,15000,210000,344
2025-07-24,Minuman Isotonik,Minuman,5,8500,42500,389
2024-10-14,Kopi Sachet,Minuman,4,2500,10000,468
2024-09-04,Keripik Kentang,Snack,11,12000,132000,174
2025-11-09,Minuman Isotonik,Minuman,13,8500,110500,376
2024-09-05,Roti Tawar,Snack,8,15000,120000,336
2024-11-09,Teh Celup,Minuman,11,8000,88000,408
2024-09-22,Susu Kental Manis,Produk Susu,15,12000,180000,346
2023-02-24,Kopi Botol,Minuman,10,7000,70000,400
2024-06-27,Air Mineral,Minuman,13,4000,52000,396
2024-04-11,Biskuit Coklat,Snack,12,9000,108000,135
2025-09-10,Biskuit Coklat,Snack,7,9000,63000,128
2024-05-11,Beras Premium,Sembako,3,75000,225000,272
2023-08-14,Roti Tawar,Snack,4,15000,60000,332
2025-06-22,Indomie Goreng,Makanan Instan,10,3500,35000,495
2025-04-25,Beras Premium,Sembako,14,75000,1050000,258
2025-10-24,Susu Kental Manis,Produk Susu,17,12000,204000,329
2023-05-08,Kopi Botol,Minuman,12,7000,84000,388
2025-11-28,Beras Premium,Sembako,7,75000,525000,251
2025-09-06,Kacang Panggang,Snack,13,10000,130000,241
2023-12-21,Kopi Sachet,Minuman,8,2500,20000,460
2025-12-27,Kecap Manis,Sembako,9,15000,135000,459
2024-06-25,Kacang Panggang,Snack,11,10000,110000,230
2024-05-19,Minyak Goreng,Sembako,7,28000,196000,210
2024-04-05,Telur Ayam,Sembako,6,30000,180000,98
2024-02-29,Roti Tawar,Snack,14,15000,210000,318
2024-10-11,Air Mineral,Minuman,9,4000,36000,387
2024-07-14,Jus Kotak,Minuman,5,7000,35000,124
2025-02-16,Biskuit Coklat,Snack,19,9000,171000,109
2024-12-07,Teh Botol,Minuman,13,5000,65000,160
2023-03-28,Telur Ayam,Sembako,5,30000,150000,93
2023-06-11,Roti Tawar,Snack,6,15000,90000,312
2025-06-24,Kecap Manis,Sembako,14,15000,210000,445
2025-09-08,Coklat Batang,Snack,6,11000,66000,346
2024-07-09,Teh Botol,Minuman,17,5000,85000,143
2024-07-10,Roti Tawar,Snack,3,15000,45000,309
2024-05-05,Keripik Kentang,Snack,4,12000,48000,170
2025-12-23,Kacang Panggang,Snack,6,10000,60000,224
2023-07-25,Indomie Soto,Makanan Instan,7,3500,24500,223
2025-08-25,Kopi Sachet,Minuman,4,2500,10000,456
2023-11-20,Indomie Goreng,Makanan Instan,7,3500,24500,488
2025-09-01,Wafer Coklat,Snack,10,8000,80000,221
2024-08-11,Sereal Sarapan,Produk Susu,7,25000,175000,603
2023-05-02,Wafer Coklat,Snack,15,8000,120000,206
2023-07-03,Sereal Sarapan,Produk Susu,11,25000,275000,592
2024-04-20,Biskuit Coklat,Snack,11,9000,99000,98
2023-03-18,Coklat Batang,Snack,15,11000,165000,331
2023-12-25,Kecap Manis,Sembako,7,15000,105000,438
2023-12-27,Saus Sambal,Sembako,15,13000,195000,463
2023-03-16,Kecap Manis,Sembako,14,15000,210000,424
2025-10-11,Susu UHT,Produk Susu,6,9000,54000,533
2023-03-18,Saus Sambal,Sembako,1,13000,13000,462
2023-08-08,Telur Ayam,Sembako,15,30000,450000,78
2024-08-05,Kopi Sachet,Minuman,10,2500,25000,446
2025-12-09,Jus Kotak,Minuman,10,7000,70000,114
2025-10-29,Kopi Botol,Minuman,11,7000,77000,377
2023-08-19,Minyak Goreng,Sembako,6,28000,168000,204
2025-07-28,Beras Medium,Sembako,14,65000,910000,269
2024-01-17,Roti Tawar,Snack,3,15000,45000,306
2024-08-27,Kopi Sachet,Minuman,12,2500,30000,434
2024-01-31,Sereal Sarapan,Produk Susu,5,25000,125000,587
2025-04-10,Kopi Botol,Minuman,18,7000,126000,359
2024-11-02,Minuman Isotonik,Minuman,3,8500,25500,373
2023-07-15,Kacang Panggang,Snack,3,10000,30000,221
2025-09-04,Beras Premium,Sembako,8,75000,600000,243
2024-06-18,Indomie Goreng,Makanan Instan,7,3500,24500,481
2024-06-30,Yogurt Botol,Produk Susu,7,10000,70000,90
2023-01-24,Biskuit Coklat,Snack,5,9000,45000,93
2025-01-06,Wafer Coklat,Snack,14,8000,112000,192
2023-08-31,Indomie Soto,Makanan Instan,8,3500,28000,215
2023-11-24,Telur Ayam,Sembako,7,30000,210000,71
2025-10-26,Kacang Panggang,Snack,18,10000,180000,203
2023-08-29,Roti Tawar,Snack,11,15000,165000,295
2024-08-27,Kecap Manis,Sembako,8,15000,120000,416
2024-03-24,Gula Pasir,Sembako,4,16000,64000,158
2025-07-20,Beras Premium,Sembako,15,75000,1125000,228
2025-08-22,Susu Kental Manis,Produk Susu,15,12000,180000,314
2024-05-21,Sereal Sarapan,Produk Susu,13,25000,325000,574
2023-06-17,Kopi Botol,Minuman,9,7000,63000,350
2025-12-17,Yogurt Botol,Produk Susu,15,10000,150000,75
2023-08-18,Mie Ayam Instan,Makanan Instan,1,4000,4000,109
2025-11-01,Teh Botol,Minuman,6,5000,30000,137
2024-11-02,Beras Medium,Sembako,16,65000,1040000,253
2023-08-27,Yogurt Botol,Produk Susu,11,10000,110000,64
2025-09-28,Minyak Goreng,Sembako,6,28000,168000,198
2023-04-24,Keju Slice,Produk Susu,8,18000,144000,437
2025-11-17,Beras Premium,Sembako,11,75000,825000,217
2023-04-29,Biskuit Coklat,Snack,9,9000,81000,84
2024-09-23,Yogurt Botol,Produk Susu,12,10000,120000,52
2024-06-05,Susu UHT,Produk Susu,14,9000,126000,519
2024-03-22,Coklat Batang,Snack,10,11000,110000,321
2025-05-17,Indomie Soto,Makanan Instan,7,3500,24500,208
2023-05-04,Jus Kotak,Minuman,15,7000,105000,99
2023-05-22,Saus Sambal,Sembako,15,13000,195000,447
2023-03-06,Air Mineral,Minuman,5,4000,20000,382
2024-01-04,Susu Kental Manis,Produk Susu,13,12000,156000,301
2025-05-10,Sereal Sarapan,Produk Susu,10,25000,250000,564
2025-02-12,Yogurt Botol,Produk Susu,8,10000,80000,693
2023-09-30,Kacang Panggang,Snack,11,10000,110000,192
2024-12-13,Kopi Botol,Minuman,2,7000,14000,348
2025-03-15,Jus Kotak,Minuman,11,7000,77000,88
2024-04-01,Coklat Batang,Snack,14,11000,154000,307
2023-02-16,Sereal Sarapan,Produk Susu,5,25000,125000,559
2025-05-18,Yogurt Botol,Produk Susu,13,10000,130000,680
2024-04-15,Teh Botol,Minuman,5,5000,25000,132
2023-11-14,Teh Celup,Minuman,5,8000,40000,403
2023-08-20,Minyak Goreng,Sembako,1,28000,28000,197
2025-05-08,Keju Slice,Produk Susu,11,18000,198000,426
2024-02-27,Gula Pasir,Sembako,2,16000,32000,156
2023-03-10,Keripik Kentang,Snack,8,12000,96000,162
2023-04-10,Keripik Kentang,Snack,4,12000,48000,158
2023-04-01,Coklat Batang,Snack,7,11000,77000,300
2024-04-24,Yogurt Botol,Produk Susu,9,10000,90000,671
2023-04-26,Sereal Sarapan,Produk Susu,3,25000,75000,556
2024-08-15,Minuman Isotonik,Minuman,6,8500,51000,367
2024-10-15,Biskuit Coklat,Snack,12,9000,108000,72
2024-10-18,Sereal Sarapan,Produk Susu,5,25000,125000,551
2023-10-21,Saus Sambal,Sembako,11,13000,143000,436
2024-03-28,Minuman Isotonik,Minuman,8,8500,68000,359
2023-05-05,Tepung Terigu,Sembako,9,14000,126000,490
2023-12-25,Biskuit Coklat,Snack,11,9000,99000,61
2025-05-24,Kacang Panggang,Snack,13,10000,130000,179
2024-12-06,Indomie Soto,Makanan Instan,13,3500,45500,195
2025-12-10,Susu UHT,Produk Susu,10,9000,90000,509
2023-11-02,Susu Kental Manis,Produk Susu,5,12000,60000,296
2024-01-12,Susu UHT,Produk Susu,15,9000,135000,494
2024-05-08,Air Mineral,Minuman,14,4000,56000,368
2023-10-23,Telur Ayam,Sembako,13,30000,390000,58
2023-04-29,Yogurt Botol,Produk Susu,9,10000,90000,662
2025-05-03,Susu Kental Manis,Produk Susu,11,12000,132000,285
2024-05-12,Susu UHT,Produk Susu,5,9000,45000,489
2023-06-11,Kopi Sachet,Minuman,15,2500,37500,419
2025-01-29,Yogurt Botol,Produk Susu,4,10000,40000,658
2024-07-03,Indomie Soto,Makanan Instan,9,3500,31500,186
2023-03-22,Keripik Kentang,Snack,14,12000,168000,144
2024-01-21,Mie Ayam Instan,Makanan Instan,15,4000,60000,94
2024-03-20,Coklat Batang,Snack,8,11000,88000,292
2024-11-12,Kopi Botol,Minuman,5,7000,35000,343
2024-01-25,Minyak Goreng,Sembako,12,28000,336000,185
2025-09-07,Coklat Batang,Snack,17,11000,187000,275
2024-02-23,Roti Tawar,Snack,7,15000,105000,288
2024-10-20,Jus Kotak,Minuman,14,7000,98000,74
2025-08-12,Susu UHT,Produk Susu,12,9000,108000,477
2024-06-19,Telur Ayam,Sembako,8,30000,240000,50
2025-10-15,Saus Sambal,Sembako,9,13000,117000,427
2025-08-19,Keju Slice,Produk Susu,16,18000,288000,410
2024-02-21,Kecap Manis,Sembako,7,15000,105000,409
2023-04-04,Susu Kental Manis,Produk Susu,10,12000,120000,275
2024-03-29,Kopi Botol,Minuman,12,7000,84000,331
2024-06-18,Indomie Goreng,Makanan Instan,11,3500,38500,470
2025-05-05,Biskuit Coklat,Snack,7,9000,63000,54
2024-11-06,Minyak Goreng,Sembako,5,28000,140000,180
2024-05-18,Biskuit Coklat,Snack,10,9000,90000,679
2024-11-22,Kacang Panggang,Snack,6,10000,60000,173
2025-10-01,Coklat Batang,Snack,10,11000,110000,265
2024-12-22,Coklat Batang,Snack,3,11000,33000,262
2025-09-27,Coklat Batang,Snack,4,11000,44000,258
2023-03-11,Minuman Isotonik,Minuman,14,8500,119000,345
2023-06-02,Kopi Botol,Minuman,14,7000,98000,317
2023-04-10,Kacang Panggang,Snack,13,10000,130000,160
2025-04-24,Indomie Goreng,Makanan Instan,5,3500,17500,465
2023-11-06,Mie Ayam Instan,Makanan Instan,1,4000,4000,93
2025-11-01,Minyak Goreng,Sembako,11,28000,308000,169
2025-09-16,Indomie Soto,Makanan Instan,15,3500,52500,171
2023-01-14,Indomie Goreng,Makanan Instan,9,3500,31500,456
2025-04-22,Jus Kotak,Minuman,2,7000,14000,72
2024-07-16,Minuman Isotonik,Minuman,10,8500,85000,335
2025-10-25,Indomie Goreng,Makanan Instan,18,3500,63000,438
2024-01-03,Keju Slice,Produk Susu,2,18000,36000,408
2023-11-01,Minuman Isotonik,Minuman,4,8500,34000,331
2025-12-14,Minyak Goreng,Sembako,8,28000,224000,161
2025-03-23,Tepung Terigu,Sembako,5,14000,70000,485
2025-07-29,Susu UHT,Produk Susu,12,9000,108000,465
2024-04-07,Roti Tawar,Snack,7,15000,105000,281
2023-06-15,Teh Botol,Minuman,11,5000,55000,121
2023-03-06,Kopi Botol,Minuman,2,7000,14000,315
2025-02-15,Susu UHT,Produk Susu,11,9000,99000,454
2023-01-20,Indomie Soto,Makanan Instan,12,3500,42000,159
2023-06-19,Beras Medium,Sembako,8,65000,520000,245
2025-06-07,Kopi Botol,Minuman,14,7000,98000,301
2023-07-15,Biskuit Coklat,Snack,15,9000,135000,664
2023-03-29,Minuman Isotonik,Minuman,4,8500,34000,327
2025-08-31,Minyak Goreng,Sembako,6,28000,168000,155
2023-06-02,Kecap Manis,Sembako,11,15000,165000,398
2024-07-28,Kecap Manis,Sembako,17,15000,255000,381
2023-03-09,Biskuit Coklat,Snack,3,9000,27000,661
2024-10-06,Kecap Manis,Sembako,1,15000,15000,380
2023-10-23,Biskuit Coklat,Snack,13,9000,117000,648
2025-03-26,Teh Botol,Minuman,16,5000,80000,105
2023-11-29,Telur Ayam,Sembako,10,30000,300000,463
2025-03-07,Biskuit Coklat,Snack,14,9000,126000,634
2023-10-14,Susu UHT,Produk Susu,13,9000,117000,441
2023-06-10,Roti Tawar,Snack,9,15000,135000,272
2024-12-09,Coklat Batang,Snack,1,11000,11000,257
2024-04-20,Susu Kental Manis,Produk Susu,14,12000,168000,261
2025-03-23,Kopi Sachet,Minuman,16,2500,40000,403
2024-07-13,Indomie Goreng,Makanan Instan,14,3500,49000,424
2024-04-12,Air Mineral,Minuman,8,4000,32000,360
2025-06-03,Susu UHT,Produk Susu,7,9000,63000,434
2024-08-27,Mie Ayam Instan,Makanan Instan,13,4000,52000,80
2023-05-31,Roti Tawar,Snack,2,15000,30000,270
2023-11-12,Tepung Terigu,Sembako,7,14000,98000,478
2023-11-12,Roti Tawar,Snack,12,15000,180000,258
2024-10-10,Susu UHT,Produk Susu,6,9000,54000,428
2023-01-11,Mie Ayam Instan,Makanan Instan,5,4000,20000,75
2025-01-07,Yogurt Botol,Produk Susu,16,10000,160000,642
2023-09-29,Ramen Pedas,Makanan Instan,2,7000,14000,484
2025-06-01,Beras Medium,Sembako,12,65000,780000,233
2023-02-23,Ramen Pedas,Makanan Instan,2,7000,14000,482
2023-07-10,Teh Celup,Minuman,10,8000,80000,393
2024-10-26,Keripik Kentang,Snack,15,12000,180000,129
2024-08-20,Indomie Goreng,Makanan Instan,8,3500,28000,416
2023-06-23,Sereal Sarapan,Produk Susu,12,25000,300000,539
2024-05-12,Saus Sambal,Sembako,12,13000,156000,415
2025-02-18,Beras Medium,Sembako,5,65000,325000,228
2024-09-08,Tepung Terigu,Sembako,6,14000,84000,472
2023-05-10,Beras Premium,Sembako,3,75000,225000,214
2024-07-19,Susu Kental Manis,Produk Susu,8,12000,96000,253
2023-06-07,Air Mineral,Minuman,6,4000,24000,354
2024-05-20,Tepung Terigu,Sembako,14,14000,196000,458
2024-02-05,Air Mineral,Minuman,8,4000,32000,346
2024-09-15,Beras Premium,Sembako,2,75000,150000,212
2025-02-17,Kopi Sachet,Minuman,16,2500,40000,387
2024-11-16,Yogurt Botol,Produk Susu,9,10000,90000,633
2023-10-06,Keripik Kentang,Snack,5,12000,60000,124
2024-02-16,Kopi Sachet,Minuman,9,2500,22500,378
2025-03-26,Beras Medium,Sembako,9,65000,585000,219
2025-10-02,Coklat Batang,Snack,12,11000,132000,245
2025-02-09,Kopi Sachet,Minuman,9,2500,22500,369
2023-08-22,Teh Celup,Minuman,15,8000,120000,378
2024-02-14,Biskuit Coklat,Snack,12,9000,108000,622
2023-02-25,Beras Medium,Sembako,12,65000,780000,207
2024-03-05,Yogurt Botol,Produk Susu,9,10000,90000,624
2023-05-22,Teh Botol,Minuman,14,5000,70000,91
2025-04-17,Kopi Botol,Minuman,15,7000,105000,286
2024-09-12,Beras Premium,Sembako,5,75000,375000,207
2023-11-12,Kacang Panggang,Snack,12,10000,120000,148
2025-02-11,Susu Kental Manis,Produk Susu,6,12000,72000,247
2025-09-08,Keripik Kentang,Snack,14,12000,168000,110
2025-11-03,Jus Kotak,Minuman,19,7000,133000,53
2023-03-17,Jus Kotak,Minuman,13,7000,91000,524
2023-06-24,Roti Tawar,Snack,2,15000,30000,256
2024-05-23,Sereal Sarapan,Produk Susu,13,25000,325000,526
2023-12-07,Teh Celup,Minuman,11,8000,88000,367
2023-04-01,Keripik Kentang,Snack,10,12000,120000,100
2025-03-29,Wafer Coklat,Snack,16,8000,128000,176
2025-05-31,Keju Slice,Produk Susu,3,18000,54000,405
2024-06-13,Ramen Pedas,Makanan Instan,6,7000,42000,476
2025-11-28,Coklat Batang,Snack,11,11000,121000,234
2025-02-05,Yogurt Botol,Produk Susu,11,10000,110000,613
2025-10-21,Sereal Sarapan,Produk Susu,6,25000,150000,520
2025-09-15,Indomie Goreng,Makanan Instan,5,3500,17500,411
2023-06-25,Susu Kental Manis,Produk Susu,2,12000,24000,245
2023-10-18,Teh Botol,Minuman,6,5000,30000,85
2024-12-03,Telur Ayam,Sembako,8,30000,240000,455
2025-09-16,Minuman Isotonik,Minuman,10,8500,85000,317
2025-06-16,Ramen Pedas,Makanan Instan,16,7000,112000,460
2023-05-18,Kopi Sachet,Minuman,5,2500,12500,364
2023-08-24,Indomie Soto,Makanan Instan,1,3500,3500,158
2024-12-03,Kopi Botol,Minuman,11,7000,77000,275
2023-12-03,Kacang Panggang,Snack,15,10000,150000,133
2024-05-14,Coklat Batang,Snack,9,11000,99000,225
2023-11-24,Jus Kotak,Minuman,6,7000,42000,518
2025-05-23,Jus Kotak,Minuman,10,7000,70000,508
2025-04-09,Keju Slice,Produk Susu,13,18000,234000,392
2025-06-04,Beras Medium,Sembako,8,65000,520000,199
2024-02-09,Coklat Batang,Snack,10,11000,110000,215
2025-03-07,Susu Kental Manis,Produk Susu,3,12000,36000,242
2024-07-24,Minyak Goreng,Sembako,15,28000,420000,140
2023-05-09,Keju Slice,Produk Susu,10,18000,180000,382
2024-01-18,Ramen Pedas,Makanan Instan,7,7000,49000,453
2025-07-26,Minyak Goreng,Sembako,5,28000,140000,135
2025-09-29,Kacang Panggang,Snack,12,10000,120000,121
2025-03-06,Keripik Kentang,Snack,14,12000,168000,86
2023-08-22,Biskuit Coklat,Snack,6,9000,54000,616
2025-07-26,Teh Celup,Minuman,12,8000,96000,355
2024-09-01,Teh Botol,Minuman,17,5000,85000,68
2023-06-23,Biskuit Coklat,Snack,11,9000,99000,605
2024-10-03,Beras Premium,Sembako,2,75000,150000,205
2023-08-28,Telur Ayam,Sembako,3,30000,90000,452
2023-10-17,Teh Celup,Minuman,9,8000,72000,346
2025-05-06,Susu UHT,Produk Susu,12,9000,108000,416
2025-02-24,Biskuit Coklat,Snack,9,9000,81000,596
2023-12-21,Air Mineral,Minuman,9,4000,36000,337
2025-09-29,Beras Medium,Sembako,7,65000,455000,192
2024-10-06,Beras Medium,Sembako,15,65000,975000,177
2023-04-20,Keripik Kentang,Snack,14,12000,168000,72
2023-01-20,Teh Celup,Minuman,8,8000,64000,338
2024-02-04,Beras Premium,Sembako,15,75000,1125000,190
2025-11-01,Jus Kotak,Minuman,15,7000,105000,493
2025-10-04,Susu Kental Manis,Produk Susu,11,12000,132000,231
2023-12-09,Air Mineral,Minuman,2,4000,8000,335
2023-03-05,Biskuit Coklat,Snack,13,9000,117000,583
2024-03-27,Sereal Sarapan,Produk Susu,5,25000,125000,515
2024-04-05,Tepung Terigu,Sembako,10,14000,140000,448
2025-07-25,Beras Medium,Sembako,14,65000,910000,163
2025-11-12,Jus Kotak,Minuman,3,7000,21000,490
2025-01-21,Tepung Terigu,Sembako,10,14000,140000,438
2025-06-22,Sereal Sarapan,Produk Susu,11,25000,275000,504
2023-07-29,Susu Kental Manis,Produk Susu,12,12000,144000,219
2024-05-21,Teh Botol,Minuman,5,5000,25000,63
2024-06-22,Yogurt Botol,Produk Susu,6,10000,60000,607
2023-08-29,Yogurt Botol,Produk Susu,13,10000,130000,594
2024-04-30,Keju Slice,Produk Susu,6,18000,108000,376
2024-12-19,Biskuit Coklat,Snack,16,9000,144000,567
2025-05-26,Keripik Kentang,Snack,5,12000,60000,67
2024-02-28,Keju Slice,Produk Susu,14,18000,252000,362
2023-05-02,Keju Slice,Produk Susu,10,18000,180000,352
2025-12-26,Teh Celup,Minuman,7,8000,56000,331
2024-08-22,Kopi Sachet,Minuman,7,2500,17500,357
2025-11-19,Tepung Terigu,Sembako,16,14000,224000,422
2025-04-22,Beras Premium,Sembako,16,75000,1200000,174
2023-09-17,Tepung Terigu,Sembako,12,14000,168000,410
2023-09-29,Kopi Botol,Minuman,4,7000,28000,271
2024-10-21,Beras Premium,Sembako,14,75000,1050000,160
2025-03-15,Sereal Sarapan,Produk Susu,10,25000,250000,494
2024-07-04,Biskuit Coklat,Snack,12,9000,108000,555
2025-07-14,Susu UHT,Produk Susu,3,9000,27000,413
2025-11-21,Susu UHT,Produk Susu,15,9000,135000,398
2025-01-25,Roti Tawar,Snack,12,15000,180000,244
2023-01-06,Kopi Sachet,Minuman,14,2500,35000,343
2023-07-10,Sereal Sarapan,Produk Susu,12,25000,300000,482
2025-01-03,Yogurt Botol,Produk Susu,15,10000,150000,579
2025-12-30,Keju Slice,Produk Susu,9,18000,162000,343
2024-03-09,Susu Kental Manis,Produk Susu,9,12000,108000,210
2024-08-03,Kopi Sachet,Minuman,8,2500,20000,335
2023-09-25,Biskuit Coklat,Snack,10,9000,90000,545
2025-09-20,Kopi Botol,Minuman,16,7000,112000,255
2023-04-10,Saus Sambal,Sembako,1,13000,13000,414
2025-07-30,Ramen Pedas,Makanan Instan,2,7000,14000,451
2023-11-20,Kecap Manis,Sembako,8,15000,120000,372
2023-01-02,Yogurt Botol,Produk Susu,7,10000,70000,572
2023-09-28,Minyak Goreng,Sembako,15,28000,420000,120
2024-09-10,Wafer Coklat,Snack,4,8000,32000,172
2025-01-08,Mie Ayam Instan,Makanan Instan,6,4000,24000,69
2023-12-05,Teh Celup,Minuman,1,8000,8000,330
2024-09-17,Susu UHT,Produk Susu,14,9000,126000,384
2024-04-24,Sereal Sarapan,Produk Susu,9,25000,225000,473
2023-07-14,Mie Ayam Instan,Makanan Instan,1,4000,4000,68
2025-09-03,Minyak Goreng,Sembako,4,28000,112000,116
2024-04-08,Biskuit Coklat,Snack,11,9000,99000,534
2023-01-20,Yogurt Botol,Produk Susu,1,10000,10000,571
2024-12-04,Roti Tawar,Snack,14,15000,210000,230
2025-05-14,Kopi Botol,Minuman,14,7000,98000,241
2023-05-26,Air Mineral,Minuman,4,4000,16000,331
2023-07-02,Susu UHT,Produk Susu,12,9000,108000,372
2023-07-29,Keju Slice,Produk Susu,2,18000,36000,341
2025-01-22,Kopi Sachet,Minuman,18,2500,45000,317
2025-02-22,Beras Premium,Sembako,15,75000,1125000,145
2023-10-20,Wafer Coklat,Snack,2,8000,16000,170
2023-01-18,Minuman Isotonik,Minuman,10,8500,85000,307
2023-12-03,Wafer Coklat,Snack,8,8000,64000,162
2024-03-12,Teh Celup,Minuman,13,8000,104000,317
2025-04-23,Beras Premium,Sembako,14,75000,1050000,131
2024-03-20,Kopi Botol,Minuman,2,7000,14000,239
2023-09-10,Beras Premium,Sembako,10,75000,750000,121
2025-02-25,Coklat Batang,Snack,10,11000,110000,205
2023-10-14,Kopi Sachet,Minuman,4,2500,10000,313
2023-06-22,Tepung Terigu,Sembako,4,14000,56000,406
2024-08-06,Jus Kotak,Minuman,15,7000,105000,475
2024-09-09,Indomie Goreng,Makanan Instan,6,3500,21000,405
2025-11-09,Keripik Kentang,Snack,8,12000,96000,59
2023-04-22,Telur Ayam,Sembako,13,30000,390000,439
2024-05-05,Saus Sambal,Sembako,9,13000,117000,405
2024-05-08,Ramen Pedas,Makanan Instan,10,7000,70000,441
2023-05-26,Keripik Kentang,Snack,9,12000,108000,50
2023-01-25,Saus Sambal,Sembako,6,13000,78000,399
2024-10-10,Kecap Manis,Sembako,4,15000,60000,368
2025-05-11,Kopi Botol,Minuman,8,7000,56000,231
2025-08-22,Sereal Sarapan,Produk Susu,14,25000,350000,459
2023-05-19,Indomie Goreng,Makanan Instan,1,3500,3500,404
2024-03-17,Tepung Terigu,Sembako,1,14000,14000,405
2025-03-26,Keju Slice,Produk Susu,12,18000,216000,329
2025-10-23,Wafer Coklat,Snack,17,8000,136000,145
2025-04-03,Susu Kental Manis,Produk Susu,4,12000,48000,206
2023-06-21,Tepung Terigu,Sembako,5,14000,70000,400
2025-11-13,Mie Ayam Instan,Makanan Instan,17,4000,68000,51
2023-11-15,Keju Slice,Produk Susu,9,18000,162000,320
2025-03-11,Kopi Sachet,Minuman,11,2500,27500,302
2025-06-14,Telur Ayam,Sembako,14,30000,420000,425
2024-05-15,Indomie Soto,Makanan Instan,3,3500,10500,155
2025-07-17,Ramen Pedas,Makanan Instan,11,7000,77000,430
2023-12-26,Telur Ayam,Sembako,2,30000,60000,423
2023-10-09,Indomie Goreng,Makanan Instan,12,3500,42000,392
2023-12-02,Indomie Goreng,Makanan Instan,8,3500,28000,384
2025-12-07,Teh Celup,Minuman,12,8000,96000,305
2025-01-31,Beras Medium,Sembako,6,65000,390000,157
2023-08-30,Coklat Batang,Snack,13,11000,143000,192
2023-03-02,Saus Sambal,Sembako,6,13000,78000,393
2025-05-29,Keju Slice,Produk Susu,6,18000,108000,314
2023-06-07,Tepung Terigu,Sembako,8,14000,112000,392
2025-11-12,Yogurt Botol,Produk Susu,7,10000,70000,564
2023-12-08,Air Mineral,Minuman,6,4000,24000,325
2024-06-06,Beras Medium,Sembako,13,65000,845000,144
2023-08-25,Saus Sambal,Sembako,4,13000,52000,389
2025-11-08,Coklat Batang,Snack,2,11000,22000,190
2023-01-26,Kopi Botol,Minuman,4,7000,28000,227
2025-08-24,Indomie Soto,Makanan Instan,10,3500,35000,145
2023-11-04,Kecap Manis,Sembako,3,15000,45000,365
2023-03-14,Kecap Manis,Sembako,9,15000,135000,356
2025-05-08,Keju Slice,Produk Susu,7,18000,126000,307
2025-05-02,Gula Pasir,Sembako,18,16000,288000,138
2023-06-09,Tepung Terigu,Sembako,10,14000,140000,382
2023-09-02,Teh Celup,Minuman,9,8000,72000,296
2023-04-18,Kacang Panggang,Snack,3,10000,30000,118
2025-11-22,Gula Pasir,Sembako,5,16000,80000,133
2025-08-10,Mie Ayam Instan,Makanan Instan,17,4000,68000,730
2024-09-28,Kopi Botol,Minuman,6,7000,42000,221
2025-07-24,Jus Kotak,Minuman,4,7000,28000,471
2024-08-20,Minyak Goreng,Sembako,11,28000,308000,105
2024-05-11,Coklat Batang,Snack,9,11000,99000,181
2025-10-07,Biskuit Coklat,Snack,15,9000,135000,519
2024-05-17,Coklat Batang,Snack,3,11000,33000,178
2025-04-19,Kecap Manis,Sembako,3,15000,45000,353
2024-12-10,Jus Kotak,Minuman,13,7000,91000,458
2023-01-20,Saus Sambal,Sembako,6,13000,78000,383
2025-02-09,Indomie Goreng,Makanan Instan,17,3500,59500,367
2024-02-25,Ramen Pedas,Makanan Instan,9,7000,63000,421
2025-10-04,Susu Kental Manis,Produk Susu,3,12000,36000,203
2024-07-27,Roti Tawar,Snack,2,15000,30000,228
2024-04-19,Kecap Manis,Sembako,17,15000,255000,336
2025-02-01,Susu Kental Manis,Produk Susu,9,12000,108000,194
2023-07-15,Biskuit Coklat,Snack,9,9000,81000,510
2025-03-18,Beras Premium,Sembako,3,75000,225000,118
2023-09-25,Susu Kental Manis,Produk Susu,4,12000,48000,190
2024-06-18,Telur Ayam,Sembako,15,30000,450000,408
2025-03-15,Kecap Manis,Sembako,15,15000,225000,321
2025-07-16,Kopi Sachet,Minuman,7,2500,17500,295
2024-02-20,Mie Ayam Instan,Makanan Instan,5,4000,20000,725
2023-11-15,Ramen Pedas,Makanan Instan,2,7000,14000,419
2025-07-09,Beras Medium,Sembako,11,65000,715000,133
2023-09-05,Susu Kental Manis,Produk Susu,9,12000,108000,181
2024-03-01,Teh Celup,Minuman,9,8000,72000,287
2024-06-26,Yogurt Botol,Produk Susu,14,10000,140000,550
2023-11-19,Mie Ayam Instan,Makanan Instan,13,4000,52000,712
2024-09-15,Kacang Panggang,Snack,16,10000,160000,102
2023-03-24,Roti Tawar,Snack,4,15000,60000,224
2024-11-02,Teh Botol,Minuman,3,5000,15000,60
2024-05-23,Roti Tawar,Snack,7,15000,105000,217
2023-04-11,Minuman Isotonik,Minuman,11,8500,93500,296
2024-06-16,Telur Ayam,Sembako,14,30000,420000,394
2025-04-08,Indomie Goreng,Makanan Instan,18,3500,63000,349
2024-05-26,Jus Kotak,Minuman,3,7000,21000,455
2023-10-14,Ramen Pedas,Makanan Instan,2,7000,14000,417
2023-05-07,Indomie Goreng,Makanan Instan,14,3500,49000,335
2024-03-31,Sereal Sarapan,Produk Susu,3,25000,75000,456
2025-03-31,Teh Botol,Minuman,7,5000,35000,53
2024-06-14,Biskuit Coklat,Snack,15,9000,135000,495
2023-05-13,Indomie Goreng,Makanan Instan,4,3500,14000,331
2025-06-27,Saus Sambal,Sembako,15,13000,195000,368
2024-11-10,Mie Ayam Instan,Makanan Instan,2,4000,8000,710
2023-04-14,Yogurt Botol,Produk Susu,3,10000,30000,547
2025-06-06,Kecap Manis,Sembako,18,15000,270000,303
2023-03-02,Air Mineral,Minuman,7,4000,28000,318
2025-05-23,Kacang Panggang,Snack,6,10000,60000,96
2024-01-19,Minyak Goreng,Sembako,6,28000,168000,99
2023-11-01,Yogurt Botol,Produk Susu,1,10000,10000,546
2024-05-18,Keripik Kentang,Snack,12,12000,144000,593
2025-09-08,Susu Kental Manis,Produk Susu,2,12000,24000,179
2025-02-23,Tepung Terigu,Sembako,7,14000,98000,375
2025-12-12,Minyak Goreng,Sembako,5,28000,140000,94
2025-01-05,Susu UHT,Produk Susu,12,9000,108000,360
2025-10-25,Teh Celup,Minuman,10,8000,80000,277
2024-01-04,Tepung Terigu,Sembako,2,14000,28000,373
2024-03-24,Keripik Kentang,Snack,2,12000,24000,591
2025-08-24,Indomie Soto,Makanan Instan,12,3500,42000,133
2024-04-21,Sereal Sarapan,Produk Susu,3,25000,75000,453
2024-05-08,Gula Pasir,Sembako,7,16000,112000,126
2023-04-25,Teh Botol,Minuman,13,5000,65000,452
2025-03-06,Biskuit Coklat,Snack,8,9000,72000,487
2024-04-29,Beras Medium,Sembako,11,65000,715000,122
2025-01-04,Keju Slice,Produk Susu,16,18000,288000,291
2024-12-21,Roti Tawar,Snack,12,15000,180000,205
2024-01-21,Beras Premium,Sembako,15,75000,1125000,103
2024-09-24,Jus Kotak,Minuman,4,7000,28000,451
2023-07-04,Indomie Soto,Makanan Instan,1,3500,3500,132
2024-03-24,Gula Pasir,Sembako,3,16000,48000,123
2023-01-02,Air Mineral,Minuman,6,4000,24000,312
2024-02-17,Kecap Manis,Sembako,13,15000,195000,290
2023-12-30,Kopi Sachet,Minuman,15,2500,37500,280
2024-10-24,Keju Slice,Produk Susu,1,18000,18000,290
2023-10-18,Beras Premium,Sembako,13,75000,975000,90
2025-12-13,Ramen Pedas,Makanan Instan,17,7000,119000,400
2025-02-04,Mie Ayam Instan,Makanan Instan,16,4000,64000,694
2023-07-26,Biskuit Coklat,Snack,6,9000,54000,481
2024-10-22,Telur Ayam,Sembako,3,30000,90000,391
2025-06-13,Coklat Batang,Snack,17,11000,187000,161
2024-10-11,Wafer Coklat,Snack,5,8000,40000,140
2024-12-31,Jus Kotak,Minuman,6,7000,42000,445
2023-12-26,Biskuit Coklat,Snack,7,9000,63000,474
2024-08-26,Telur Ayam,Sembako,3,30000,90000,388
2023-01-04,Coklat Batang,Snack,12,11000,132000,149
2025-03-12,Biskuit Coklat,Snack,15,9000,135000,459
2024-10-13,Beras Medium,Sembako,17,65000,1105000,105
2023-08-02,Gula Pasir,Sembako,15,16000,240000,108
2023-10-16,Air Mineral,Minuman,6,4000,24000,306
2023-06-09,Coklat Batang,Snack,4,11000,44000,145
2024-10-16,Teh Celup,Minuman,5,8000,40000,272
2023-07-01,Saus Sambal,Sembako,14,13000,182000,354
2024-11-18,Roti Tawar,Snack,8,15000,120000,197
2024-03-05,Tepung Terigu,Sembako,6,14000,84000,367
2024-12-18,Mie Ayam Instan,Makanan Instan,5,4000,20000,689
2023-01-03,Coklat Batang,Snack,1,11000,11000,144
2025-06-16,Susu UHT,Produk Susu,16,9000,144000,344
2025-04-27,Beras Medium,Sembako,12,65000,780000,93
2025-02-07,Teh Celup,Minuman,6,8000,48000,266
2024-04-06,Keju Slice,Produk Susu,4,18000,72000,286
2023-03-10,Mie Ayam Instan,Makanan Instan,5,4000,20000,684
2024-10-14,Indomie Goreng,Makanan Instan,5,3500,17500,326
2024-12-01,Mie Ayam Instan,Makanan Instan,4,4000,16000,680
2023-06-03,Beras Medium,Sembako,9,65000,585000,84
2023-07-10,Saus Sambal,Sembako,6,13000,78000,348
2025-09-15,Keripik Kentang,Snack,13,12000,156000,578
2023-12-04,Susu Kental Manis,Produk Susu,10,12000,120000,169
2025-06-08,Saus Sambal,Sembako,4,13000,52000,344
2024-11-09,Ramen Pedas,Makanan Instan,4,7000,28000,396
2024-06-27,Susu Kental Manis,Produk Susu,12,12000,144000,157
2024-05-01,Telur Ayam,Sembako,2,30000,60000,386
2025-10-02,Susu UHT,Produk Susu,4,9000,36000,340
2023-01-08,Teh Celup,Minuman,7,8000,56000,259
2024-08-26,Mie Ayam Instan,Makanan Instan,16,4000,64000,664
2025-09-10,Wafer Coklat,Snack,5,8000,40000,135
2024-02-28,Indomie Goreng,Makanan Instan,5,3500,17500,321
2023-06-17,Telur Ayam,Sembako,8,30000,240000,378
2023-08-25,Kopi Botol,Minuman,5,7000,35000,216
2025-03-25,Keju Slice,Produk Susu,12,18000,216000,274
2024-06-26,Saus Sambal,Sembako,4,13000,52000,340
2025-03-04,Jus Kotak,Minuman,6,7000,42000,439
2025-02-20,Saus Sambal,Sembako,8,13000,104000,332
2023-04-02,Yogurt Botol,Produk Susu,5,10000,50000,541
2025-08-10,Yogurt Botol,Produk Susu,7,10000,70000,534
2024-07-04,Teh Botol,Minuman,10,5000,50000,442
2023-07-18,Beras Premium,Sembako,2,75000,150000,88
2024-12-05,Kacang Panggang,Snack,15,10000,150000,81
2024-04-10,Susu Kental Manis,Produk Susu,9,12000,108000,148
2025-03-03,Teh Botol,Minuman,18,5000,90000,424
2025-08-30,Jus Kotak,Minuman,12,7000,84000,427
2024-09-04,Air Mineral,Minuman,3,4000,12000,303
2023-03-13,Saus Sambal,Sembako,9,13000,117000,323
2025-11-24,Biskuit Coklat,Snack,15,9000,135000,444
2025-07-08,Ramen Pedas,Makanan Instan,5,7000,35000,391
2024-01-30,Minyak Goreng,Sembako,3,28000,84000,91
2023-06-10,Susu Kental Manis,Produk Susu,11,12000,132000,137
2024-02-18,Susu Kental Manis,Produk Susu,16,12000,192000,121
2024-06-12,Beras Premium,Sembako,8,75000,600000,80
2023-05-18,Kecap Manis,Sembako,2,15000,30000,288
2025-03-24,Susu UHT,Produk Susu,12,9000,108000,328
2024-07-19,Kopi Botol,Minuman,10,7000,70000,206
2023-01-26,Kecap Manis,Sembako,13,15000,195000,275
2025-12-06,Roti Tawar,Snack,17,15000,255000,180
2025-04-28,Ramen Pedas,Makanan Instan,5,7000,35000,386
2023-07-25,Biskuit Coklat,Snack,15,9000,135000,429
2023-07-26,Ramen Pedas,Makanan Instan,13,7000,91000,373
2024-12-05,Telur Ayam,Sembako,16,30000,480000,362
2025-02-23,Tepung Terigu,Sembako,15,14000,210000,352
2025-08-26,Biskuit Coklat,Snack,3,9000,27000,426
2025-04-05,Tepung Terigu,Sembako,7,14000,98000,345
2025-03-21,Indomie Soto,Makanan Instan,18,3500,63000,114
2024-05-01,Roti Tawar,Snack,3,15000,45000,177
2024-07-04,Air Mineral,Minuman,16,4000,64000,287
2024-11-22,Indomie Goreng,Makanan Instan,15,3500,52500,306
2024-07-28,Telur Ayam,Sembako,15,30000,450000,347
2023-07-21,Kopi Botol,Minuman,14,7000,98000,192
2023-10-03,Gula Pasir,Sembako,5,16000,80000,103
2025-06-26,Coklat Batang,Snack,16,11000,176000,128
2025-05-03,Tepung Terigu,Sembako,11,14000,154000,334
2025-06-23,Minyak Goreng,Sembako,8,28000,224000,83
2025-09-19,Coklat Batang,Snack,16,11000,176000,112
2023-04-26,Teh Botol,Minuman,9,5000,45000,415
2023-11-22,Keju Slice,Produk Susu,2,18000,36000,272
2025-11-03,Telur Ayam,Sembako,9,30000,270000,338
2025-12-09,Sereal Sarapan,Produk Susu,16,25000,400000,437
2024-01-30,Beras Medium,Sembako,15,65000,975000,69
2023-04-29,Teh Botol,Minuman,4,5000,20000,411
2025-07-23,Indomie Soto,Makanan Instan,4,3500,14000,110
2024-02-12,Roti Tawar,Snack,6,15000,90000,171
2025-08-08,Teh Botol,Minuman,13,5000,65000,398
2023-09-11,Wafer Coklat,Snack,11,8000,88000,124
2024-05-10,Indomie Goreng,Makanan Instan,7,3500,24500,299
2025-07-02,Keripik Kentang,Snack,7,12000,84000,571
2024-12-17,Biskuit Coklat,Snack,6,9000,54000,420
2024-06-13,Teh Botol,Minuman,14,5000,70000,384
2024-08-06,Mie Ayam Instan,Makanan Instan,2,4000,8000,662
2023-11-30,Indomie Soto,Makanan Instan,14,3500,49000,96
2024-03-14,Biskuit Coklat,Snack,14,9000,126000,406
2024-04-06,Wafer Coklat,Snack,11,8000,88000,113
2025-04-18,Tepung Terigu,Sembako,10,14000,140000,324
2023-01-19,Kopi Botol,Minuman,8,7000,56000,184
2023-09-28,Kecap Manis,Sembako,11,15000,165000,264
2023-01-18,Beras Medium,Sembako,4,65000,260000,65
2024-09-17,Tepung Terigu,Sembako,14,14000,196000,310
2024-07-17,Wafer Coklat,Snack,8,8000,64000,105
2024-12-15,Kopi Botol,Minuman,9,7000,63000,175
2025-08-13,Minyak Goreng,Sembako,9,28000,252000,74
2023-07-29,Biskuit Coklat,Snack,1,9000,9000,405
2025-02-05,Minuman Isotonik,Minuman,12,8500,102000,284
2023-08-10,Telur Ayam,Sembako,8,30000,240000,330
2024-11-19,Mie Ayam Instan,Makanan Instan,7,4000,28000,655
2024-07-21,Kopi Sachet,Minuman,7,2500,17500,273
2024-09-03,Roti Tawar,Snack,4,15000,60000,167
2024-05-07,Minuman Isotonik,Minuman,15,8500,127500,269
2025-04-07,Keju Slice,Produk Susu,14,18000,252000,258
2023-10-14,Kacang Panggang,Snack,12,10000,120000,69
2025-10-15,Indomie Goreng,Makanan Instan,8,3500,28000,291
2025-05-07,Kecap Manis,Sembako,11,15000,165000,253
2023-03-14,Coklat Batang,Snack,10,11000,110000,102
2024-01-24,Roti Tawar,Snack,8,15000,120000,159
2024-03-31,Roti Tawar,Snack,13,15000,195000,146
2025-09-01,Wafer Coklat,Snack,18,8000,144000,87
2024-09-06,Minuman Isotonik,Minuman,14,8500,119000,255
2024-01-06,Teh Botol,Minuman,5,5000,25000,379
2023-09-20,Air Mineral,Minuman,12,4000,48000,275
2024-01-10,Tepung Terigu,Sembako,12,14000,168000,298
2023-07-02,Wafer Coklat,Snack,4,8000,32000,83
2024-04-02,Teh Celup,Minuman,13,8000,104000,246
2024-11-09,Susu Kental Manis,Produk Susu,7,12000,84000,114
2024-08-25,Biskuit Coklat,Snack,8,9000,72000,397
2023-04-20,Air Mineral,Minuman,14,4000,56000,261
2023-05-26,Wafer Coklat,Snack,8,8000,64000,75
2024-02-03,Saus Sambal,Sembako,9,13000,117000,314
2025-02-20,Kopi Botol,Minuman,12,7000,84000,163
2023-04-21,Susu Kental Manis,Produk Susu,14,12000,168000,100
2023-11-05,Kopi Botol,Minuman,3,7000,21000,160
2024-12-02,Minyak Goreng,Sembako,9,28000,252000,65
2025-07-26,Saus Sambal,Sembako,6,13000,78000,308
2024-01-05,Kopi Botol,Minuman,13,7000,91000,147
2024-11-12,Air Mineral,Minuman,11,4000,44000,250
2023-04-29,Kopi Sachet,Minuman,1,2500,2500,272
2024-07-14,Yogurt Botol,Produk Susu,4,10000,40000,530
2023-11-21,Biskuit Coklat,Snack,8,9000,72000,389
2023-06-30,Keju Slice,Produk Susu,3,18000,54000,255
2025-06-07,Keripik Kentang,Snack,15,12000,180000,556
2025-05-28,Susu UHT,Produk Susu,12,9000,108000,316
2023-03-19,Indomie Goreng,Makanan Instan,9,3500,31500,282
2025-02-03,Minyak Goreng,Sembako,4,28000,112000,61
2025-12-23,Sereal Sarapan,Produk Susu,5,25000,125000,432
2023-01-09,Kacang Panggang,Snack,11,10000,110000,58
2024-05-24,Coklat Batang,Snack,6,11000,66000,96
2024-12-06,Saus Sambal,Sembako,5,13000,65000,303
2025-02-24,Ramen Pedas,Makanan Instan,12,7000,84000,361
2023-05-14,Beras Medium,Sembako,14,65000,910000,51
2024-09-02,Indomie Soto,Makanan Instan,6,3500,21000,90
2025-12-01,Coklat Batang,Snack,13,11000,143000,83
2023-10-02,Susu Kental Manis,Produk Susu,6,12000,72000,94
2025-09-30,Saus Sambal,Sembako,8,13000,104000,295
2025-04-06,Beras Medium,Sembako,3,65000,195000,462
2023-09-26,Coklat Batang,Snack,4,11000,44000,79
2023-02-14,Coklat Batang,Snack,10,11000,110000,69
2023-12-13,Minuman Isotonik,Minuman,2,8500,17000,253
2023-03-18,Teh Celup,Minuman,7,8000,56000,239
2024-06-07,Saus Sambal,Sembako,15,13000,195000,280
2023-04-10,Keripik Kentang,Snack,10,12000,120000,546
2023-08-10,Indomie Soto,Makanan Instan,11,3500,38500,79
2023-02-10,Teh Botol,Minuman,1,5000,5000,378
2023-08-26,Roti Tawar,Snack,7,15000,105000,139
2025-02-17,Yogurt Botol,Produk Susu,5,10000,50000,525
2023-11-10,Air Mineral,Minuman,4,4000,16000,246
2023-01-20,Roti Tawar,Snack,5,15000,75000,134
2023-07-26,Susu Kental Manis,Produk Susu,11,12000,132000,83
2024-07-06,Minuman Isotonik,Minuman,12,8500,102000,241
2023-10-08,Roti Tawar,Snack,7,15000,105000,127
2023-08-03,Teh Botol,Minuman,9,5000,45000,369
2023-08-30,Coklat Batang,Snack,5,11000,55000,64
2023-08-06,Ramen Pedas,Makanan Instan,8,7000,56000,353
2024-02-14,Minyak Goreng,Sembako,14,28000,392000,614
2025-01-03,Minyak Goreng,Sembako,16,28000,448000,598
2023-11-25,Telur Ayam,Sembako,1,30000,30000,329
2025-10-13,Jus Kotak,Minuman,17,7000,119000,410
2025-09-11,Roti Tawar,Snack,8,15000,120000,119
2023-01-27,Indomie Goreng,Makanan Instan,11,3500,38500,271
2023-08-15,Mie Ayam Instan,Makanan Instan,14,4000,56000,641
2025-10-08,Biskuit Coklat,Snack,4,9000,36000,385
2025-11-13,Sereal Sarapan,Produk Susu,3,25000,75000,429
2024-06-08,Saus Sambal,Sembako,11,13000,143000,269
2024-08-29,Yogurt Botol,Produk Susu,6,10000,60000,519
2023-07-24,Indomie Soto,Makanan Instan,14,3500,49000,65
2023-03-22,Beras Medium,Sembako,14,65000,910000,448
2025-01-07,Telur Ayam,Sembako,16,30000,480000,313
2023-08-26,Susu Kental Manis,Produk Susu,2,12000,24000,81
2023-04-04,Kopi Botol,Minuman,1,7000,7000,146
2023-10-11,Kopi Botol,Minuman,11,7000,77000,135
2023-12-16,Wafer Coklat,Snack,6,8000,48000,69
2025-06-15,Teh Celup,Minuman,13,8000,104000,226
2023-07-10,Saus Sambal,Sembako,6,13000,78000,263
2024-12-02,Teh Botol,Minuman,3,5000,15000,366
2025-03-30,Susu UHT,Produk Susu,11,9000,99000,305
2025-02-28,Teh Botol,Minuman,16,5000,80000,350
2025-05-13,Keju Slice,Produk Susu,13,18000,234000,242
2023-09-29,Ramen Pedas,Makanan Instan,12,7000,84000,341
2023-05-01,Coklat Batang,Snack,14,11000,154000,50
2023-08-01,Beras Medium,Sembako,7,65000,455000,441
2025-09-15,Kecap Manis,Sembako,17,15000,255000,236
2025-02-16,Beras Medium,Sembako,16,65000,1040000,425
2023-03-01,Keripik Kentang,Snack,14,12000,168000,532
2023-09-25,Kacang Panggang,Snack,8,10000,80000,50
2025-09-26,Kecap Manis,Sembako,6,15000,90000,230
2023-04-05,Yogurt Botol,Produk Susu,2,10000,20000,517
2024-10-05,Tepung Terigu,Sembako,3,14000,42000,295
2025-12-10,Kopi Botol,Minuman,15,7000,105000,120
2024-11-23,Kacang Panggang,Snack,11,10000,110000,691
2023-07-15,Roti Tawar,Snack,7,15000,105000,112
2024-05-24,Kacang Panggang,Snack,9,10000,90000,682
2025-02-27,Kacang Panggang,Snack,4,10000,40000,678
2023-11-18,Indomie Goreng,Makanan Instan,9,3500,31500,262
2025-08-19,Kopi Botol,Minuman,18,7000,126000,102
2023-12-05,Kopi Botol,Minuman,2,7000,14000,100
2025-10-03,Sereal Sarapan,Produk Susu,8,25000,200000,421
2024-07-23,Kopi Sachet,Minuman,3,2500,7500,269
2025-02-14,Gula Pasir,Sembako,9,16000,144000,94
2025-07-29,Mie Ayam Instan,Makanan Instan,12,4000,48000,629
2025-10-17,Mie Ayam Instan,Makanan Instan,11,4000,44000,618
2025-10-15,Ramen Pedas,Makanan Instan,13,7000,91000,328
2025-04-06,Ramen Pedas,Makanan Instan,8,7000,56000,320
2023-01-01,Jus Kotak,Minuman,14,7000,98000,396
2024-09-15,Mie Ayam Instan,Makanan Instan,17,4000,68000,601
2024-02-28,Jus Kotak,Minuman,13,7000,91000,383
2024-11-29,Yogurt Botol,Produk Susu,6,10000,60000,511
2024-04-01,Teh Botol,Minuman,15,5000,75000,335
2025-08-26,Kopi Sachet,Minuman,15,2500,37500,254
2025-07-15,Roti Tawar,Snack,3,15000,45000,109
2024-03-30,Sereal Sarapan,Produk Susu,2,25000,50000,419
2024-08-20,Teh Celup,Minuman,11,8000,88000,215
2023-08-06,Teh Celup,Minuman,1,8000,8000,214
2023-12-03,Saus Sambal,Sembako,8,13000,104000,255
2025-04-18,Beras Premium,Sembako,5,75000,375000,75
2024-02-06,Keripik Kentang,Snack,4,12000,48000,528
2025-03-15,Kecap Manis,Sembako,8,15000,120000,222
2024-01-26,Teh Botol,Minuman,13,5000,65000,322
2025-04-28,Ramen Pedas,Makanan Instan,2,7000,14000,318
2025-07-11,Sereal Sarapan,Produk Susu,10,25000,250000,409
2023-01-09,Air Mineral,Minuman,9,4000,36000,237
2023-04-10,Coklat Batang,Snack,9,11000,99000,562
2025-09-16,Teh Botol,Minuman,17,5000,85000,305
2023-12-22,Roti Tawar,Snack,12,15000,180000,97
2023-09-20,Teh Botol,Minuman,2,5000,10000,303
2024-10-21,Susu UHT,Produk Susu,10,9000,90000,295
2024-05-23,Susu Kental Manis,Produk Susu,6,12000,72000,75
2024-08-25,Kopi Sachet,Minuman,8,2500,20000,246
2025-04-25,Beras Premium,Sembako,13,75000,975000,62
2024-10-04,Teh Botol,Minuman,14,5000,70000,289
2024-03-21,Kecap Manis,Sembako,4,15000,60000,218
2024-08-18,Keripik Kentang,Snack,12,12000,144000,516
2023-09-29,Kecap Manis,Sembako,12,15000,180000,206
2023-12-31,Wafer Coklat,Snack,9,8000,72000,60
2024-10-22,Jus Kotak,Minuman,12,7000,84000,371
2024-12-22,Sereal Sarapan,Produk Susu,10,25000,250000,399
2025-05-04,Biskuit Coklat,Snack,14,9000,126000,371
2025-05-15,Saus Sambal,Sembako,14,13000,182000,241
2023-08-07,Minuman Isotonik,Minuman,1,8500,8500,240
2023-10-25,Susu UHT,Produk Susu,1,9000,9000,294
2023-04-26,Kacang Panggang,Snack,4,10000,40000,674
2023-11-26,Tepung Terigu,Sembako,5,14000,70000,290
2024-05-28,Kacang Panggang,Snack,3,10000,30000,671
2024-08-27,Roti Tawar,Snack,6,15000,90000,91
2025-01-04,Indomie Soto,Makanan Instan,18,3500,63000,399
2024-04-04,Keripik Kentang,Snack,14,12000,168000,502
2025-03-07,Jus Kotak,Minuman,7,7000,49000,364
2023-04-07,Roti Tawar,Snack,15,15000,225000,76
2025-03-04,Susu UHT,Produk Susu,10,9000,90000,284
2023-04-21,Jus Kotak,Minuman,1,7000,7000,363
2024-05-29,Coklat Batang,Snack,6,11000,66000,556
2025-06-26,Kopi Botol,Minuman,16,7000,112000,84
2025-01-23,Kecap Manis,Sembako,15,15000,225000,191
2024-02-01,Sereal Sarapan,Produk Susu,6,25000,150000,393
2023-06-02,Beras Medium,Sembako,3,65000,195000,422
2025-11-18,Beras Medium,Sembako,6,65000,390000,416
2025-05-27,Indomie Soto,Makanan Instan,8,3500,28000,391
2023-11-26,Beras Premium,Sembako,10,75000,750000,52
2024-06-06,Kopi Botol,Minuman,2,7000,14000,82
2023-11-14,Yogurt Botol,Produk Susu,1,10000,10000,510
2024-10-22,Beras Premium,Sembako,10,75000,750000,738
2024-09-08,Kecap Manis,Sembako,10,15000,150000,181
2025-01-03,Jus Kotak,Minuman,5,7000,35000,358
2024-03-26,Minuman Isotonik,Minuman,5,8500,42500,235
2025-10-31,Mie Ayam Instan,Makanan Instan,7,4000,28000,594
2025-04-06,Jus Kotak,Minuman,5,7000,35000,353
2024-03-12,Gula Pasir,Sembako,12,16000,192000,82
2025-01-08,Kopi Sachet,Minuman,7,2500,17500,239
2025-12-22,Sereal Sarapan,Produk Susu,9,25000,225000,384
2024-12-09,Ramen Pedas,Makanan Instan,8,7000,56000,310
2024-05-14,Saus Sambal,Sembako,3,13000,39000,238
2024-10-19,Saus Sambal,Sembako,7,13000,91000,231
2024-06-09,Susu UHT,Produk Susu,11,9000,99000,273
2023-02-20,Telur Ayam,Sembako,15,30000,450000,298
2025-02-06,Minuman Isotonik,Minuman,13,8500,110500,222
2023-03-31,Air Mineral,Minuman,5,4000,20000,232
2024-01-30,Saus Sambal,Sembako,8,13000,104000,223
2023-07-16,Mie Ayam Instan,Makanan Instan,3,4000,12000,591
2025-12-28,Sereal Sarapan,Produk Susu,2,25000,50000,382
2024-03-12,Minyak Goreng,Sembako,16,28000,448000,582
2023-08-01,Susu Kental Manis,Produk Susu,4,12000,48000,71
2025-06-10,Jus Kotak,Minuman,12,7000,84000,341
2023-11-11,Coklat Batang,Snack,1,11000,11000,555
2024-11-10,Yogurt Botol,Produk Susu,1,10000,10000,509
2023-04-22,Mie Ayam Instan,Makanan Instan,3,4000,12000,588
2024-05-30,Keju Slice,Produk Susu,9,18000,162000,233
2024-04-11,Biskuit Coklat,Snack,16,9000,144000,355
2025-03-05,Susu Kental Manis,Produk Susu,12,12000,144000,59
2024-10-09,Susu Kental Manis,Produk Susu,2,12000,24000,57
2023-08-31,Kacang Panggang,Snack,9,10000,90000,662
2023-05-10,Indomie Goreng,Makanan Instan,13,3500,45500,249
2023-04-04,Coklat Batang,Snack,12,11000,132000,543
2023-05-29,Kopi Botol,Minuman,6,7000,42000,76
2025-10-26,Kecap Manis,Sembako,5,15000,75000,176
2024-09-09,Keju Slice,Produk Susu,10,18000,180000,223
2025-06-15,Telur Ayam,Sembako,11,30000,330000,287
2023-03-05,Teh Botol,Minuman,8,5000,40000,281
2025-12-28,Beras Medium,Sembako,6,65000,390000,410
2025-03-11,Coklat Batang,Snack,16,11000,176000,527
2023-10-23,Wafer Coklat,Snack,5,8000,40000,55
2025-02-03,Kacang Panggang,Snack,3,10000,30000,659
2023-03-27,Ramen Pedas,Makanan Instan,1,7000,7000,309
2025-03-18,Biskuit Coklat,Snack,10,9000,90000,345
2024-03-06,Telur Ayam,Sembako,14,30000,420000,273
2024-12-05,Saus Sambal,Sembako,5,13000,65000,218
2025-11-15,Saus Sambal,Sembako,5,13000,65000,213
2024-03-28,Beras Medium,Sembako,11,65000,715000,399
2023-08-23,Minyak Goreng,Sembako,3,28000,84000,579
2023-04-22,Kacang Panggang,Snack,14,10000,140000,645
2025-08-02,Sereal Sarapan,Produk Susu,12,25000,300000,370
2023-05-18,Telur Ayam,Sembako,5,30000,150000,268
2024-02-09,Ramen Pedas,Makanan Instan,14,7000,98000,295
2024-11-08,Air Mineral,Minuman,6,4000,24000,226
2024-04-25,Kacang Panggang,Snack,3,10000,30000,642
2023-05-23,Keripik Kentang,Snack,15,12000,180000,487
2024-10-12,Minyak Goreng,Sembako,9,28000,252000,570
2024-09-18,Kopi Sachet,Minuman,14,2500,35000,225
2025-01-16,Beras Premium,Sembako,16,75000,1200000,722
2023-12-12,Susu Kental Manis,Produk Susu,1,12000,12000,56
2024-05-19,Kopi Sachet,Minuman,13,2500,32500,212
2025-06-12,Roti Tawar,Snack,8,15000,120000,68
2024-11-10,Beras Premium,Sembako,16,75000,1200000,706
2025-07-01,Yogurt Botol,Produk Susu,9,10000,90000,500
2023-08-11,Air Mineral,Minuman,3,4000,12000,223
2023-06-17,Wafer Coklat,Snack,14,8000,112000,484
2023-10-14,Kopi Botol,Minuman,15,7000,105000,61
2024-02-07,Jus Kotak,Minuman,7,7000,49000,334
2023-06-06,Saus Sambal,Sembako,12,13000,156000,201
2023-02-08,Mie Ayam Instan,Makanan Instan,14,4000,56000,574
2023-03-05,Minuman Isotonik,Minuman,14,8500,119000,208
2025-04-09,Biskuit Coklat,Snack,15,9000,135000,330
2023-03-17,Kecap Manis,Sembako,9,15000,135000,167
2025-08-24,Tepung Terigu,Sembako,13,14000,182000,277
2025-03-14,Teh Celup,Minuman,7,8000,56000,207
2025-08-09,Beras Premium,Sembako,10,75000,750000,696
2025-01-15,Susu UHT,Produk Susu,10,9000,90000,263
2024-05-04,Kacang Panggang,Snack,16,10000,160000,626
2023-12-06,Kacang Panggang,Snack,13,10000,130000,613
2023-10-15,Minuman Isotonik,Minuman,8,8500,68000,200
2024-01-02,Beras Medium,Sembako,12,65000,780000,387
2023-10-27,Kacang Panggang,Snack,12,10000,120000,601
2025-09-17,Coklat Batang,Snack,7,11000,77000,520
2025-09-25,Gula Pasir,Sembako,5,16000,80000,77
2025-01-26,Tepung Terigu,Sembako,5,14000,70000,272
2024-02-28,Kacang Panggang,Snack,10,10000,100000,591
2025-08-19,Susu UHT,Produk Susu,19,9000,171000,244
2023-04-06,Saus Sambal,Sembako,1,13000,13000,200
2024-10-25,Wafer Coklat,Snack,4,8000,32000,480
2024-07-14,Minuman Isotonik,Minuman,16,8500,136000,184
2023-12-23,Tepung Terigu,Sembako,7,14000,98000,265
2025-02-14,Wafer Coklat,Snack,7,8000,56000,473
2024-05-30,Minuman Isotonik,Minuman,7,8500,59500,177
2025-04-11,Minuman Isotonik,Minuman,9,8500,76500,168
2025-09-14,Air Mineral,Minuman,16,4000,64000,207
2023-10-12,Minuman Isotonik,Minuman,8,8500,68000,160
2024-04-16,Beras Medium,Sembako,4,65000,260000,383
2024-07-29,Wafer Coklat,Snack,4,8000,32000,469
2023-11-19,Beras Medium,Sembako,6,65000,390000,377
2023-08-31,Keripik Kentang,Snack,11,12000,132000,476
2025-04-29,Gula Pasir,Sembako,16,16000,256000,61
2023-08-21,Coklat Batang,Snack,8,11000,88000,512
2025-09-07,Kacang Panggang,Snack,10,10000,100000,581
2023-11-27,Biskuit Coklat,Snack,11,9000,99000,319
2025-04-21,Teh Botol,Minuman,3,5000,15000,278
2023-09-19,Indomie Soto,Makanan Instan,10,3500,35000,381
2023-11-26,Biskuit Coklat,Snack,3,9000,27000,316
2025-11-15,Wafer Coklat,Snack,3,8000,24000,466
2023-12-07,Indomie Soto,Makanan Instan,5,3500,17500,376
2024-01-04,Kecap Manis,Sembako,10,15000,150000,157
2023-02-08,Keripik Kentang,Snack,15,12000,180000,461
2024-08-03,Coklat Batang,Snack,2,11000,22000,510
2025-08-23,Yogurt Botol,Produk Susu,18,10000,180000,482
2024-03-25,Beras Medium,Sembako,15,65000,975000,362
2023-10-20,Keripik Kentang,Snack,13,12000,156000,448
2024-01-08,Biskuit Coklat,Snack,12,9000,108000,304
2024-06-25,Minuman Isotonik,Minuman,5,8500,42500,155
2024-12-02,Kacang Panggang,Snack,16,10000,160000,565
2023-05-21,Keripik Kentang,Snack,4,12000,48000,444
2025-02-28,Susu UHT,Produk Susu,4,9000,36000,240
2024-02-19,Indomie Goreng,Makanan Instan,11,3500,38500,238
2025-05-09,Kacang Panggang,Snack,16,10000,160000,549
2023-07-17,Keripik Kentang,Snack,3,12000,36000,441
2023-03-21,Air Mineral,Minuman,15,4000,60000,192
2025-12-24,Keju Slice,Produk Susu,10,18000,180000,213
2025-09-14,Mie Ayam Instan,Makanan Instan,13,4000,52000,561
2023-01-03,Saus Sambal,Sembako,15,13000,195000,185
2025-06-02,Sereal Sarapan,Produk Susu,13,25000,325000,357
2023-03-30,Teh Celup,Minuman,12,8000,96000,195
2025-05-28,Minuman Isotonik,Minuman,8,8500,68000,147
2025-02-19,Keju Slice,Produk Susu,7,18000,126000,206
2023-10-02,Susu Kental Manis,Produk Susu,5,12000,60000,51
2024-04-21,Air Mineral,Minuman,15,4000,60000,177
2025-04-16,Telur Ayam,Sembako,7,30000,210000,261
2023-01-15,Indomie Goreng,Makanan Instan,10,3500,35000,228
2023-08-30,Minuman Isotonik,Minuman,9,8500,76500,138
2025-02-07,Indomie Goreng,Makanan Instan,13,3500,45500,215
2024-10-08,Roti Tawar,Snack,8,15000,120000,60
2023-11-13,Ramen Pedas,Makanan Instan,7,7000,49000,288
2024-06-03,Wafer Coklat,Snack,7,8000,56000,459
2025-01-18,Susu Kental Manis,Produk Susu,13,12000,156000,686
2024-02-22,Susu UHT,Produk Susu,9,9000,81000,231
2025-09-15,Keju Slice,Produk Susu,6,18000,108000,200
2025-09-17,Jus Kotak,Minuman,8,7000,56000,326
2024-12-06,Biskuit Coklat,Snack,15,9000,135000,289
2023-10-10,Susu UHT,Produk Susu,14,9000,126000,217
2023-09-01,Kopi Botol,Minuman,12,7000,84000,466
2023-11-28,Yogurt Botol,Produk Susu,2,10000,20000,480
2025-11-07,Minyak Goreng,Sembako,10,28000,280000,560
2023-04-17,Keju Slice,Produk Susu,3,18000,54000,197
2023-01-11,Susu UHT,Produk Susu,13,9000,117000,204
2023-10-25,Mie Ayam Instan,Makanan Instan,8,4000,32000,553
2025-06-10,Kecap Manis,Sembako,3,15000,45000,154
2024-03-30,Tepung Terigu,Sembako,6,14000,84000,259
2023-03-19,Keripik Kentang,Snack,12,12000,144000,429
2025-03-31,Susu UHT,Produk Susu,13,9000,117000,191
2023-04-28,Roti Tawar,Snack,13,15000,195000,436
2025-10-09,Wafer Coklat,Snack,9,8000,72000,450
2025-11-27,Minyak Goreng,Sembako,7,28000,196000,553
2025-11-11,Indomie Soto,Makanan Instan,11,3500,38500,365
2023-12-14,Keripik Kentang,Snack,11,12000,132000,418
2025-01-06,Indomie Soto,Makanan Instan,5,3500,17500,360
2023-06-27,Beras Medium,Sembako,5,65000,325000,357
2025-03-29,Sereal Sarapan,Produk Susu,10,25000,250000,347
2024-02-15,Susu UHT,Produk Susu,9,9000,81000,182
2023-05-21,Coklat Batang,Snack,15,11000,165000,495
2024-08-05,Mie Ayam Instan,Makanan Instan,14,4000,56000,539
2024-12-13,Kecap Manis,Sembako,7,15000,105000,147
2024-02-03,Gula Pasir,Sembako,9,16000,144000,52
2023-01-10,Biskuit Coklat,Snack,5,9000,45000,284
2025-04-13,Beras Medium,Sembako,10,65000,650000,347
2023-05-29,Jus Kotak,Minuman,9,7000,63000,317
2024-11-27,Telur Ayam,Sembako,4,30000,120000,257
2024-05-27,Tepung Terigu,Sembako,13,14000,182000,246
2025-09-17,Susu UHT,Produk Susu,15,9000,135000,167
2024-11-26,Sereal Sarapan,Produk Susu,14,25000,350000,333
2025-08-01,Kacang Panggang,Snack,16,10000,160000,533
2023-08-27,Air Mineral,Minuman,5,4000,20000,172
2025-02-22,Mie Ayam Instan,Makanan Instan,13,4000,52000,526
2024-04-15,Kacang Panggang,Snack,14,10000,140000,519
2024-12-24,Susu Kental Manis,Produk Susu,11,12000,132000,675
2024-06-23,Indomie Goreng,Makanan Instan,5,3500,17500,210
2025-03-28,Mie Ayam Instan,Makanan Instan,14,4000,56000,512
2024-01-01,Mie Ayam Instan,Makanan Instan,9,4000,36000,503
2024-03-23,Teh Celup,Minuman,17,8000,136000,178
2024-01-10,Tepung Terigu,Sembako,14,14000,196000,232
2024-01-25,Kecap Manis,Sembako,10,15000,150000,137
2024-04-25,Minyak Goreng,Sembako,12,28000,336000,541
2024-06-27,Kopi Botol,Minuman,4,7000,28000,462
2024-05-26,Minyak Goreng,Sembako,16,28000,448000,525
2023-11-16,Teh Celup,Minuman,13,8000,104000,165
2023-09-03,Ramen Pedas,Makanan Instan,15,7000,105000,273
2025-10-05,Mie Ayam Instan,Makanan Instan,11,4000,44000,492
2023-03-28,Sereal Sarapan,Produk Susu,14,25000,350000,319
2025-01-30,Air Mineral,Minuman,13,4000,52000,159
2024-07-16,Air Mineral,Minuman,8,4000,32000,151
2025-11-12,Sereal Sarapan,Produk Susu,9,25000,225000,310
2023-09-20,Gula Pasir,Sembako,1,16000,16000,51
2025-05-16,Minuman Isotonik,Minuman,9,8500,76500,129
2024-12-12,Minuman Isotonik,Minuman,9,8500,76500,120
2023-12-24,Sereal Sarapan,Produk Susu,8,25000,200000,302
2025-11-27,Ramen Pedas,Makanan Instan,11,7000,77000,262
2023-01-18,Roti Tawar,Snack,1,15000,15000,435
2024-03-07,Kacang Panggang,Snack,9,10000,90000,510
2024-10-28,Ramen Pedas,Makanan Instan,8,7000,56000,254
2024-06-15,Kopi Botol,Minuman,5,7000,35000,457
2024-04-30,Tepung Terigu,Sembako,6,14000,84000,226
2024-12-03,Keripik Kentang,Snack,6,12000,72000,412
2025-05-18,Air Mineral,Minuman,8,4000,32000,143
2025-02-01,Roti Tawar,Snack,10,15000,150000,425
2025-07-12,Tepung Terigu,Sembako,5,14000,70000,221
2024-04-13,Biskuit Coklat,Snack,14,9000,126000,270
2024-07-06,Coklat Batang,Snack,13,11000,143000,482
2025-06-04,Jus Kotak,Minuman,18,7000,126000,299
2023-10-26,Minyak Goreng,Sembako,13,28000,364000,512
2023-11-03,Coklat Batang,Snack,8,11000,88000,474
2023-01-20,Keju Slice,Produk Susu,3,18000,54000,194
2025-10-20,Susu Kental Manis,Produk Susu,6,12000,72000,669
2025-09-23,Keju Slice,Produk Susu,8,18000,144000,186
2023-04-08,Jus Kotak,Minuman,7,7000,49000,292
2023-12-01,Ramen Pedas,Makanan Instan,1,7000,7000,253
2024-06-04,Minyak Goreng,Sembako,10,28000,280000,502
2025-07-10,Ramen Pedas,Makanan Instan,15,7000,105000,238
2025-01-09,Tepung Terigu,Sembako,9,14000,126000,212
2023-02-10,Teh Celup,Minuman,7,8000,56000,158
2024-12-20,Ramen Pedas,Makanan Instan,16,7000,112000,222
2024-02-12,Keripik Kentang,Snack,12,12000,144000,400
2023-12-24,Wafer Coklat,Snack,13,8000,104000,437
2024-12-28,Telur Ayam,Sembako,8,30000,240000,249
2025-09-25,Minuman Isotonik,Minuman,17,8500,144500,103
2023-06-10,Saus Sambal,Sembako,7,13000,91000,178
2024-08-09,Keripik Kentang,Snack,10,12000,120000,390
2023-12-10,Beras Premium,Sembako,11,75000,825000,685
2024-11-21,Keju Slice,Produk Susu,9,18000,162000,177
2025-04-08,Keripik Kentang,Snack,15,12000,180000,375
2023-11-28,Mie Ayam Instan,Makanan Instan,6,4000,24000,486
2024-10-04,Gula Pasir,Sembako,8,16000,128000,492
2024-07-01,Roti Tawar,Snack,12,15000,180000,413
2024-07-09,Susu UHT,Produk Susu,16,9000,144000,151
2025-01-13,Sereal Sarapan,Produk Susu,16,25000,400000,286
2023-12-09,Susu Kental Manis,Produk Susu,3,12000,36000,666
2023-02-17,Kopi Botol,Minuman,3,7000,21000,454
2024-04-25,Coklat Batang,Snack,12,11000,132000,462
2023-06-13,Coklat Batang,Snack,4,11000,44000,458
2025-03-24,Beras Medium,Sembako,3,65000,195000,344
2025-08-27,Mie Ayam Instan,Makanan Instan,10,4000,40000,476
2025-03-24,Indomie Goreng,Makanan Instan,10,3500,35000,200
2024-06-21,Ramen Pedas,Makanan Instan,10,7000,70000,212
2025-03-09,Mie Ayam Instan,Makanan Instan,7,4000,28000,469
2024-08-04,Gula Pasir,Sembako,10,16000,160000,482
2023-09-26,Beras Premium,Sembako,9,75000,675000,676
2023-12-16,Teh Botol,Minuman,1,5000,5000,277
2024-12-31,Indomie Soto,Makanan Instan,15,3500,52500,345
2025-09-02,Kopi Botol,Minuman,11,7000,77000,443
2025-06-30,Jus Kotak,Minuman,5,7000,35000,287
2025-07-24,Biskuit Coklat,Snack,15,9000,135000,255
2025-12-29,Minuman Isotonik,Minuman,8,8500,68000,95
2024-04-10,Air Mineral,Minuman,13,4000,52000,130
2024-09-22,Yogurt Botol,Produk Susu,7,10000,70000,473
2023-11-15,Tepung Terigu,Sembako,5,14000,70000,207
2023-01-01,Indomie Goreng,Makanan Instan,9,3500,31500,191
2023-10-07,Teh Botol,Minuman,6,5000,30000,271
2025-08-18,Telur Ayam,Sembako,10,30000,300000,239
2025-10-04,Roti Tawar,Snack,17,15000,255000,396
2023-01-19,Telur Ayam,Sembako,13,30000,390000,226
2024-08-22,Susu Kental Manis,Produk Susu,10,12000,120000,656
2023-01-15,Keju Slice,Produk Susu,9,18000,162000,168
2024-01-22,Teh Celup,Minuman,9,8000,72000,149
2025-03-19,Susu Kental Manis,Produk Susu,6,12000,72000,650
2025-03-09,Roti Tawar,Snack,18,15000,270000,378
2024-06-22,Gula Pasir,Sembako,3,16000,48000,479
2024-05-05,Wafer Coklat,Snack,11,8000,88000,426
2024-07-10,Keju Slice,Produk Susu,7,18000,126000,161
2025-12-25,Coklat Batang,Snack,16,11000,176000,442
2024-01-21,Susu Kental Manis,Produk Susu,14,12000,168000,636
2023-10-07,Beras Medium,Sembako,5,65000,325000,339
2025-07-21,Ramen Pedas,Makanan Instan,14,7000,98000,198
2025-10-04,Tepung Terigu,Sembako,7,14000,98000,200
2023-11-08,Indomie Goreng,Makanan Instan,1,3500,3500,190
2023-02-15,Jus Kotak,Minuman,3,7000,21000,284
2024-07-31,Ramen Pedas,Makanan Instan,5,7000,35000,193
2025-06-16,Roti Tawar,Snack,13,15000,195000,365
2023-07-04,Gula Pasir,Sembako,3,16000,48000,476
2025-10-07,Indomie Goreng,Makanan Instan,7,3500,24500,183
2024-09-30,Susu Kental Manis,Produk Susu,14,12000,168000,622
2025-08-07,Teh Celup,Minuman,13,8000,104000,136
2023-06-14,Kopi Sachet,Minuman,14,2500,35000,198
2023-10-27,Sereal Sarapan,Produk Susu,1,25000,25000,285
2025-03-14,Tepung Terigu,Sembako,6,14000,84000,194
2024-01-29,Beras Medium,Sembako,16,65000,1040000,323
2025-02-20,Teh Botol,Minuman,15,5000,75000,256
2024-05-24,Ramen Pedas,Makanan Instan,8,7000,56000,185
2023-03-10,Gula Pasir,Sembako,4,16000,64000,472
2023-07-12,Yogurt Botol,Produk Susu,9,10000,90000,464
2024-03-02,Kacang Panggang,Snack,9,10000,90000,501
2024-10-01,Kacang Panggang,Snack,16,10000,160000,485
2023-03-28,Beras Medium,Sembako,12,65000,780000,311
2025-12-02,Kecap Manis,Sembako,5,15000,75000,132
2024-09-03,Air Mineral,Minuman,5,4000,20000,125
2023-04-17,Saus Sambal,Sembako,14,13000,182000,164
2024-03-22,Kacang Panggang,Snack,2,10000,20000,483
2025-06-08,Wafer Coklat,Snack,7,8000,56000,419
2024-07-19,Beras Medium,Sembako,10,65000,650000,301
2024-05-12,Susu UHT,Produk Susu,1,9000,9000,150
2025-08-31,Biskuit Coklat,Snack,14,9000,126000,241
2023-07-03,Teh Celup,Minuman,4,8000,32000,132
2025-10-20,Beras Medium,Sembako,5,65000,325000,296
2023-05-03,Kecap Manis,Sembako,1,15000,15000,131
2023-11-12,Teh Celup,Minuman,12,8000,96000,120
2023-08-08,Jus Kotak,Minuman,3,7000,21000,281
2024-04-21,Air Mineral,Minuman,8,4000,32000,117
2024-12-12,Keju Slice,Produk Susu,14,18000,252000,147
2024-01-31,Coklat Batang,Snack,3,11000,33000,439
2025-01-03,Susu UHT,Produk Susu,14,9000,126000,136
2023-03-22,Tepung Terigu,Sembako,8,14000,112000,186
2025-06-15,Roti Tawar,Snack,12,15000,180000,353
2025-09-30,Jus Kotak,Minuman,6,7000,42000,275
2024-12-13,Jus Kotak,Minuman,8,7000,56000,267
2024-07-17,Yogurt Botol,Produk Susu,16,10000,160000,448
2023-11-25,Kecap Manis,Sembako,2,15000,30000,129
2023-11-14,Minuman Isotonik,Minuman,8,8500,68000,87
2024-06-23,Telur Ayam,Sembako,10,30000,300000,216
2023-01-02,Yogurt Botol,Produk Susu,13,10000,130000,435
2025-11-02,Wafer Coklat,Snack,9,8000,72000,410
2023-02-08,Saus Sambal,Sembako,10,13000,130000,154
2025-01-15,Kopi Botol,Minuman,15,7000,105000,428
2023-05-10,Kopi Sachet,Minuman,11,2500,27500,187
2025-03-04,Jus Kotak,Minuman,8,7000,56000,259
2023-11-12,Sereal Sarapan,Produk Susu,10,25000,250000,275
2024-10-22,Telur Ayam,Sembako,9,30000,270000,207
2023-08-15,Kopi Sachet,Minuman,2,2500,5000,185
2023-05-17,Minuman Isotonik,Minuman,1,8500,8500,86
2023-09-23,Teh Botol,Minuman,3,5000,15000,253
2023-03-06,Kopi Botol,Minuman,4,7000,28000,424
2025-09-21,Ramen Pedas,Makanan Instan,5,7000,35000,180
2025-03-06,Indomie Soto,Makanan Instan,15,3500,52500,330
2024-06-08,Minuman Isotonik,Minuman,2,8500,17000,84
2023-05-26,Gula Pasir,Sembako,1,16000,16000,471
2024-03-03,Kecap Manis,Sembako,12,15000,180000,117
2023-06-13,Kecap Manis,Sembako,8,15000,120000,109
2023-05-05,Keju Slice,Produk Susu,6,18000,108000,141
2025-05-01,Jus Kotak,Minuman,17,7000,119000,242
2023-04-30,Keju Slice,Produk Susu,14,18000,252000,127
2024-06-28,Keripik Kentang,Snack,9,12000,108000,366
2023-05-25,Coklat Batang,Snack,14,11000,154000,425
2023-06-09,Telur Ayam,Sembako,4,30000,120000,203
2023-07-18,Minuman Isotonik,Minuman,2,8500,17000,82
2024-04-18,Coklat Batang,Snack,10,11000,110000,415
2024-01-31,Minyak Goreng,Sembako,11,28000,308000,491
2024-01-02,Gula Pasir,Sembako,11,16000,176000,460
2025-04-30,Jus Kotak,Minuman,13,7000,91000,229
2025-01-03,Sereal Sarapan,Produk Susu,15,25000,375000,260
2025-05-24,Roti Tawar,Snack,16,15000,240000,337
2024-01-05,Beras Medium,Sembako,10,65000,650000,286
2024-11-22,Minuman Isotonik,Minuman,11,8500,93500,71
2025-06-26,Jus Kotak,Minuman,18,7000,126000,211
2024-10-07,Saus Sambal,Sembako,10,13000,130000,144
2025-01-31,Kopi Botol,Minuman,11,7000,77000,413
2024-10-24,Teh Botol,Minuman,10,5000,50000,243
2024-03-14,Biskuit Coklat,Snack,9,9000,81000,232
2024-06-04,Kecap Manis,Sembako,7,15000,105000,102
2025-03-24,Yogurt Botol,Produk Susu,2,10000,20000,433
2023-02-03,Telur Ayam,Sembako,9,30000,270000,194
2024-09-10,Beras Premium,Sembako,2,75000,150000,674
2024-03-15,Gula Pasir,Sembako,15,16000,240000,445
2024-07-19,Indomie Goreng,Makanan Instan,17,3500,59500,166
2023-11-13,Minuman Isotonik,Minuman,2,8500,17000,69
2025-07-31,Indomie Soto,Makanan Instan,8,3500,28000,322
2024-06-26,Beras Premium,Sembako,8,75000,600000,666
2024-04-22,Gula Pasir,Sembako,6,16000,96000,439
2025-03-29,Mie Ayam Instan,Makanan Instan,12,4000,48000,457
2023-06-08,Coklat Batang,Snack,12,11000,132000,403
2025-09-15,Kopi Sachet,Minuman,7,2500,17500,178
2023-07-15,Teh Botol,Minuman,10,5000,50000,233
2024-09-07,Wafer Coklat,Snack,3,8000,24000,407
2025-02-20,Keju Slice,Produk Susu,3,18000,54000,124
2024-11-15,Kecap Manis,Sembako,7,15000,105000,95
2023-09-04,Susu Kental Manis,Produk Susu,14,12000,168000,608
2024-04-09,Sereal Sarapan,Produk Susu,14,25000,350000,246
2023-01-24,Kopi Botol,Minuman,11,7000,77000,402
2025-02-22,Sereal Sarapan,Produk Susu,4,25000,100000,242
2023-03-26,Minuman Isotonik,Minuman,6,8500,51000,63
2023-11-03,Jus Kotak,Minuman,6,7000,42000,205
2024-03-28,Minuman Isotonik,Minuman,3,8500,25500,60
2025-03-15,Kacang Panggang,Snack,9,10000,90000,474
2025-06-03,Gula Pasir,Sembako,9,16000,144000,430
2023-09-28,Beras Premium,Sembako,6,75000,450000,660
2025-09-01,Mie Ayam Instan,Makanan Instan,11,4000,44000,446
2025-03-28,Jus Kotak,Minuman,6,7000,42000,199
2025-10-24,Susu UHT,Produk Susu,9,9000,81000,127
2023-10-04,Sereal Sarapan,Produk Susu,8,25000,200000,234
2024-02-10,Jus Kotak,Minuman,9,7000,63000,190
2024-02-06,Wafer Coklat,Snack,11,8000,88000,396
2025-12-09,Coklat Batang,Snack,6,11000,66000,397
2024-06-29,Mie Ayam Instan,Makanan Instan,14,4000,56000,432
2023-07-03,Kopi Sachet,Minuman,2,2500,5000,176
2025-04-27,Kacang Panggang,Snack,10,10000,100000,464
2024-01-26,Teh Celup,Minuman,7,8000,56000,113
2023-02-19,Keripik Kentang,Snack,13,12000,156000,353
2023-12-13,Telur Ayam,Sembako,6,30000,180000,188
2025-06-24,Keripik Kentang,Snack,12,12000,144000,341
2023-04-02,Yogurt Botol,Produk Susu,15,10000,150000,418
2024-04-23,Teh Botol,Minuman,6,5000,30000,227
2023-11-16,Teh Celup,Minuman,13,8000,104000,100
2023-06-25,Coklat Batang,Snack,2,11000,22000,395
2023-04-22,Coklat Batang,Snack,4,11000,44000,391
2023-10-30,Keripik Kentang,Snack,14,12000,168000,327
2024-08-12,Teh Botol,Minuman,2,5000,10000,225
2023-08-16,Roti Tawar,Snack,5,15000,75000,332
2025-08-22,Yogurt Botol,Produk Susu,4,10000,40000,414
2024-03-09,Minyak Goreng,Sembako,6,28000,168000,485
2024-06-13,Minuman Isotonik,Minuman,10,8500,85000,50
2023-10-17,Keripik Kentang,Snack,12,12000,144000,315
2023-02-07,Roti Tawar,Snack,7,15000,105000,325
2025-12-14,Biskuit Coklat,Snack,4,9000,36000,228
2023-05-04,Beras Medium,Sembako,5,65000,325000,281
2024-07-09,Minyak Goreng,Sembako,2,28000,56000,483
2023-01-18,Wafer Coklat,Snack,2,8000,16000,394
2024-07-09,Susu UHT,Produk Susu,13,9000,117000,114
2023-08-09,Teh Celup,Minuman,1,8000,8000,99
2025-03-02,Telur Ayam,Sembako,8,30000,240000,180
2023-07-23,Minuman Isotonik,Minuman,15,8500,127500,496
2025-12-24,Air Mineral,Minuman,4,4000,16000,113
2025-10-22,Minyak Goreng,Sembako,9,28000,252000,474
2024-05-21,Indomie Soto,Makanan Instan,17,3500,59500,305
2024-11-14,Telur Ayam,Sembako,9,30000,270000,171
2023-11-18,Coklat Batang,Snack,1,11000,11000,390
2024-12-21,Teh Celup,Minuman,8,8000,64000,91
2024-04-28,Telur Ayam,Sembako,10,30000,300000,161
2023-05-07,Keju Slice,Produk Susu,11,18000,198000,113
2025-03-03,Tepung Terigu,Sembako,16,14000,224000,170
2024-07-27,Jus Kotak,Minuman,4,7000,28000,186
2025-03-15,Kopi Sachet,Minuman,13,2500,32500,163
2025-02-21,Mie Ayam Instan,Makanan Instan,11,4000,44000,421
2024-05-07,Susu Kental Manis,Produk Susu,10,12000,120000,598
2024-10-01,Susu Kental Manis,Produk Susu,17,12000,204000,581
2025-07-08,Kopi Sachet,Minuman,11,2500,27500,152
2023-10-11,Minyak Goreng,Sembako,10,28000,280000,464
2024-02-19,Jus Kotak,Minuman,14,7000,98000,172
2025-12-08,Telur Ayam,Sembako,17,30000,510000,144
2023-10-25,Susu Kental Manis,Produk Susu,11,12000,132000,570
2023-11-20,Kecap Manis,Sembako,6,15000,90000,89
2025-12-27,Mie Ayam Instan,Makanan Instan,13,4000,52000,408
2024-10-12,Beras Medium,Sembako,14,65000,910000,267
2023-03-02,Coklat Batang,Snack,13,11000,143000,377
2025-04-27,Kopi Sachet,Minuman,10,2500,25000,142
2024-07-14,Yogurt Botol,Produk Susu,3,10000,30000,411
2023-09-27,Ramen Pedas,Makanan Instan,3,7000,21000,177
2024-06-30,Indomie Goreng,Makanan Instan,12,3500,42000,154
2024-04-17,Keripik Kentang,Snack,10,12000,120000,305
2023-02-23,Gula Pasir,Sembako,6,16000,96000,424
2025-09-03,Mie Ayam Instan,Makanan Instan,7,4000,28000,401
2025-02-04,Roti Tawar,Snack,7,15000,105000,318
2025-08-28,Air Mineral,Minuman,5,4000,20000,108
2024-04-08,Minyak Goreng,Sembako,2,28000,56000,462
2023-01-31,Sereal Sarapan,Produk Susu,15,25000,375000,219
2025-04-25,Tepung Terigu,Sembako,6,14000,84000,164
2024-02-23,Sereal Sarapan,Produk Susu,2,25000,50000,217
2025-06-18,Kecap Manis,Sembako,18,15000,270000,71
2024-10-27,Roti Tawar,Snack,15,15000,225000,303
2024-05-20,Saus Sambal,Sembako,8,13000,104000,136
2023-03-27,Sereal Sarapan,Produk Susu,10,25000,250000,207
2025-02-18,Coklat Batang,Snack,15,11000,165000,362
2025-12-11,Susu UHT,Produk Susu,12,9000,108000,102
2023-08-12,Minuman Isotonik,Minuman,8,8500,68000,488
2023-03-28,Yogurt Botol,Produk Susu,15,10000,150000,396
2025-11-28,Gula Pasir,Sembako,13,16000,208000,411
2023-03-22,Coklat Batang,Snack,9,11000,99000,353
2025-11-23,Susu UHT,Produk Susu,14,9000,126000,88
2024-08-19,Minyak Goreng,Sembako,9,28000,252000,453
2024-09-15,Saus Sambal,Sembako,14,13000,182000,122
2023-12-07,Yogurt Botol,Produk Susu,7,10000,70000,389
2023-04-22,Telur Ayam,Sembako,12,30000,360000,132
2023-10-19,Minuman Isotonik,Minuman,8,8500,68000,480
2025-07-14,Teh Botol,Minuman,3,5000,15000,222
2023-10-05,Beras Medium,Sembako,7,65000,455000,260
2024-10-24,Susu Kental Manis,Produk Susu,8,12000,96000,562
2025-07-18,Beras Medium,Sembako,12,65000,780000,248
2025-07-20,Saus Sambal,Sembako,5,13000,65000,117
2023-12-02,Kopi Sachet,Minuman,12,2500,30000,130
2023-09-11,Coklat Batang,Snack,2,11000,22000,351
2025-07-09,Ramen Pedas,Makanan Instan,14,7000,98000,163
2025-12-08,Mie Ayam Instan,Makanan Instan,16,4000,64000,385
2025-11-13,Coklat Batang,Snack,12,11000,132000,339
2025-02-18,Susu UHT,Produk Susu,3,9000,27000,85
2024-11-17,Kecap Manis,Sembako,12,15000,180000,59
2023-11-04,Kopi Botol,Minuman,3,7000,21000,399
2023-10-24,Kopi Botol,Minuman,3,7000,21000,396
2023-04-16,Sereal Sarapan,Produk Susu,7,25000,175000,200
2024-09-25,Telur Ayam,Sembako,13,30000,390000,119
2024-01-06,Telur Ayam,Sembako,2,30000,60000,117
2023-01-08,Minyak Goreng,Sembako,10,28000,280000,443
2024-06-02,Sereal Sarapan,Produk Susu,2,25000,50000,198
2025-10-18,Air Mineral,Minuman,10,4000,40000,98
2025-10-07,Keripik Kentang,Snack,6,12000,72000,299
2025-09-01,Biskuit Coklat,Snack,12,9000,108000,216
2023-06-12,Yogurt Botol,Produk Susu,10,10000,100000,379
2023-01-14,Keripik Kentang,Snack,4,12000,48000,295
2024-07-23,Saus Sambal,Sembako,12,13000,156000,105
2024-03-01,Jus Kotak,Minuman,1,7000,7000,171
2023-04-23,Beras Premium,Sembako,11,75000,825000,649
2023-03-17,Teh Celup,Minuman,3,8000,24000,88
2023-03-08,Kopi Botol,Minuman,11,7000,77000,385
2024-09-03,Biskuit Coklat,Snack,6,9000,54000,210
2023-08-12,Indomie Soto,Makanan Instan,7,3500,24500,298
2023-11-27,Beras Medium,Sembako,11,65000,715000,237
2023-12-30,Telur Ayam,Sembako,8,30000,240000,109
2025-01-07,Coklat Batang,Snack,16,11000,176000,323
2024-09-04,Mie Ayam Instan,Makanan Instan,7,4000,28000,378
2025-02-15,Saus Sambal,Sembako,15,13000,195000,90
2025-05-25,Sereal Sarapan,Produk Susu,15,25000,375000,183
2025-08-22,Telur Ayam,Sembako,4,30000,120000,105
2024-07-16,Roti Tawar,Snack,8,15000,120000,295
2025-12-10,Susu Kental Manis,Produk Susu,6,12000,72000,556
2023-04-30,Keripik Kentang,Snack,2,12000,24000,293
2025-12-19,Biskuit Coklat,Snack,6,9000,54000,204
2024-08-11,Coklat Batang,Snack,9,11000,99000,314
2024-10-10,Kopi Botol,Minuman,7,7000,49000,378
2024-12-25,Biskuit Coklat,Snack,15,9000,135000,189
2025-10-13,Keripik Kentang,Snack,13,12000,156000,280
2024-01-04,Air Mineral,Minuman,17,4000,68000,81
2024-08-17,Gula Pasir,Sembako,4,16000,64000,407
2023-02-19,Ramen Pedas,Makanan Instan,8,7000,56000,155
2023-08-30,Wafer Coklat,Snack,12,8000,96000,382
2024-02-29,Kopi Botol,Minuman,15,7000,105000,363
2025-04-27,Susu Kental Manis,Produk Susu,4,12000,48000,552
2024-03-10,Teh Celup,Minuman,3,8000,24000,85
2024-07-30,Minyak Goreng,Sembako,5,28000,140000,438
2024-09-06,Telur Ayam,Sembako,11,30000,330000,94
2023-01-13,Kopi Sachet,Minuman,2,2500,5000,128
2024-11-13,Kacang Panggang,Snack,7,10000,70000,457
2023-03-01,Coklat Batang,Snack,14,11000,154000,300
2024-02-02,Beras Medium,Sembako,7,65000,455000,230
2025-09-08,Kecap Manis,Sembako,19,15000,285000,358
2023-10-06,Wafer Coklat,Snack,8,8000,64000,374
2025-08-01,Beras Premium,Sembako,18,75000,1350000,631
2025-04-27,Yogurt Botol,Produk Susu,16,10000,160000,363
2025-12-03,Teh Botol,Minuman,8,5000,40000,214
2023-02-08,Jus Kotak,Minuman,4,7000,28000,167
2024-11-10,Biskuit Coklat,Snack,14,9000,126000,175
2023-11-02,Mie Ayam Instan,Makanan Instan,5,4000,20000,373
2023-03-05,Teh Botol,Minuman,6,5000,30000,208
2025-12-30,Susu UHT,Produk Susu,16,9000,144000,69
2025-03-08,Biskuit Coklat,Snack,4,9000,36000,171
2024-09-23,Kopi Botol,Minuman,13,7000,91000,350
2023-03-06,Roti Tawar,Snack,5,15000,75000,290
2023-06-27,Susu Kental Manis,Produk Susu,8,12000,96000,544
2024-05-01,Saus Sambal,Sembako,7,13000,91000,83
2024-09-11,Teh Botol,Minuman,6,5000,30000,202
2023-12-25,Telur Ayam,Sembako,2,30000,60000,92
2023-03-18,Teh Celup,Minuman,13,8000,104000,72
2023-07-09,Minyak Goreng,Sembako,8,28000,224000,430
2023-02-21,Minuman Isotonik,Minuman,13,8500,110500,467
2025-10-21,Air Mineral,Minuman,5,4000,20000,76
2025-09-17,Kopi Sachet,Minuman,15,2500,37500,113
2024-11-01,Sereal Sarapan,Produk Susu,3,25000,75000,180
2025-11-23,Teh Botol,Minuman,13,5000,65000,189
2023-03-16,Minyak Goreng,Sembako,8,28000,224000,422
2025-12-05,Susu UHT,Produk Susu,3,9000,27000,66
2023-04-01,Telur Ayam,Sembako,11,30000,330000,81
2023-06-28,Kopi Botol,Minuman,6,7000,42000,344
2023-04-05,Yogurt Botol,Produk Susu,2,10000,20000,361
2024-10-01,Minuman Isotonik,Minuman,3,8500,25500,464
2024-10-01,Sereal Sarapan,Produk Susu,11,25000,275000,169
2024-02-15,Kopi Sachet,Minuman,5,2500,12500,108
2025-12-26,Tepung Terigu,Sembako,10,14000,140000,154
2023-08-29,Kacang Panggang,Snack,5,10000,50000,452
2023-11-19,Beras Premium,Sembako,5,75000,375000,626
2023-02-01,Ramen Pedas,Makanan Instan,10,7000,70000,145
2025-11-18,Jus Kotak,Minuman,4,7000,28000,163
2024-12-18,Jus Kotak,Minuman,10,7000,70000,153
2023-10-17,Tepung Terigu,Sembako,12,14000,168000,142
2024-08-03,Keju Slice,Produk Susu,10,18000,180000,103
2023-05-26,Beras Medium,Sembako,5,65000,325000,225
2024-11-24,Keripik Kentang,Snack,10,12000,120000,270
2023-09-24,Indomie Soto,Makanan Instan,1,3500,3500,297
2023-04-14,Air Mineral,Minuman,2,4000,8000,74
2023-04-21,Susu UHT,Produk Susu,2,9000,18000,64
2025-03-13,Susu Kental Manis,Produk Susu,7,12000,84000,537
2024-12-29,Keripik Kentang,Snack,6,12000,72000,264
2024-02-10,Teh Botol,Minuman,14,5000,70000,175
2025-12-28,Keju Slice,Produk Susu,6,18000,108000,97
2023-09-27,Biskuit Coklat,Snack,2,9000,18000,169
2025-08-17,Teh Botol,Minuman,6,5000,30000,169
2025-08-11,Telur Ayam,Sembako,10,30000,300000,71
2023-10-22,Gula Pasir,Sembako,14,16000,224000,393
2024-06-12,Saus Sambal,Sembako,16,13000,208000,67
2024-01-11,Susu UHT,Produk Susu,14,9000,126000,50
2024-10-27,Kopi Sachet,Minuman,9,2500,22500,99
2023-05-14,Indomie Goreng,Makanan Instan,8,3500,28000,146
2024-12-20,Ramen Pedas,Makanan Instan,9,7000,63000,136
2023-12-16,Kopi Botol,Minuman,5,7000,35000,339
2024-12-14,Sereal Sarapan,Produk Susu,12,25000,300000,157
2025-11-06,Beras Premium,Sembako,6,75000,450000,620
2023-08-08,Teh Botol,Minuman,6,5000,30000,163
2023-05-26,Jus Kotak,Minuman,13,7000,91000,140
2025-12-27,Telur Ayam,Sembako,12,30000,360000,59
2025-04-26,Biskuit Coklat,Snack,6,9000,54000,163
2023-11-22,Jus Kotak,Minuman,8,7000,56000,132
2023-05-16,Susu UHT,Produk Susu,6,9000,54000,450
2025-06-01,Teh Botol,Minuman,17,5000,85000,146
2024-12-01,Biskuit Coklat,Snack,11,9000,99000,152
2023-12-21,Gula Pasir,Sembako,11,16000,176000,382
2023-06-09,Kacang Panggang,Snack,12,10000,120000,440
2025-09-23,Kecap Manis,Sembako,6,15000,90000,352
2023-07-19,Kopi Sachet,Minuman,14,2500,35000,85
2023-12-27,Yogurt Botol,Produk Susu,5,10000,50000,356
2023-05-23,Susu UHT,Produk Susu,10,9000,90000,440
2025-02-15,Ramen Pedas,Makanan Instan,10,7000,70000,126
2023-05-06,Wafer Coklat,Snack,2,8000,16000,372
2023-10-12,Minyak Goreng,Sembako,15,28000,420000,407
2023-01-01,Biskuit Coklat,Snack,13,9000,117000,139
2023-11-02,Beras Premium,Sembako,8,75000,600000,612
2024-08-19,Jus Kotak,Minuman,9,7000,63000,123
2025-07-04,Biskuit Coklat,Snack,6,9000,54000,133
2024-10-10,Kacang Panggang,Snack,7,10000,70000,433
2024-09-15,Keju Slice,Produk Susu,16,18000,288000,81
2024-12-06,Roti Tawar,Snack,4,15000,60000,286
2025-11-11,Indomie Goreng,Makanan Instan,9,3500,31500,137
2024-08-25,Kopi Botol,Minuman,2,7000,14000,337
2023-04-19,Saus Sambal,Sembako,1,13000,13000,66
2025-01-05,Roti Tawar,Snack,5,15000,75000,281
2023-03-05,Kopi Botol,Minuman,4,7000,28000,333
2025-03-18,Susu Kental Manis,Produk Susu,14,12000,168000,523
2025-02-22,Roti Tawar,Snack,11,15000,165000,270
2024-03-08,Susu Kental Manis,Produk Susu,11,12000,132000,512
2023-10-12,Air Mineral,Minuman,4,4000,16000,70
2025-02-26,Jus Kotak,Minuman,17,7000,119000,106
2025-05-04,Teh Botol,Minuman,6,5000,30000,140
2023-09-15,Kopi Botol,Minuman,3,7000,21000,330
2023-05-27,Indomie Goreng,Makanan Instan,11,3500,38500,126
2023-10-22,Indomie Goreng,Makanan Instan,12,3500,42000,114
2025-09-23,Saus Sambal,Sembako,15,13000,195000,51
2023-06-23,Beras Premium,Sembako,3,75000,225000,609
2025-05-01,Wafer Coklat,Snack,18,8000,144000,354
2025-05-21,Saus Sambal,Sembako,12,13000,156000,571
2025-05-18,Minuman Isotonik,Minuman,13,8500,110500,451
2024-12-28,Susu UHT,Produk Susu,4,9000,36000,436
2023-01-16,Susu Kental Manis,Produk Susu,10,12000,120000,502
2024-04-29,Air Mineral,Minuman,14,4000,56000,56
2025-04-21,Tepung Terigu,Sembako,18,14000,252000,124
2023-03-19,Indomie Soto,Makanan Instan,10,3500,35000,287
2025-01-24,Air Mineral,Minuman,6,4000,24000,50
2023-06-13,Roti Tawar,Snack,3,15000,45000,267
2025-12-14,Coklat Batang,Snack,17,11000,187000,283
2025-11-24,Yogurt Botol,Produk Susu,3,10000,30000,353
2025-08-25,Gula Pasir,Sembako,12,16000,192000,370
2024-10-01,Kacang Panggang,Snack,10,10000,100000,423
2024-12-04,Saus Sambal,Sembako,9,13000,117000,562
2025-07-18,Air Mineral,Minuman,13,4000,52000,630
2024-11-09,Coklat Batang,Snack,8,11000,88000,275
2024-08-26,Keju Slice,Produk Susu,5,18000,90000,76
2024-09-14,Indomie Soto,Makanan Instan,14,3500,49000,273
2023-05-06,Tepung Terigu,Sembako,11,14000,154000,113
2023-12-13,Air Mineral,Minuman,10,4000,40000,620
2024-08-20,Indomie Soto,Makanan Instan,15,3500,52500,258
2023-02-25,Keripik Kentang,Snack,5,12000,60000,259
2023-06-18,Air Mineral,Minuman,3,4000,12000,617
2023-06-07,Minuman Isotonik,Minuman,14,8500,119000,437
2024-07-23,Keju Slice,Produk Susu,5,18000,90000,71
2024-07-29,Keripik Kentang,Snack,6,12000,72000,253
2023-08-17,Indomie Goreng,Makanan Instan,10,3500,35000,104
2023-11-06,Beras Medium,Sembako,11,65000,715000,214
2025-01-27,Yogurt Botol,Produk Susu,15,10000,150000,338
2024-04-28,Tepung Terigu,Sembako,8,14000,112000,105
2025-12-16,Keju Slice,Produk Susu,15,18000,270000,56
2023-06-22,Kopi Sachet,Minuman,3,2500,7500,82
2023-11-12,Keripik Kentang,Snack,14,12000,168000,239
2025-04-25,Air Mineral,Minuman,17,4000,68000,600
2025-06-20,Gula Pasir,Sembako,14,16000,224000,356
2024-12-07,Minyak Goreng,Sembako,3,28000,84000,404
2023-08-26,Tepung Terigu,Sembako,1,14000,14000,104
2025-08-08,Beras Medium,Sembako,11,65000,715000,203
2025-09-02,Telur Ayam,Sembako,14,30000,420000,539
2025-03-09,Kacang Panggang,Snack,11,10000,110000,412
2025-12-22,Beras Premium,Sembako,18,75000,1350000,591
2024-08-14,Indomie Goreng,Makanan Instan,16,3500,56000,88
2024-10-08,Susu UHT,Produk Susu,11,9000,99000,425
2023-07-19,Indomie Soto,Makanan Instan,15,3500,52500,243
2024-12-25,Jus Kotak,Minuman,15,7000,105000,91
2024-07-12,Keripik Kentang,Snack,7,12000,84000,232
2023-07-21,Tepung Terigu,Sembako,5,14000,70000,99
2025-03-12,Wafer Coklat,Snack,10,8000,80000,344
2024-02-04,Coklat Batang,Snack,10,11000,110000,265
2024-01-04,Kacang Panggang,Snack,8,10000,80000,404
2023-01-18,Indomie Goreng,Makanan Instan,14,3500,49000,74
2023-01-25,Mie Ayam Instan,Makanan Instan,7,4000,28000,366
2025-12-11,Ramen Pedas,Makanan Instan,6,7000,42000,120
2024-03-25,Teh Celup,Minuman,13,8000,104000,59
2024-01-31,Tepung Terigu,Sembako,1,14000,14000,98
2023-07-08,Keripik Kentang,Snack,1,12000,12000,231
2024-03-20,Keripik Kentang,Snack,12,12000,144000,219
2023-09-03,Ramen Pedas,Makanan Instan,2,7000,14000,118
2023-09-24,Kopi Botol,Minuman,7,7000,49000,323
2024-01-14,Kacang Panggang,Snack,15,10000,150000,389
2024-01-13,Roti Tawar,Snack,6,15000,90000,261
2023-06-05,Yogurt Botol,Produk Susu,11,10000,110000,327
2024-07-20,Yogurt Botol,Produk Susu,14,10000,140000,313
2024-10-24,Roti Tawar,Snack,5,15000,75000,256
2023-06-01,Sereal Sarapan,Produk Susu,5,25000,125000,152
2023-05-08,Sereal Sarapan,Produk Susu,7,25000,175000,145
2024-11-12,Susu UHT,Produk Susu,2,9000,18000,423
2024-06-26,Teh Botol,Minuman,4,5000,20000,136
2025-10-04,Mie Ayam Instan,Makanan Instan,17,4000,68000,349
2025-03-15,Keripik Kentang,Snack,7,12000,84000,212
2023-10-22,Ramen Pedas,Makanan Instan,9,7000,63000,109
2025-06-02,Sereal Sarapan,Produk Susu,5,25000,125000,140
2025-06-23,Kecap Manis,Sembako,15,15000,225000,337
2023-03-13,Ramen Pedas,Makanan Instan,2,7000,14000,107
2024-05-28,Mie Ayam Instan,Makanan Instan,14,4000,56000,335
2025-10-16,Indomie Goreng,Makanan Instan,4,3500,14000,70
2023-03-19,Kecap Manis,Sembako,11,15000,165000,326
2024-06-29,Susu UHT,Produk Susu,5,9000,45000,418
2025-03-12,Kopi Sachet,Minuman,11,2500,27500,71
2025-10-01,Minuman Isotonik,Minuman,12,8500,102000,425
2023-05-24,Susu UHT,Produk Susu,9,9000,81000,409
2023-01-07,Gula Pasir,Sembako,7,16000,112000,349
2025-09-14,Roti Tawar,Snack,5,15000,75000,251
2024-09-12,Kopi Sachet,Minuman,7,2500,17500,64
2023-07-05,Wafer Coklat,Snack,6,8000,48000,338
2024-11-27,Jus Kotak,Minuman,3,7000,21000,88
2024-08-16,Sereal Sarapan,Produk Susu,11,25000,275000,129
2023-03-22,Beras Medium,Sembako,7,65000,455000,196
2024-01-27,Kacang Panggang,Snack,7,10000,70000,382
2023-08-07,Susu UHT,Produk Susu,11,9000,99000,398
2025-01-05,Roti Tawar,Snack,9,15000,135000,242
2025-06-15,Saus Sambal,Sembako,14,13000,182000,548
2023-03-15,Beras Premium,Sembako,4,75000,300000,587
2024-05-03,Indomie Goreng,Makanan Instan,9,3500,31500,61
2024-09-22,Mie Ayam Instan,Makanan Instan,10,4000,40000,325
2025-07-09,Teh Botol,Minuman,2,5000,10000,134
2023-04-25,Kopi Sachet,Minuman,6,2500,15000,58
2023-03-29,Keju Slice,Produk Susu,7,18000,126000,409
2025-12-07,Minyak Goreng,Sembako,10,28000,280000,394
2024-04-22,Coklat Batang,Snack,15,11000,165000,250
2023-10-17,Indomie Soto,Makanan Instan,8,3500,28000,235
2023-02-09,Wafer Coklat,Snack,8,8000,64000,330
2023-04-04,Kecap Manis,Sembako,4,15000,60000,322
2023-09-25,Roti Tawar,Snack,1,15000,15000,241
2023-04-13,Beras Medium,Sembako,15,65000,975000,181
2023-07-19,Telur Ayam,Sembako,8,30000,240000,531
2023-12-16,Keripik Kentang,Snack,14,12000,168000,198
2023-05-11,Biskuit Coklat,Snack,14,9000,126000,119
2023-08-06,Teh Botol,Minuman,2,5000,10000,132
2024-03-27,Air Mineral,Minuman,2,4000,8000,598
2024-11-21,Susu Kental Manis,Produk Susu,15,12000,180000,487
2025-04-03,Kacang Panggang,Snack,7,10000,70000,375
2023-10-09,Kacang Panggang,Snack,6,10000,60000,369
2024-03-12,Teh Botol,Minuman,13,5000,65000,119
2023-12-22,Biskuit Coklat,Snack,6,9000,54000,113
2023-09-05,Mie Ayam Instan,Makanan Instan,5,4000,20000,320
2025-04-30,Beras Premium,Sembako,6,75000,450000,581
2023-12-04,Jus Kotak,Minuman,8,7000,56000,80
2023-03-25,Gula Pasir,Sembako,3,16000,48000,346
2025-02-09,Ramen Pedas,Makanan Instan,15,7000,105000,92
2025-09-24,Indomie Goreng,Makanan Instan,3,3500,10500,58
2024-01-03,Indomie Goreng,Makanan Instan,15,3500,52500,704
2024-08-04,Wafer Coklat,Snack,9,8000,72000,321
2025-09-01,Keju Slice,Produk Susu,14,18000,252000,395
2023-10-21,Minyak Goreng,Sembako,11,28000,308000,383
2025-12-07,Tepung Terigu,Sembako,12,14000,168000,86
2023-12-24,Gula Pasir,Sembako,10,16000,160000,336
2023-03-19,Roti Tawar,Snack,10,15000,150000,231
2025-10-20,Beras Medium,Sembako,11,65000,715000,170
2024-09-08,Wafer Coklat,Snack,7,8000,56000,314
2024-04-27,Indomie Goreng,Makanan Instan,4,3500,14000,700
2023-07-15,Minuman Isotonik,Minuman,10,8500,85000,415
2025-11-05,Teh Celup,Minuman,8,8000,64000,51
2024-03-02,Sereal Sarapan,Produk Susu,5,25000,125000,124
2023-08-19,Minyak Goreng,Sembako,13,28000,364000,370
2025-08-29,Beras Premium,Sembako,10,75000,750000,571
2023-03-30,Beras Medium,Sembako,1,65000,65000,169
2025-01-15,Wafer Coklat,Snack,7,8000,56000,307
2024-05-29,Susu Kental Manis,Produk Susu,8,12000,96000,479
2025-07-17,Keju Slice,Produk Susu,2,18000,36000,393
2023-04-18,Coklat Batang,Snack,15,11000,165000,235
2023-12-27,Jus Kotak,Minuman,3,7000,21000,77
2023-03-01,Keju Slice,Produk Susu,8,18000,144000,385
2023-08-26,Minuman Isotonik,Minuman,2,8500,17000,413
2024-04-26,Saus Sambal,Sembako,13,13000,169000,535
2024-10-29,Biskuit Coklat,Snack,7,9000,63000,106
2024-10-29,Coklat Batang,Snack,4,11000,44000,231
2024-04-11,Kopi Sachet,Minuman,2,2500,5000,56
2025-04-24,Coklat Batang,Snack,16,11000,176000,215
2024-03-27,Susu UHT,Produk Susu,3,9000,27000,395
2025-09-19,Biskuit Coklat,Snack,5,9000,45000,101
2024-03-18,Beras Premium,Sembako,17,75000,1275000,554
2023-12-31,Yogurt Botol,Produk Susu,7,10000,70000,306
2023-10-07,Teh Celup,Minuman,8,8000,64000,711
2025-01-04,Minyak Goreng,Sembako,7,28000,196000,363
2023-09-18,Kopi Sachet,Minuman,1,2500,2500,55
2023-05-03,Roti Tawar,Snack,5,15000,75000,226
2023-08-16,Beras Premium,Sembako,14,75000,1050000,540
2025-07-28,Yogurt Botol,Produk Susu,9,10000,90000,297
2024-12-04,Sereal Sarapan,Produk Susu,5,25000,125000,119
2023-11-18,Keripik Kentang,Snack,13,12000,156000,185
2023-12-15,Keju Slice,Produk Susu,10,18000,180000,375
2024-04-15,Jus Kotak,Minuman,3,7000,21000,74
2025-12-04,Kopi Botol,Minuman,10,7000,70000,313
2025-08-27,Biskuit Coklat,Snack,18,9000,162000,83
2023-01-30,Tepung Terigu,Sembako,12,14000,168000,74
2024-05-20,Susu Kental Manis,Produk Susu,5,12000,60000,474
2024-03-31,Susu Kental Manis,Produk Susu,17,12000,204000,457
2023-01-11,Beras Premium,Sembako,7,75000,525000,533
2023-03-24,Indomie Soto,Makanan Instan,8,3500,28000,227
2025-10-29,Coklat Batang,Snack,5,11000,55000,210
2025-03-18,Minuman Isotonik,Minuman,9,8500,76500,404
2025-10-11,Yogurt Botol,Produk Susu,5,10000,50000,292
2023-01-26,Jus Kotak,Minuman,12,7000,84000,62
2025-04-12,Coklat Batang,Snack,6,11000,66000,204
2024-08-28,Teh Celup,Minuman,6,8000,48000,705
2023-02-02,Mie Ayam Instan,Makanan Instan,8,4000,32000,312
2024-09-16,Kacang Panggang,Snack,5,10000,50000,364
2023-02-19,Yogurt Botol,Produk Susu,8,10000,80000,284
2023-10-11,Yogurt Botol,Produk Susu,14,10000,140000,270
2025-04-10,Roti Tawar,Snack,6,15000,90000,220
2025-08-08,Wafer Coklat,Snack,13,8000,104000,294
2023-05-25,Kopi Botol,Minuman,7,7000,49000,306
2024-11-12,Saus Sambal,Sembako,9,13000,117000,526
2025-05-22,Telur Ayam,Sembako,16,30000,480000,515
2024-02-29,Roti Tawar,Snack,15,15000,225000,205
2024-11-18,Mie Ayam Instan,Makanan Instan,12,4000,48000,300
2025-01-15,Minuman Isotonik,Minuman,16,8500,136000,388
2025-02-23,Ramen Pedas,Makanan Instan,10,7000,70000,82
2023-03-25,Keripik Kentang,Snack,6,12000,72000,179
2023-12-25,Teh Celup,Minuman,11,8000,88000,694
2023-05-18,Jus Kotak,Minuman,9,7000,63000,53
2024-02-24,Roti Tawar,Snack,4,15000,60000,201
2023-08-21,Gula Pasir,Sembako,11,16000,176000,325
2024-03-05,Air Mineral,Minuman,15,4000,60000,583
2024-04-06,Sereal Sarapan,Produk Susu,7,25000,175000,112
2024-07-01,Saus Sambal,Sembako,11,13000,143000,515
2024-07-21,Susu Kental Manis,Produk Susu,1,12000,12000,456
2024-12-08,Teh Celup,Minuman,9,8000,72000,685
2025-12-14,Minuman Isotonik,Minuman,15,8500,127500,373
2025-12-25,Air Mineral,Minuman,14,4000,56000,569
2025-01-23,Yogurt Botol,Produk Susu,14,10000,140000,256
2025-07-26,Minyak Goreng,Sembako,3,28000,84000,360
2024-01-02,Susu UHT,Produk Susu,5,9000,45000,390
2023-12-04,Ramen Pedas,Makanan Instan,5,7000,35000,77
2023-10-31,Ramen Pedas,Makanan Instan,8,7000,56000,69
2024-02-23,Beras Premium,Sembako,11,75000,825000,522
2024-08-23,Indomie Goreng,Makanan Instan,9,3500,31500,691
2023-09-28,Jus Kotak,Minuman,8,7000,56000,522
2025-06-28,Susu Kental Manis,Produk Susu,13,12000,156000,443
2024-01-23,Telur Ayam,Sembako,2,30000,60000,513
2024-04-20,Kopi Botol,Minuman,16,7000,112000,290
2024-11-18,Wafer Coklat,Snack,9,8000,72000,285
2024-10-30,Kopi Sachet,Minuman,10,2500,25000,685
2025-12-21,Roti Tawar,Snack,18,15000,270000,183
2024-09-14,Yogurt Botol,Produk Susu,10,10000,100000,246
2024-09-19,Saus Sambal,Sembako,4,13000,52000,511
2025-09-18,Gula Pasir,Sembako,9,16000,144000,316
2023-04-07,Sereal Sarapan,Produk Susu,3,25000,75000,109
2024-08-05,Teh Celup,Minuman,8,8000,64000,677
2023-11-26,Keripik Kentang,Snack,12,12000,144000,167
2024-08-07,Jus Kotak,Minuman,3,7000,21000,519
2023-11-11,Teh Botol,Minuman,3,5000,15000,116
2023-08-28,Gula Pasir,Sembako,1,16000,16000,315
2023-09-17,Kopi Sachet,Minuman,8,2500,20000,677
2025-01-27,Tepung Terigu,Sembako,5,14000,70000,69
2023-03-13,Jus Kotak,Minuman,11,7000,77000,508
2024-12-05,Kopi Sachet,Minuman,4,2500,10000,673
2023-11-29,Yogurt Botol,Produk Susu,9,10000,90000,237
2023-09-06,Telur Ayam,Sembako,15,30000,450000,498
2025-04-08,Indomie Goreng,Makanan Instan,19,3500,66500,672
2023-10-25,Sereal Sarapan,Produk Susu,8,25000,200000,101
2024-10-17,Kecap Manis,Sembako,3,15000,45000,319
2025-11-05,Coklat Batang,Snack,9,11000,99000,195
2024-08-16,Air Mineral,Minuman,15,4000,60000,554
2023-10-29,Kacang Panggang,Snack,13,10000,130000,351
2025-06-24,Biskuit Coklat,Snack,7,9000,63000,76
2025-09-07,Coklat Batang,Snack,16,11000,176000,179
2023-08-28,Beras Premium,Sembako,5,75000,375000,517
2025-04-02,Indomie Goreng,Makanan Instan,12,3500,42000,660
2025-01-01,Yogurt Botol,Produk Susu,5,10000,50000,232
2024-02-04,Indomie Soto,Makanan Instan,12,3500,42000,215
2024-07-23,Gula Pasir,Sembako,4,16000,64000,311
2025-07-01,Mie Ayam Instan,Makanan Instan,12,4000,48000,288
2025-03-18,Minuman Isotonik,Minuman,8,8500,68000,365
2025-11-13,Kopi Sachet,Minuman,4,2500,10000,669
2023-10-30,Susu UHT,Produk Susu,12,9000,108000,378
2025-05-25,Kopi Botol,Minuman,10,7000,70000,280
2023-01-25,Teh Celup,Minuman,5,8000,40000,672
2024-12-20,Teh Celup,Minuman,6,8000,48000,666
2023-06-29,Kopi Botol,Minuman,4,7000,28000,276
2025-06-28,Coklat Batang,Snack,16,11000,176000,163
2025-06-25,Keju Slice,Produk Susu,7,18000,126000,368
2025-05-18,Keju Slice,Produk Susu,16,18000,288000,352
2023-06-26,Beras Premium,Sembako,3,75000,225000,514
2024-09-13,Minyak Goreng,Sembako,10,28000,280000,350
2023-05-16,Kopi Sachet,Minuman,15,2500,37500,654
2025-02-08,Biskuit Coklat,Snack,3,9000,27000,73
2024-07-13,Susu Kental Manis,Produk Susu,7,12000,84000,436
2025-08-04,Jus Kotak,Minuman,14,7000,98000,494
2024-01-16,Minyak Goreng,Sembako,15,28000,420000,335
2025-10-01,Telur Ayam,Sembako,4,30000,120000,494
2024-09-14,Teh Botol,Minuman,10,5000,50000,106
2025-08-07,Coklat Batang,Snack,5,11000,55000,158
2023-01-06,Keju Slice,Produk Susu,3,18000,54000,349
2024-09-06,Tepung Terigu,Sembako,13,14000,182000,56
2023-09-12,Air Mineral,Minuman,11,4000,44000,543
2024-08-12,Kacang Panggang,Snack,7,10000,70000,344
2024-05-16,Air Mineral,Minuman,1,4000,4000,542
2024-07-21,Sereal Sarapan,Produk Susu,8,25000,200000,93
2025-01-10,Keripik Kentang,Snack,14,12000,168000,153
2025-06-12,Biskuit Coklat,Snack,17,9000,153000,56
2025-09-01,Wafer Coklat,Snack,13,8000,104000,272
2025-11-15,Teh Celup,Minuman,13,8000,104000,653
2024-06-15,Kopi Botol,Minuman,5,7000,35000,271
2023-10-27,Indomie Soto,Makanan Instan,6,3500,21000,209
2023-10-05,Yogurt Botol,Produk Susu,6,10000,60000,226
2023-04-19,Beras Medium,Sembako,5,65000,325000,164
2025-05-09,Teh Celup,Minuman,14,8000,112000,639
2024-08-16,Indomie Soto,Makanan Instan,7,3500,24500,202
2023-06-07,Wafer Coklat,Snack,9,8000,72000,263
2024-01-11,Minyak Goreng,Sembako,13,28000,364000,322
2023-12-09,Keripik Kentang,Snack,9,12000,108000,144
2024-10-09,Kopi Sachet,Minuman,16,2500,40000,638
2024-09-08,Keju Slice,Produk Susu,7,18000,126000,342
2025-01-12,Roti Tawar,Snack,5,15000,75000,178
2023-10-22,Teh Botol,Minuman,1,5000,5000,105
2025-11-27,Beras Premium,Sembako,8,75000,600000,506
2025-09-20,Sereal Sarapan,Produk Susu,10,25000,250000,83
2023-11-30,Kecap Manis,Sembako,2,15000,30000,317
2023-11-13,Minyak Goreng,Sembako,9,28000,252000,313
2024-01-21,Gula Pasir,Sembako,15,16000,240000,296
2025-12-12,Keripik Kentang,Snack,15,12000,180000,129
2025-08-01,Susu Kental Manis,Produk Susu,16,12000,192000,420
2023-09-26,Ramen Pedas,Makanan Instan,15,7000,105000,54
2025-09-09,Indomie Goreng,Makanan Instan,9,3500,31500,651
2025-01-12,Roti Tawar,Snack,7,15000,105000,171
2025-12-07,Saus Sambal,Sembako,16,13000,208000,495
2024-09-15,Beras Medium,Sembako,3,65000,195000,161
2023-08-31,Teh Botol,Minuman,4,5000,20000,101
2023-10-19,Beras Premium,Sembako,12,75000,900000,494
2024-09-21,Gula Pasir,Sembako,3,16000,48000,293
2023-06-10,Beras Premium,Sembako,7,75000,525000,487
2023-08-17,Roti Tawar,Snack,2,15000,30000,169
2025-09-18,Indomie Goreng,Makanan Instan,17,3500,59500,634
2024-02-07,Indomie Soto,Makanan Instan,2,3500,7000,200
2025-11-17,Keju Slice,Produk Susu,11,18000,198000,331
2023-09-01,Air Mineral,Minuman,15,4000,60000,527
2023-03-30,Tepung Terigu,Sembako,2,14000,28000,54
2023-01-22,Telur Ayam,Sembako,13,30000,390000,481
2023-09-11,Ramen Pedas,Makanan Instan,15,7000,105000,647
2024-02-14,Minyak Goreng,Sembako,5,28000,140000,308
2023-03-01,Teh Celup,Minuman,2,8000,16000,637
2024-07-22,Beras Premium,Sembako,11,75000,825000,476
2023-11-25,Teh Celup,Minuman,14,8000,112000,623
2024-05-10,Minuman Isotonik,Minuman,11,8500,93500,354
2023-07-22,Mie Ayam Instan,Makanan Instan,14,4000,56000,274
2023-01-29,Biskuit Coklat,Snack,9,9000,81000,458
2024-01-28,Roti Tawar,Snack,5,15000,75000,164
2023-01-09,Saus Sambal,Sembako,12,13000,156000,483
2024-03-14,Ramen Pedas,Makanan Instan,17,7000,119000,630
2025-08-30,Kopi Botol,Minuman,8,7000,56000,263
2023-08-08,Yogurt Botol,Produk Susu,3,10000,30000,223
2024-12-27,Teh Botol,Minuman,8,5000,40000,93
2025-11-19,Minyak Goreng,Sembako,8,28000,224000,300
2024-10-05,Ramen Pedas,Makanan Instan,3,7000,21000,627
2025-11-30,Ramen Pedas,Makanan Instan,7,7000,49000,620
2025-01-09,Sereal Sarapan,Produk Susu,15,25000,375000,68
2023-03-25,Jus Kotak,Minuman,2,7000,14000,492
2025-10-08,Kopi Sachet,Minuman,6,2500,15000,632
2025-07-24,Telur Ayam,Sembako,13,30000,390000,468
2025-06-28,Kacang Panggang,Snack,8,10000,80000,336
2025-05-26,Telur Ayam,Sembako,5,30000,150000,463
2025-09-01,Saus Sambal,Sembako,14,13000,182000,469
2023-01-27,Beras Medium,Sembako,11,65000,715000,150
2023-08-04,Air Mineral,Minuman,7,4000,28000,520
2025-12-06,Yogurt Botol,Produk Susu,12,10000,120000,211
2023-10-21,Ramen Pedas,Makanan Instan,7,7000,49000,613
2023-07-28,Susu UHT,Produk Susu,12,9000,108000,366
2023-12-12,Kecap Manis,Sembako,2,15000,30000,315
2024-02-12,Teh Celup,Minuman,6,8000,48000,617
2025-04-07,Keripik Kentang,Snack,4,12000,48000,125
2025-05-19,Teh Botol,Minuman,16,5000,80000,77
2024-07-13,Tepung Terigu,Sembako,15,14000,210000,543
2025-09-01,Teh Celup,Minuman,15,8000,120000,602
2025-11-13,Air Mineral,Minuman,7,4000,28000,513
2025-07-20,Sereal Sarapan,Produk Susu,3,25000,75000,65
2025-09-29,Tepung Terigu,Sembako,10,14000,140000,533
2023-10-03,Wafer Coklat,Snack,1,8000,8000,262
2023-04-19,Ramen Pedas,Makanan Instan,14,7000,98000,599
2025-10-17,Mie Ayam Instan,Makanan Instan,12,4000,48000,262
2025-02-22,Beras Medium,Sembako,13,65000,845000,137
2024-09-12,Beras Premium,Sembako,12,75000,900000,464
2023-06-06,Ramen Pedas,Makanan Instan,11,7000,77000,588
2025-11-30,Sereal Sarapan,Produk Susu,17,25000,425000,586
2024-08-24,Minyak Goreng,Sembako,12,28000,336000,288
2025-10-30,Air Mineral,Minuman,8,4000,32000,505
2023-02-06,Keju Slice,Produk Susu,13,18000,234000,318
2025-05-31,Indomie Soto,Makanan Instan,16,3500,56000,184
2025-07-10,Susu UHT,Produk Susu,10,9000,90000,356
2025-07-30,Yogurt Botol,Produk Susu,2,10000,20000,209
2024-09-12,Beras Medium,Sembako,17,65000,1105000,120
2025-10-03,Beras Medium,Sembako,9,65000,585000,111
2025-03-07,Telur Ayam,Sembako,9,30000,270000,454
2025-10-01,Biskuit Coklat,Snack,15,9000,135000,443
2023-11-17,Air Mineral,Minuman,9,4000,36000,496
2025-03-12,Indomie Soto,Makanan Instan,9,3500,31500,175
2025-02-12,Biskuit Coklat,Snack,13,9000,117000,430
2024-08-05,Sereal Sarapan,Produk Susu,6,25000,150000,580
2023-04-03,Indomie Goreng,Makanan Instan,3,3500,10500,631
2025-01-20,Teh Botol,Minuman,7,5000,35000,70
2024-11-29,Sereal Sarapan,Produk Susu,7,25000,175000,573
2024-12-07,Susu Kental Manis,Produk Susu,7,12000,84000,413
2023-04-26,Teh Celup,Minuman,11,8000,88000,591
2024-05-22,Gula Pasir,Sembako,6,16000,96000,287
2023-06-23,Telur Ayam,Sembako,15,30000,450000,439
2023-05-15,Roti Tawar,Snack,14,15000,210000,150
2023-08-23,Telur Ayam,Sembako,6,30000,180000,433
2023-02-10,Beras Medium,Sembako,9,65000,585000,102
2023-03-18,Kopi Sachet,Minuman,8,2500,20000,624
2025-05-15,Kacang Panggang,Snack,14,10000,140000,322
2023-02-11,Tepung Terigu,Sembako,12,14000,168000,521
2023-02-15,Air Mineral,Minuman,6,4000,24000,490
2025-03-10,Susu UHT,Produk Susu,7,9000,63000,349
2025-09-27,Keju Slice,Produk Susu,4,18000,72000,314
2025-10-14,Kopi Sachet,Minuman,12,2500,30000,612
2024-09-05,Beras Medium,Sembako,7,65000,455000,95
2025-10-14,Minyak Goreng,Sembako,12,28000,336000,276
2024-03-14,Teh Botol,Minuman,6,5000,30000,64
2024-08-31,Indomie Soto,Makanan Instan,11,3500,38500,164
2024-04-07,Keju Slice,Produk Susu,12,18000,216000,302
2023-07-14,Mie Ayam Instan,Makanan Instan,10,4000,40000,252
2024-07-13,Kopi Sachet,Minuman,4,2500,10000,608
2025-12-23,Keju Slice,Produk Susu,12,18000,216000,290
2024-12-12,Minyak Goreng,Sembako,13,28000,364000,263
2024-09-10,Wafer Coklat,Snack,10,8000,80000,252
2024-10-03,Susu Kental Manis,Produk Susu,5,12000,60000,408
2024-05-29,Susu UHT,Produk Susu,12,9000,108000,337
2024-01-05,Yogurt Botol,Produk Susu,15,10000,150000,194
2025-11-23,Wafer Coklat,Snack,16,8000,128000,236
2025-10-19,Biskuit Coklat,Snack,8,9000,72000,422
2025-12-27,Tepung Terigu,Sembako,17,14000,238000,504
2023-05-03,Kecap Manis,Sembako,9,15000,135000,306
2025-01-16,Minyak Goreng,Sembako,10,28000,280000,253
2023-11-05,Gula Pasir,Sembako,12,16000,192000,275
2024-09-06,Kacang Panggang,Snack,15,10000,150000,307
2024-10-14,Susu Kental Manis,Produk Susu,14,12000,168000,394
2024-02-21,Wafer Coklat,Snack,15,8000,120000,221
2024-08-10,Tepung Terigu,Sembako,11,14000,154000,493
2024-04-28,Tepung Terigu,Sembako,7,14000,98000,486
2023-11-04,Ramen Pedas,Makanan Instan,4,7000,28000,584
2024-05-17,Indomie Goreng,Makanan Instan,14,3500,49000,617
2025-09-21,Yogurt Botol,Produk Susu,13,10000,130000,181
2023-03-17,Susu Kental Manis,Produk Susu,4,12000,48000,390
2024-07-12,Beras Medium,Sembako,3,65000,195000,92
2024-07-22,Tepung Terigu,Sembako,13,14000,182000,473
2023-03-28,Beras Medium,Sembako,12,65000,780000,80
2023-02-10,Air Mineral,Minuman,1,4000,4000,489
2023-06-21,Kopi Botol,Minuman,6,7000,42000,257
2024-09-02,Keripik Kentang,Snack,14,12000,168000,111
2025-04-13,Saus Sambal,Sembako,18,13000,234000,451
2023-07-04,Kacang Panggang,Snack,7,10000,70000,300
2023-10-15,Teh Botol,Minuman,4,5000,20000,60
2025-10-21,Ramen Pedas,Makanan Instan,16,7000,112000,568
2025-12-11,Minuman Isotonik,Minuman,9,8500,76500,345
2023-07-04,Saus Sambal,Sembako,4,13000,52000,447
2023-09-08,Keripik Kentang,Snack,13,12000,156000,98
2024-10-03,Keju Slice,Produk Susu,8,18000,144000,282
2025-03-09,Coklat Batang,Snack,15,11000,165000,143
2025-05-16,Kecap Manis,Sembako,6,15000,90000,300
2023-12-25,Ramen Pedas,Makanan Instan,4,7000,28000,564
2025-06-19,Tepung Terigu,Sembako,10,14000,140000,463
2023-04-25,Kopi Botol,Minuman,8,7000,56000,249
2025-02-06,Jus Kotak,Minuman,13,7000,91000,479
2025-05-17,Kopi Sachet,Minuman,10,2500,25000,598
2023-10-24,Tepung Terigu,Sembako,6,14000,84000,457
2025-01-23,Air Mineral,Minuman,17,4000,68000,472
2023-03-13,Indomie Goreng,Makanan Instan,14,3500,49000,603
2023-04-22,Coklat Batang,Snack,12,11000,132000,131
2024-05-05,Kecap Manis,Sembako,7,15000,105000,293
2024-09-25,Susu UHT,Produk Susu,13,9000,117000,324
2023-09-07,Teh Celup,Minuman,9,8000,72000,582
2024-04-29,Kopi Botol,Minuman,15,7000,105000,234
2023-01-17,Susu UHT,Produk Susu,15,9000,135000,309
2024-06-07,Susu UHT,Produk Susu,5,9000,45000,304
2024-04-27,Kecap Manis,Sembako,5,15000,75000,288
2023-11-25,Kopi Botol,Minuman,15,7000,105000,219
2024-10-11,Yogurt Botol,Produk Susu,17,10000,170000,164
2023-03-11,Susu Kental Manis,Produk Susu,5,12000,60000,385
2023-06-14,Kopi Botol,Minuman,14,7000,98000,205
2025-10-03,Sereal Sarapan,Produk Susu,12,25000,300000,561
2024-11-12,Kecap Manis,Sembako,13,15000,195000,275
2023-07-25,Saus Sambal,Sembako,14,13000,182000,433
2024-06-18,Beras Medium,Sembako,9,65000,585000,71
2025-05-11,Teh Celup,Minuman,13,8000,104000,569
2023-02-26,Yogurt Botol,Produk Susu,13,10000,130000,151
2024-01-12,Indomie Soto,Makanan Instan,12,3500,42000,152
2023-10-06,Keju Slice,Produk Susu,1,18000,18000,281
2024-02-14,Susu UHT,Produk Susu,12,9000,108000,292
2023-06-18,Kopi Sachet,Minuman,2,2500,5000,596
2024-05-26,Beras Medium,Sembako,11,65000,715000,60
2023-09-24,Sereal Sarapan,Produk Susu,14,25000,350000,547
2025-04-20,Keripik Kentang,Snack,16,12000,192000,82
2025-09-06,Yogurt Botol,Produk Susu,16,10000,160000,135
2023-12-22,Tepung Terigu,Sembako,11,14000,154000,446
2024-11-01,Biskuit Coklat,Snack,14,9000,126000,408
2023-06-22,Minyak Goreng,Sembako,7,28000,196000,246
2024-01-08,Teh Celup,Minuman,8,8000,64000,561
2024-04-04,Teh Botol,Minuman,1,5000,5000,59
2024-04-13,Kecap Manis,Sembako,15,15000,225000,260
2024-02-11,Yogurt Botol,Produk Susu,7,10000,70000,128
2023-12-12,Kopi Botol,Minuman,1,7000,7000,204
2025-05-28,Susu UHT,Produk Susu,13,9000,117000,279
2023-07-02,Beras Premium,Sembako,6,75000,450000,458
2023-08-29,Beras Medium,Sembako,1,65000,65000,59
2025-12-12,Roti Tawar,Snack,11,15000,165000,139
2025-10-09,Teh Botol,Minuman,4,5000,20000,55
2024-02-21,Roti Tawar,Snack,5,15000,75000,134
2025-10-09,Telur Ayam,Sembako,9,30000,270000,424
2024-02-28,Susu Kental Manis,Produk Susu,10,12000,120000,375
2024-08-02,Teh Botol,Minuman,14,5000,70000,437
2024-01-05,Susu Kental Manis,Produk Susu,7,12000,84000,368
2024-08-17,Indomie Goreng,Makanan Instan,5,3500,17500,598
2025-07-12,Keripik Kentang,Snack,17,12000,204000,65
2025-07-27,Teh Celup,Minuman,3,8000,24000,558
2023-09-30,Air Mineral,Minuman,14,4000,56000,458
2025-03-25,Kopi Sachet,Minuman,13,2500,32500,583
2025-02-24,Roti Tawar,Snack,16,15000,240000,118
2024-06-08,Coklat Batang,Snack,2,11000,22000,129
2023-05-01,Jus Kotak,Minuman,1,7000,7000,478
2024-04-25,Kopi Sachet,Minuman,9,2500,22500,574
2023-04-04,Keripik Kentang,Snack,1,12000,12000,64
2025-10-30,Tepung Terigu,Sembako,14,14000,196000,432
2025-03-19,Telur Ayam,Sembako,14,30000,420000,410
2023-03-26,Beras Premium,Sembako,10,75000,750000,448
2024-06-17,Beras Medium,Sembako,5,65000,325000,54
2024-11-25,Air Mineral,Minuman,16,4000,64000,442
2023-07-03,Beras Premium,Sembako,6,75000,450000,442
2025-12-22,Roti Tawar,Snack,9,15000,135000,109
2023-08-28,Tepung Terigu,Sembako,6,14000,84000,426
2023-09-19,Indomie Soto,Makanan Instan,8,3500,28000,144
2024-07-29,Kopi Botol,Minuman,13,7000,91000,191
2025-05-30,Kecap Manis,Sembako,8,15000,120000,252
2024-06-24,Keripik Kentang,Snack,10,12000,120000,54
2023-12-04,Susu Kental Manis,Produk Susu,6,12000,72000,362
2025-10-03,Coklat Batang,Snack,15,11000,165000,114
2025-06-20,Jus Kotak,Minuman,3,7000,21000,475
2023-04-22,Beras Premium,Sembako,4,75000,300000,438
2023-03-15,Beras Medium,Sembako,8,65000,520000,479
2025-08-14,Beras Medium,Sembako,8,65000,520000,471
2025-10-10,Saus Sambal,Sembako,5,13000,65000,428
2025-09-20,Teh Celup,Minuman,12,8000,96000,546
2023-10-31,Ramen Pedas,Makanan Instan,2,7000,14000,562
2023-07-11,Teh Celup,Minuman,4,8000,32000,542
2024-08-04,Kopi Botol,Minuman,3,7000,21000,188
2025-11-07,Coklat Batang,Snack,17,11000,187000,97
2024-03-10,Biskuit Coklat,Snack,10,9000,90000,398
2024-01-05,Minuman Isotonik,Minuman,7,8500,59500,338
2025-10-17,Gula Pasir,Sembako,12,16000,192000,263
2024-11-04,Saus Sambal,Sembako,2,13000,26000,426
2023-09-07,Kacang Panggang,Snack,7,10000,70000,293
2023-08-06,Teh Celup,Minuman,14,8000,112000,528
2023-11-11,Kopi Sachet,Minuman,1,2500,2500,573
2025-07-31,Mie Ayam Instan,Makanan Instan,18,4000,72000,234
2024-07-05,Yogurt Botol,Produk Susu,12,10000,120000,116
2024-11-05,Indomie Goreng,Makanan Instan,3,3500,10500,595
2025-07-16,Keripik Kentang,Snack,8,12000,96000,454
2023-04-10,Kopi Botol,Minuman,13,7000,91000,175
2024-08-02,Wafer Coklat,Snack,6,8000,48000,215
2023-05-25,Coklat Batang,Snack,9,11000,99000,88
2025-02-20,Keripik Kentang,Snack,6,12000,72000,448
2023-12-31,Tepung Terigu,Sembako,4,14000,56000,422
2025-03-27,Sereal Sarapan,Produk Susu,3,25000,75000,544
2024-03-02,Kopi Botol,Minuman,4,7000,28000,171
2025-04-04,Sereal Sarapan,Produk Susu,7,25000,175000,537
2024-09-03,Ramen Pedas,Makanan Instan,9,7000,63000,553
2024-09-27,Coklat Batang,Snack,17,11000,187000,71
2023-09-26,Keripik Kentang,Snack,6,12000,72000,442
2023-07-16,Kacang Panggang,Snack,14,10000,140000,279
2025-11-15,Teh Celup,Minuman,8,8000,64000,520
2025-03-05,Yogurt Botol,Produk Susu,11,10000,110000,105
2025-05-16,Biskuit Coklat,Snack,6,9000,54000,392
2025-01-24,Keju Slice,Produk Susu,12,18000,216000,269
2025-05-22,Susu Kental Manis,Produk Susu,3,12000,36000,359
2024-11-30,Minuman Isotonik,Minuman,10,8500,85000,328
2023-11-14,Gula Pasir,Sembako,15,16000,240000,248
2025-12-15,Air Mineral,Minuman,12,4000,48000,430
2025-08-16,Telur Ayam,Sembako,8,30000,240000,402
2025-09-05,Kecap Manis,Sembako,7,15000,105000,245
2024-09-07,Beras Premium,Sembako,14,75000,1050000,424
2025-05-25,Minuman Isotonik,Minuman,6,8500,51000,322
2023-06-06,Jus Kotak,Minuman,15,7000,105000,460
2025-11-17,Indomie Soto,Makanan Instan,6,3500,21000,138
2023-07-13,Susu Kental Manis,Produk Susu,8,12000,96000,351
2024-06-02,Kacang Panggang,Snack,7,10000,70000,272
2023-06-17,Biskuit Coklat,Snack,13,9000,117000,379
2023-02-03,Minuman Isotonik,Minuman,2,8500,17000,320
2025-08-05,Coklat Batang,Snack,5,11000,55000,66
2025-03-15,Teh Botol,Minuman,2,5000,10000,435
2024-09-01,Susu Kental Manis,Produk Susu,8,12000,96000,343
2025-07-20,Coklat Batang,Snack,17,11000,187000,668
2024-06-26,Keju Slice,Produk Susu,6,18000,108000,263
2024-01-15,Minyak Goreng,Sembako,4,28000,112000,242
2024-06-15,Keripik Kentang,Snack,16,12000,192000,426
2025-06-07,Ramen Pedas,Makanan Instan,10,7000,70000,543
2025-03-19,Indomie Goreng,Makanan Instan,3,3500,10500,592
2025-09-04,Beras Medium,Sembako,12,65000,780000,459
2025-09-23,Kopi Botol,Minuman,8,7000,56000,163
2025-03-19,Roti Tawar,Snack,16,15000,240000,93
2023-09-14,Mie Ayam Instan,Makanan Instan,3,4000,12000,231
2024-01-26,Indomie Goreng,Makanan Instan,2,3500,7000,590
2024-01-21,Roti Tawar,Snack,14,15000,210000,79
2025-09-12,Minyak Goreng,Sembako,13,28000,364000,229
2024-05-10,Wafer Coklat,Snack,9,8000,72000,206
2024-01-26,Kopi Botol,Minuman,3,7000,21000,160
2025-08-07,Sereal Sarapan,Produk Susu,7,25000,175000,530
2023-02-14,Susu Kental Manis,Produk Susu,2,12000,24000,341
2023-11-09,Beras Medium,Sembako,12,65000,780000,447
2025-06-30,Roti Tawar,Snack,12,15000,180000,67
2025-07-09,Indomie Goreng,Makanan Instan,12,3500,42000,578
2024-08-26,Minyak Goreng,Sembako,11,28000,308000,218
2024-11-14,Indomie Soto,Makanan Instan,1,3500,3500,137
2025-06-03,Wafer Coklat,Snack,11,8000,88000,195
2024-08-18,Coklat Batang,Snack,2,11000,22000,666
2025-09-22,Susu UHT,Produk Susu,13,9000,117000,266
2023-05-05,Gula Pasir,Sembako,9,16000,144000,239
2025-05-14,Indomie Goreng,Makanan Instan,13,3500,45500,565
2023-05-11,Jus Kotak,Minuman,5,7000,35000,455
2025-05-04,Saus Sambal,Sembako,19,13000,247000,407
2025-10-10,Ramen Pedas,Makanan Instan,13,7000,91000,530
2025-06-12,Yogurt Botol,Produk Susu,3,10000,30000,102
2024-01-29,Telur Ayam,Sembako,9,30000,270000,393
2024-04-20,Yogurt Botol,Produk Susu,9,10000,90000,93
2024-11-25,Biskuit Coklat,Snack,17,9000,153000,362
2025-08-17,Kopi Botol,Minuman,6,7000,42000,154
2025-03-10,Coklat Batang,Snack,10,11000,110000,656
2025-08-25,Keju Slice,Produk Susu,15,18000,270000,248
2024-02-29,Keripik Kentang,Snack,7,12000,84000,419
2023-06-26,Coklat Batang,Snack,11,11000,121000,645
2023-09-22,Air Mineral,Minuman,3,4000,12000,427
2023-11-17,Minyak Goreng,Sembako,10,28000,280000,208
2023-07-26,Air Mineral,Minuman,13,4000,52000,414
2025-10-08,Susu Kental Manis,Produk Susu,7,12000,84000,334
2023-04-07,Minyak Goreng,Sembako,1,28000,28000,207
2024-06-18,Teh Celup,Minuman,8,8000,64000,512
2023-12-24,Beras Medium,Sembako,14,65000,910000,433
2025-10-28,Kopi Botol,Minuman,2,7000,14000,152
2025-05-31,Kopi Sachet,Minuman,4,2500,10000,569
2024-04-03,Ramen Pedas,Makanan Instan,9,7000,63000,521
2024-12-28,Kopi Sachet,Minuman,13,2500,32500,556
2024-07-01,Sereal Sarapan,Produk Susu,15,25000,375000,515
2025-11-21,Kopi Botol,Minuman,11,7000,77000,141
2023-04-14,Roti Tawar,Snack,15,15000,225000,52
2025-07-25,Yogurt Botol,Produk Susu,15,10000,150000,78
2023-07-28,Ramen Pedas,Makanan Instan,14,7000,98000,507
2023-03-27,Jus Kotak,Minuman,9,7000,63000,446
2023-12-09,Ramen Pedas,Makanan Instan,11,7000,77000,496
2024-02-25,Ramen Pedas,Makanan Instan,16,7000,112000,480
2024-08-21,Beras Medium,Sembako,13,65000,845000,420
2025-11-02,Sereal Sarapan,Produk Susu,9,25000,225000,506
2025-01-14,Beras Premium,Sembako,8,75000,600000,416
2024-02-18,Ramen Pedas,Makanan Instan,9,7000,63000,471
2023-01-14,Sereal Sarapan,Produk Susu,4,25000,100000,502
2025-08-28,Teh Botol,Minuman,9,5000,45000,426
2023-12-17,Minuman Isotonik,Minuman,2,8500,17000,318
2025-02-01,Tepung Terigu,Sembako,16,14000,224000,406
2024-05-17,Teh Celup,Minuman,5,8000,40000,507
2024-04-12,Susu Kental Manis,Produk Susu,4,12000,48000,330
2025-04-18,Susu Kental Manis,Produk Susu,19,12000,228000,311
2025-11-23,Kopi Botol,Minuman,16,7000,112000,125
2025-06-25,Indomie Goreng,Makanan Instan,4,3500,14000,561
2025-11-25,Roti Tawar,Snack,3,15000,45000,522
2025-04-02,Kopi Sachet,Minuman,15,2500,37500,541
2023-05-06,Susu Kental Manis,Produk Susu,7,12000,84000,304
2023-03-17,Sereal Sarapan,Produk Susu,11,25000,275000,491
2023-11-06,Kecap Manis,Sembako,15,15000,225000,230
2023-04-29,Biskuit Coklat,Snack,11,9000,99000,351
2025-11-30,Roti Tawar,Snack,9,15000,135000,513
2024-09-15,Susu UHT,Produk Susu,14,9000,126000,252
2024-12-05,Kopi Sachet,Minuman,2,2500,5000,539
2025-12-16,Saus Sambal,Sembako,12,13000,156000,395
2025-04-07,Roti Tawar,Snack,10,15000,150000,503
2025-06-24,Saus Sambal,Sembako,15,13000,195000,380
2025-04-08,Saus Sambal,Sembako,15,13000,195000,365
2024-09-09,Saus Sambal,Sembako,2,13000,26000,363
2024-11-16,Jus Kotak,Minuman,9,7000,63000,437
2023-09-16,Coklat Batang,Snack,9,11000,99000,636
2024-08-04,Jus Kotak,Minuman,4,7000,28000,433
2024-10-01,Minuman Isotonik,Minuman,10,8500,85000,308
2023-11-24,Sereal Sarapan,Produk Susu,1,25000,25000,490
2024-06-13,Indomie Goreng,Makanan Instan,5,3500,17500,556
2025-05-15,Coklat Batang,Snack,10,11000,110000,626
2023-05-03,Coklat Batang,Snack,14,11000,154000,612
2024-06-15,Teh Celup,Minuman,13,8000,104000,494
2023-09-11,Teh Celup,Minuman,1,8000,8000,493
2023-09-13,Sereal Sarapan,Produk Susu,8,25000,200000,482
2023-01-11,Telur Ayam,Sembako,8,30000,240000,385
2024-04-28,Kopi Sachet,Minuman,15,2500,37500,524
2025-12-28,Biskuit Coklat,Snack,16,9000,144000,335
2024-09-04,Teh Celup,Minuman,7,8000,56000,486
2023-10-14,Keju Slice,Produk Susu,12,18000,216000,236
2025-11-30,Susu UHT,Produk Susu,14,9000,126000,238
2024-11-02,Ramen Pedas,Makanan Instan,11,7000,77000,460
2025-01-09,Minyak Goreng,Sembako,9,28000,252000,198
2025-05-21,Beras Premium,Sembako,18,75000,1350000,398
2023-07-08,Mie Ayam Instan,Makanan Instan,1,4000,4000,230
2023-09-24,Susu Kental Manis,Produk Susu,8,12000,96000,296
2025-07-02,Minyak Goreng,Sembako,5,28000,140000,193
2025-12-13,Kacang Panggang,Snack,11,10000,110000,261
2024-06-24,Kopi Botol,Minuman,11,7000,77000,114
2025-05-17,Wafer Coklat,Snack,12,8000,96000,183
2025-05-03,Coklat Batang,Snack,16,11000,176000,596
2025-11-01,Beras Premium,Sembako,7,75000,525000,391
2025-07-26,Roti Tawar,Snack,4,15000,60000,499
2024-03-11,Roti Tawar,Snack,9,15000,135000,490
2023-11-18,Indomie Soto,Makanan Instan,9,3500,31500,128
2023-09-01,Teh Celup,Minuman,10,8000,80000,476
2025-04-16,Kopi Botol,Minuman,3,7000,21000,111
2024-08-16,Teh Celup,Minuman,3,8000,24000,473
2023-08-30,Beras Premium,Sembako,6,75000,450000,385
2025-02-05,Telur Ayam,Sembako,8,30000,240000,377
2023-02-27,Air Mineral,Minuman,13,4000,52000,401
2023-10-19,Beras Premium,Sembako,13,75000,975000,372
2025-05-13,Biskuit Coklat,Snack,4,9000,36000,331
2024-08-03,Saus Sambal,Sembako,4,13000,52000,359
2025-09-28,Teh Botol,Minuman,2,5000,10000,424
2024-12-15,Jus Kotak,Minuman,2,7000,14000,431
2025-09-12,Susu Kental Manis,Produk Susu,13,12000,156000,283
2025-07-15,Biskuit Coklat,Snack,18,9000,162000,313
2025-02-11,Keju Slice,Produk Susu,10,18000,180000,226
2023-10-11,Sereal Sarapan,Produk Susu,9,25000,225000,473
2025-08-01,Wafer Coklat,Snack,17,8000,136000,166
2025-07-08,Kacang Panggang,Snack,6,10000,60000,255
2025-04-18,Mie Ayam Instan,Makanan Instan,9,4000,36000,221
2025-03-20,Saus Sambal,Sembako,7,13000,91000,352
2025-06-26,Kacang Panggang,Snack,15,10000,150000,240
2023-07-01,Wafer Coklat,Snack,14,8000,112000,152
2023-02-20,Beras Medium,Sembako,10,65000,650000,410
2024-09-24,Wafer Coklat,Snack,11,8000,88000,141
2023-06-24,Ramen Pedas,Makanan Instan,4,7000,28000,456
2023-04-19,Keripik Kentang,Snack,10,12000,120000,409
2024-01-23,Minuman Isotonik,Minuman,14,8500,119000,294
2023-02-08,Minuman Isotonik,Minuman,2,8500,17000,292
2025-12-25,Kacang Panggang,Snack,4,10000,40000,236
2024-02-26,Tepung Terigu,Sembako,6,14000,84000,400
2025-06-28,Teh Botol,Minuman,5,5000,25000,419
2023-04-03,Susu UHT,Produk Susu,8,9000,72000,230
2023-02-17,Kopi Botol,Minuman,6,7000,42000,105
2024-01-05,Susu Kental Manis,Produk Susu,7,12000,84000,276
2025-12-17,Kopi Botol,Minuman,10,7000,70000,95
2023-07-06,Tepung Terigu,Sembako,2,14000,28000,398
2023-12-11,Ramen Pedas,Makanan Instan,5,7000,35000,451
2024-01-10,Beras Premium,Sembako,5,75000,375000,367
2024-09-20,Beras Premium,Sembako,9,75000,675000,358
2023-05-01,Beras Medium,Sembako,10,65000,650000,400
2024-01-07,Kopi Sachet,Minuman,3,2500,7500,521
2024-09-02,Indomie Soto,Makanan Instan,7,3500,24500,121
2023-10-19,Kopi Sachet,Minuman,7,2500,17500,514
2024-10-25,Saus Sambal,Sembako,6,13000,78000,346
2023-09-05,Teh Botol,Minuman,1,5000,5000,418
2024-05-05,Minyak Goreng,Sembako,15,28000,420000,178
2024-04-29,Biskuit Coklat,Snack,10,9000,90000,303
2025-10-30,Sereal Sarapan,Produk Susu,8,25000,200000,465
2023-05-05,Tepung Terigu,Sembako,6,14000,84000,392
2025-04-13,Yogurt Botol,Produk Susu,6,10000,60000,72
2025-04-14,Indomie Goreng,Makanan Instan,13,3500,45500,543
2023-02-08,Kecap Manis,Sembako,5,15000,75000,225
2023-07-27,Jus Kotak,Minuman,4,7000,28000,427
2023-09-15,Sereal Sarapan,Produk Susu,5,25000,125000,460
2025-04-13,Biskuit Coklat,Snack,9,9000,81000,294
2025-10-21,Kopi Botol,Minuman,6,7000,42000,89
2023-12-11,Teh Celup,Minuman,13,8000,104000,460
2025-05-17,Gula Pasir,Sembako,19,16000,304000,220
2023-01-03,Indomie Soto,Makanan Instan,14,3500,49000,107
2024-08-15,Yogurt Botol,Produk Susu,11,10000,110000,61
2023-05-04,Indomie Goreng,Makanan Instan,15,3500,52500,528
2025-09-14,Kecap Manis,Sembako,8,15000,120000,217
2025-02-17,Teh Botol,Minuman,8,5000,40000,410
2025-11-11,Biskuit Coklat,Snack,6,9000,54000,288
2025-12-29,Beras Medium,Sembako,11,65000,715000,389
2023-07-03,Telur Ayam,Sembako,7,30000,210000,370
2023-09-09,Roti Tawar,Snack,14,15000,210000,476
2024-07-26,Beras Premium,Sembako,16,75000,1200000,342
2025-10-30,Minyak Goreng,Sembako,16,28000,448000,162
2024-12-02,Saus Sambal,Sembako,12,13000,156000,334
2025-07-16,Sereal Sarapan,Produk Susu,7,25000,175000,453
2024-10-20,Kacang Panggang,Snack,6,10000,60000,230
2024-11-03,Yogurt Botol,Produk Susu,3,10000,30000,58
2023-01-05,Beras Premium,Sembako,10,75000,750000,332
2023-01-09,Air Mineral,Minuman,15,4000,60000,386
2023-12-22,Indomie Goreng,Makanan Instan,7,3500,24500,521
2025-09-28,Jus Kotak,Minuman,17,7000,119000,410
2023-06-16,Jus Kotak,Minuman,13,7000,91000,397
2023-06-08,Saus Sambal,Sembako,9,13000,117000,325
2025-06-30,Indomie Goreng,Makanan Instan,12,3500,42000,509
2025-02-09,Teh Celup,Minuman,17,8000,136000,443
2023-12-29,Susu UHT,Produk Susu,14,9000,126000,216
2023-01-18,Sereal Sarapan,Produk Susu,2,25000,50000,451
2025-01-28,Yogurt Botol,Produk Susu,17,10000,170000,568
2024-03-29,Indomie Goreng,Makanan Instan,12,3500,42000,497
2024-07-29,Sereal Sarapan,Produk Susu,13,25000,325000,438
2024-01-28,Teh Celup,Minuman,4,8000,32000,439
2024-09-12,Wafer Coklat,Snack,15,8000,120000,126
2024-04-24,Gula Pasir,Sembako,9,16000,144000,211
2024-07-28,Indomie Soto,Makanan Instan,10,3500,35000,97
2024-03-04,Roti Tawar,Snack,1,15000,15000,475
2025-03-22,Teh Botol,Minuman,5,5000,25000,405
2025-10-21,Biskuit Coklat,Snack,10,9000,90000,278
2024-02-01,Jus Kotak,Minuman,13,7000,91000,384
2023-12-26,Biskuit Coklat,Snack,2,9000,18000,276
2023-09-20,Biskuit Coklat,Snack,12,9000,108000,264
2023-09-18,Mie Ayam Instan,Makanan Instan,5,4000,20000,216
2024-04-11,Kecap Manis,Sembako,17,15000,255000,200
2024-07-15,Coklat Batang,Snack,6,11000,66000,590
2025-12-27,Indomie Goreng,Makanan Instan,13,3500,45500,484
2025-07-18,Kacang Panggang,Snack,5,10000,50000,225
2023-04-17,Wafer Coklat,Snack,14,8000,112000,112
2025-06-04,Kopi Sachet,Minuman,18,2500,45000,496
2023-09-07,Tepung Terigu,Sembako,11,14000,154000,381
2025-08-13,Minuman Isotonik,Minuman,11,8500,93500,281
2023-03-31,Minuman Isotonik,Minuman,15,8500,127500,266
2024-04-04,Coklat Batang,Snack,2,11000,22000,588
2025-05-10,Kecap Manis,Sembako,13,15000,195000,187
2023-01-11,Kopi Sachet,Minuman,7,2500,17500,489
2024-11-16,Minyak Goreng,Sembako,4,28000,112000,158
2023-02-21,Keju Slice,Produk Susu,12,18000,216000,214
2025-05-17,Gula Pasir,Sembako,4,16000,64000,207
2023-12-03,Minyak Goreng,Sembako,6,28000,168000,152
2023-05-09,Telur Ayam,Sembako,11,30000,330000,359
2023-07-18,Wafer Coklat,Snack,1,8000,8000,111
2025-06-03,Air Mineral,Minuman,14,4000,56000,372
2024-11-15,Biskuit Coklat,Snack,15,9000,135000,249
2023-08-09,Gula Pasir,Sembako,8,16000,128000,199
2024-11-28,Gula Pasir,Sembako,14,16000,224000,185
2024-11-14,Teh Botol,Minuman,9,5000,45000,396
2025-06-17,Mie Ayam Instan,Makanan Instan,14,4000,56000,202
2025-07-03,Wafer Coklat,Snack,11,8000,88000,100
2023-05-05,Mie Ayam Instan,Makanan Instan,15,4000,60000,187
2025-02-11,Indomie Soto,Makanan Instan,7,3500,24500,90
2023-09-19,Keju Slice,Produk Susu,1,18000,18000,213
2025-06-24,Kecap Manis,Sembako,4,15000,60000,183
2025-06-03,Keripik Kentang,Snack,3,12000,36000,406
2023-04-25,Kacang Panggang,Snack,9,10000,90000,216
2024-08-26,Indomie Soto,Makanan Instan,15,3500,52500,75
2023-07-16,Susu UHT,Produk Susu,10,9000,90000,206
2025-04-21,Sereal Sarapan,Produk Susu,5,25000,125000,433
2025-02-25,Yogurt Botol,Produk Susu,12,10000,120000,556
2023-07-27,Saus Sambal,Sembako,6,13000,78000,319
2023-02-23,Wafer Coklat,Snack,8,8000,64000,92
2024-11-03,Minuman Isotonik,Minuman,10,8500,85000,256
2023-07-30,Ramen Pedas,Makanan Instan,1,7000,7000,450
2023-05-19,Keripik Kentang,Snack,10,12000,120000,396
2024-02-01,Keju Slice,Produk Susu,17,18000,306000,196
2025-11-08,Beras Premium,Sembako,8,75000,600000,324
2025-09-12,Susu Kental Manis,Produk Susu,16,12000,192000,260
2024-05-12,Beras Medium,Sembako,3,65000,195000,386
2023-09-19,Indomie Soto,Makanan Instan,5,3500,17500,70
2025-06-11,Biskuit Coklat,Snack,12,9000,108000,237
2023-10-26,Telur Ayam,Sembako,3,30000,90000,356
2024-09-24,Air Mineral,Minuman,11,4000,44000,361
2025-01-25,Telur Ayam,Sembako,3,30000,90000,353
2024-05-01,Indomie Soto,Makanan Instan,11,3500,38500,59
2023-04-22,Kopi Botol,Minuman,7,7000,49000,82
2024-02-05,Teh Celup,Minuman,6,8000,48000,433
2024-02-17,Kecap Manis,Sembako,13,15000,195000,170
2024-01-23,Kopi Sachet,Minuman,12,2500,30000,477
2025-08-15,Roti Tawar,Snack,13,15000,195000,462
2024-11-18,Kopi Botol,Minuman,11,7000,77000,71
2024-11-04,Susu Kental Manis,Produk Susu,3,12000,36000,257
2023-03-28,Yogurt Botol,Produk Susu,8,10000,80000,548
2023-01-08,Gula Pasir,Sembako,11,16000,176000,174
2024-04-16,Gula Pasir,Sembako,10,16000,160000,164
2024-05-04,Minyak Goreng,Sembako,10,28000,280000,142
2024-11-09,Sereal Sarapan,Produk Susu,15,25000,375000,418
2024-02-25,Susu UHT,Produk Susu,7,9000,63000,199
2023-01-14,Teh Botol,Minuman,6,5000,30000,390
2023-06-01,Indomie Goreng,Makanan Instan,6,3500,21000,478
2023-08-24,Indomie Goreng,Makanan Instan,3,3500,10500,475
2025-06-20,Telur Ayam,Sembako,7,30000,210000,346
2023-03-02,Indomie Soto,Makanan Instan,4,3500,14000,55
2024-08-04,Minyak Goreng,Sembako,3,28000,84000,139
2024-06-20,Saus Sambal,Sembako,12,13000,156000,307
2024-05-18,Kopi Sachet,Minuman,3,2500,7500,474
2023-12-27,Indomie Goreng,Makanan Instan,14,3500,49000,461
2023-07-27,Tepung Terigu,Sembako,1,14000,14000,380
2023-10-09,Teh Botol,Minuman,7,5000,35000,383
2023-08-16,Wafer Coklat,Snack,6,8000,48000,86
2024-03-06,Kecap Manis,Sembako,6,15000,90000,164
2025-01-27,Gula Pasir,Sembako,16,16000,256000,148
2023-12-17,Kacang Panggang,Snack,9,10000,90000,207
2025-06-07,Keju Slice,Produk Susu,16,18000,288000,180
2023-10-23,Ramen Pedas,Makanan Instan,15,7000,105000,435
2023-09-25,Kecap Manis,Sembako,13,15000,195000,151
2024-01-28,Minyak Goreng,Sembako,10,28000,280000,129
2025-02-05,Roti Tawar,Snack,10,15000,150000,452
2024-05-15,Wafer Coklat,Snack,15,8000,120000,71
2024-01-23,Sereal Sarapan,Produk Susu,16,25000,400000,402
2023-11-01,Telur Ayam,Sembako,6,30000,180000,340
2023-04-20,Gula Pasir,Sembako,11,16000,176000,137
2024-07-27,Keju Slice,Produk Susu,14,18000,252000,166
2025-11-06,Kopi Botol,Minuman,14,7000,98000,57
2023-06-16,Minyak Goreng,Sembako,13,28000,364000,116
2023-05-13,Air Mineral,Minuman,3,4000,12000,358
2025-03-05,Minuman Isotonik,Minuman,16,8500,136000,240
2025-11-28,Air Mineral,Minuman,10,4000,40000,348
2025-02-04,Kopi Sachet,Minuman,13,2500,32500,461
2025-10-10,Roti Tawar,Snack,11,15000,165000,441
2025-04-01,Biskuit Coklat,Snack,12,9000,108000,225
2024-03-25,Minyak Goreng,Sembako,15,28000,420000,101
2024-04-25,Yogurt Botol,Produk Susu,7,10000,70000,541
2025-05-20,Telur Ayam,Sembako,19,30000,570000,321
2023-11-18,Biskuit Coklat,Snack,15,9000,135000,210
2025-02-05,Teh Botol,Minuman,6,5000,30000,377
2023-06-22,Beras Premium,Sembako,5,75000,375000,319
2025-11-28,Yogurt Botol,Produk Susu,8,10000,80000,533
2023-03-26,Biskuit Coklat,Snack,8,9000,72000,202
2024-11-19,Minuman Isotonik,Minuman,8,8500,68000,232
2025-06-04,Yogurt Botol,Produk Susu,10,10000,100000,523
2025-10-15,Keju Slice,Produk Susu,9,18000,162000,157
2023-02-20,Susu UHT,Produk Susu,3,9000,27000,196
2024-04-23,Yogurt Botol,Produk Susu,7,10000,70000,516
2025-01-05,Mie Ayam Instan,Makanan Instan,16,4000,64000,171
2025-10-24,Telur Ayam,Sembako,10,30000,300000,311
2024-07-20,Keju Slice,Produk Susu,15,18000,270000,142
2023-08-31,Ramen Pedas,Makanan Instan,2,7000,14000,433
2023-03-20,Teh Celup,Minuman,9,8000,72000,424
2024-11-14,Minyak Goreng,Sembako,6,28000,168000,95
2024-05-27,Kopi Sachet,Minuman,7,2500,17500,454
2024-07-16,Teh Botol,Minuman,6,5000,30000,371
2023-10-10,Keripik Kentang,Snack,14,12000,168000,382
2024-06-18,Sereal Sarapan,Produk Susu,2,25000,50000,400
2024-12-10,Telur Ayam,Sembako,14,30000,420000,297
2023-01-25,Susu UHT,Produk Susu,8,9000,72000,188
2025-11-15,Wafer Coklat,Snack,15,8000,120000,56
2025-03-25,Kopi Botol,Minuman,6,7000,42000,51
2024-03-05,Coklat Batang,Snack,8,11000,88000,580
2025-08-17,Minuman Isotonik,Minuman,16,8500,136000,216
2023-06-25,Kopi Sachet,Minuman,6,2500,15000,448
2024-01-20,Kopi Botol,Minuman,9,7000,63000,555
2025-06-17,Minyak Goreng,Sembako,9,28000,252000,86
2023-10-12,Teh Celup,Minuman,10,8000,80000,414
2023-09-20,Kopi Botol,Minuman,5,7000,35000,550
2023-01-20,Coklat Batang,Snack,8,11000,88000,572
2024-12-27,Keju Slice,Produk Susu,6,18000,108000,136
2025-05-21,Susu Kental Manis,Produk Susu,15,12000,180000,242
2024-09-05,Sereal Sarapan,Produk Susu,8,25000,200000,392
2023-03-07,Indomie Goreng,Makanan Instan,15,3500,52500,446
2023-11-11,Beras Premium,Sembako,6,75000,450000,313
2025-03-11,Biskuit Coklat,Snack,9,9000,81000,193
2023-05-11,Susu UHT,Produk Susu,9,9000,81000,179
2024-01-21,Susu UHT,Produk Susu,8,9000,72000,171
2025-07-13,Kopi Sachet,Minuman,14,2500,35000,434
2023-12-18,Mie Ayam Instan,Makanan Instan,2,4000,8000,169
2023-12-30,Kacang Panggang,Snack,1,10000,10000,206
2025-09-27,Teh Botol,Minuman,3,5000,15000,368
2023-05-23,Minyak Goreng,Sembako,15,28000,420000,71
2024-08-04,Susu UHT,Produk Susu,4,9000,36000,167
2025-12-09,Telur Ayam,Sembako,6,30000,180000,291
2025-01-24,Indomie Soto,Makanan Instan,10,3500,35000,432
2025-04-21,Kopi Sachet,Minuman,9,2500,22500,425
2023-09-22,Ramen Pedas,Makanan Instan,9,7000,63000,424
2025-09-06,Susu Kental Manis,Produk Susu,13,12000,156000,229
2024-02-27,Susu UHT,Produk Susu,3,9000,27000,164
2025-06-04,Telur Ayam,Sembako,18,30000,540000,273
2024-09-27,Beras Medium,Sembako,10,65000,650000,376
2025-07-28,Minuman Isotonik,Minuman,7,8500,59500,209
2023-10-20,Indomie Goreng,Makanan Instan,8,3500,28000,438
2025-03-28,Mie Ayam Instan,Makanan Instan,12,4000,48000,157
2024-11-04,Minuman Isotonik,Minuman,17,8500,144500,192
2025-10-02,Saus Sambal,Sembako,12,13000,156000,295
2023-03-22,Biskuit Coklat,Snack,12,9000,108000,181
2024-08-12,Mie Ayam Instan,Makanan Instan,12,4000,48000,145
2024-09-01,Teh Celup,Minuman,9,8000,72000,405
2023-12-25,Teh Botol,Minuman,7,5000,35000,361
2024-01-03,Gula Pasir,Sembako,17,16000,272000,120
2025-06-03,Coklat Batang,Snack,12,11000,132000,560
2024-01-11,Kecap Manis,Sembako,14,15000,210000,137
2025-03-16,Ramen Pedas,Makanan Instan,13,7000,91000,411
2023-11-20,Gula Pasir,Sembako,5,16000,80000,115
2024-08-20,Saus Sambal,Sembako,11,13000,143000,284
2024-03-20,Roti Tawar,Snack,16,15000,240000,425
2023-09-06,Susu Kental Manis,Produk Susu,6,12000,72000,223
2023-08-04,Mie Ayam Instan,Makanan Instan,9,4000,36000,136
2024-10-29,Sereal Sarapan,Produk Susu,8,25000,200000,384
2024-06-01,Beras Medium,Sembako,6,65000,390000,370
2025-08-04,Indomie Soto,Makanan Instan,2,3500,7000,430
2025-08-03,Wafer Coklat,Snack,10,8000,80000,727
2024-02-03,Susu UHT,Produk Susu,7,9000,63000,157
2024-05-28,Indomie Goreng,Makanan Instan,4,3500,14000,434
2023-10-07,Kecap Manis,Sembako,6,15000,90000,131
2025-08-08,Kacang Panggang,Snack,12,10000,120000,194
2023-06-19,Mie Ayam Instan,Makanan Instan,9,4000,36000,127
2024-05-11,Kacang Panggang,Snack,13,10000,130000,181
2025-08-22,Beras Premium,Sembako,17,75000,1275000,296
2023-11-27,Teh Botol,Minuman,3,5000,15000,358
2023-02-06,Teh Botol,Minuman,10,5000,50000,348
2023-12-29,Ramen Pedas,Makanan Instan,5,7000,35000,406
2025-12-30,Ramen Pedas,Makanan Instan,16,7000,112000,390
2023-06-08,Beras Medium,Sembako,11,65000,715000,359
2023-01-23,Sereal Sarapan,Produk Susu,11,25000,275000,373
2023-11-11,Tepung Terigu,Sembako,8,14000,112000,372
2023-12-31,Teh Celup,Minuman,4,8000,32000,401
2023-03-12,Roti Tawar,Snack,15,15000,225000,410
2025-12-26,Kacang Panggang,Snack,8,10000,80000,173
2023-04-08,Roti Tawar,Snack,14,15000,210000,396
2025-12-06,Wafer Coklat,Snack,12,8000,96000,715
2024-09-23,Susu UHT,Produk Susu,8,9000,72000,149
2023-01-10,Keripik Kentang,Snack,1,12000,12000,381
2025-02-11,Sereal Sarapan,Produk Susu,15,25000,375000,358
2024-05-26,Kecap Manis,Sembako,6,15000,90000,125
2023-07-07,Minyak Goreng,Sembako,1,28000,28000,70
2023-02-27,Susu Kental Manis,Produk Susu,1,12000,12000,222
2024-01-29,Kopi Sachet,Minuman,13,2500,32500,412
2024-03-27,Mie Ayam Instan,Makanan Instan,15,4000,60000,112
2023-12-10,Keju Slice,Produk Susu,12,18000,216000,124
2023-04-01,Beras Medium,Sembako,7,65000,455000,352
2023-08-09,Minuman Isotonik,Minuman,14,8500,119000,178
2024-10-22,Kopi Sachet,Minuman,11,2500,27500,401
2024-02-29,Minyak Goreng,Sembako,17,28000,476000,53
2025-05-26,Susu UHT,Produk Susu,4,9000,36000,145
2023-08-05,Minyak Goreng,Sembako,6,28000,168000,512
2023-01-31,Beras Medium,Sembako,7,65000,455000,345
2024-10-09,Wafer Coklat,Snack,2,8000,16000,713
2025-07-28,Minyak Goreng,Sembako,5,28000,140000,507
2024-07-24,Kacang Panggang,Snack,13,10000,130000,160
2023-03-31,Teh Celup,Minuman,2,8000,16000,399
2024-03-23,Saus Sambal,Sembako,8,13000,104000,276
2025-10-20,Sereal Sarapan,Produk Susu,4,25000,100000,354
2023-07-14,Tepung Terigu,Sembako,10,14000,140000,362
2025-03-06,Kopi Sachet,Minuman,13,2500,32500,388
2023-12-26,Kopi Sachet,Minuman,11,2500,27500,377
2024-10-13,Sereal Sarapan,Produk Susu,16,25000,400000,338
2023-05-19,Air Mineral,Minuman,6,4000,24000,342
2025-07-08,Indomie Goreng,Makanan Instan,9,3500,31500,425
2023-01-28,Minuman Isotonik,Minuman,4,8500,34000,174
2023-09-12,Indomie Goreng,Makanan Instan,5,3500,17500,420
2025-05-27,Gula Pasir,Sembako,15,16000,240000,100
2023-06-12,Keripik Kentang,Snack,1,12000,12000,380
2025-02-06,Beras Premium,Sembako,11,75000,825000,285
2023-11-07,Minyak Goreng,Sembako,7,28000,196000,500
2023-03-19,Minyak Goreng,Sembako,4,28000,112000,496
2025-06-27,Kecap Manis,Sembako,15,15000,225000,110
2024-07-23,Beras Premium,Sembako,8,75000,600000,277
2023-03-23,Keju Slice,Produk Susu,9,18000,162000,115
2025-04-29,Keju Slice,Produk Susu,14,18000,252000,101
2023-02-18,Sereal Sarapan,Produk Susu,4,25000,100000,334
2024-11-09,Kopi Botol,Minuman,6,7000,42000,544
2023-04-21,Minyak Goreng,Sembako,15,28000,420000,481
2024-05-23,Kecap Manis,Sembako,15,15000,225000,95
2024-03-31,Roti Tawar,Snack,11,15000,165000,385
2024-10-20,Minuman Isotonik,Minuman,4,8500,34000,170
2023-01-13,Wafer Coklat,Snack,2,8000,16000,711
2025-10-03,Kopi Botol,Minuman,4,7000,28000,540
2023-10-17,Indomie Soto,Makanan Instan,4,3500,14000,426
2023-07-07,Beras Premium,Sembako,3,75000,225000,274
2024-02-23,Biskuit Coklat,Snack,6,9000,54000,175
2025-05-22,Mie Ayam Instan,Makanan Instan,16,4000,64000,96
2023-12-03,Telur Ayam,Sembako,12,30000,360000,261
2024-05-16,Minyak Goreng,Sembako,7,28000,196000,474
2024-05-24,Keripik Kentang,Snack,6,12000,72000,374
2025-07-07,Biskuit Coklat,Snack,13,9000,117000,162
2025-09-12,Tepung Terigu,Sembako,5,14000,70000,357
2025-02-12,Susu UHT,Produk Susu,7,9000,63000,138
2025-05-15,Yogurt Botol,Produk Susu,13,10000,130000,503
2023-11-16,Sereal Sarapan,Produk Susu,14,25000,350000,320
2025-09-14,Keju Slice,Produk Susu,5,18000,90000,96
2023-06-20,Susu Kental Manis,Produk Susu,13,12000,156000,209
2024-09-06,Kecap Manis,Sembako,12,15000,180000,83
2023-12-26,Beras Premium,Sembako,5,75000,375000,269
2025-08-07,Susu UHT,Produk Susu,9,9000,81000,129
2025-02-07,Telur Ayam,Sembako,13,30000,390000,248
2024-11-13,Mie Ayam Instan,Makanan Instan,5,4000,20000,91
2024-02-05,Air Mineral,Minuman,3,4000,12000,339
2023-01-27,Indomie Goreng,Makanan Instan,14,3500,49000,406
2025-02-05,Minuman Isotonik,Minuman,12,8500,102000,158
2025-05-01,Kecap Manis,Sembako,10,15000,150000,73
2025-09-29,Susu UHT,Produk Susu,6,9000,54000,123
2023-03-21,Susu Kental Manis,Produk Susu,15,12000,180000,194
2025-02-27,Ramen Pedas,Makanan Instan,17,7000,119000,373
2025-06-12,Minyak Goreng,Sembako,8,28000,224000,466
2025-09-27,Minuman Isotonik,Minuman,14,8500,119000,144
2023-04-29,Roti Tawar,Snack,11,15000,165000,374
2025-05-18,Susu UHT,Produk Susu,14,9000,126000,109
2025-09-05,Gula Pasir,Sembako,4,16000,64000,96
2023-02-27,Wafer Coklat,Snack,12,8000,96000,699
2023-10-30,Kacang Panggang,Snack,5,10000,50000,155
2025-07-21,Keripik Kentang,Snack,13,12000,156000,361
2024-05-21,Tepung Terigu,Sembako,12,14000,168000,345
2023-11-27,Kacang Panggang,Snack,1,10000,10000,154
2023-07-09,Ramen Pedas,Makanan Instan,11,7000,77000,362
2025-02-26,Roti Tawar,Snack,8,15000,120000,366
2024-01-22,Minuman Isotonik,Minuman,16,8500,136000,128
2025-05-24,Beras Medium,Sembako,8,65000,520000,337
2025-12-27,Minuman Isotonik,Minuman,15,8500,127500,113
2024-09-22,Biskuit Coklat,Snack,13,9000,117000,149
2023-07-02,Sereal Sarapan,Produk Susu,2,25000,50000,318
2024-12-06,Wafer Coklat,Snack,14,8000,112000,685
2024-03-05,Tepung Terigu,Sembako,17,14000,238000,328
2024-09-22,Susu UHT,Produk Susu,1,9000,9000,108
2025-10-04,Teh Botol,Minuman,2,5000,10000,346
2025-05-05,Mie Ayam Instan,Makanan Instan,13,4000,52000,78
2024-08-13,Wafer Coklat,Snack,13,8000,104000,672
2023-12-28,Beras Medium,Sembako,6,65000,390000,331
2023-10-03,Beras Medium,Sembako,4,65000,260000,327
2024-01-08,Air Mineral,Minuman,9,4000,36000,330
2024-03-11,Yogurt Botol,Produk Susu,3,10000,30000,500
2024-01-10,Indomie Soto,Makanan Instan,13,3500,45500,413
2025-04-17,Tepung Terigu,Sembako,9,14000,126000,319
2023-12-07,Kopi Botol,Minuman,2,7000,14000,538
2023-06-25,Telur Ayam,Sembako,7,30000,210000,241
2024-07-20,Ramen Pedas,Makanan Instan,3,7000,21000,359
2024-04-25,Indomie Goreng,Makanan Instan,9,3500,31500,397
2023-07-26,Kacang Panggang,Snack,1,10000,10000,153
2024-06-28,Indomie Soto,Makanan Instan,13,3500,45500,400
2023-03-27,Kacang Panggang,Snack,2,10000,20000,151
2025-12-05,Minyak Goreng,Sembako,14,28000,392000,452
2025-12-01,Susu UHT,Produk Susu,16,9000,144000,92
2025-09-22,Kecap Manis,Sembako,11,15000,165000,62
2025-05-29,Keripik Kentang,Snack,9,12000,108000,352
2024-12-03,Kacang Panggang,Snack,6,10000,60000,145
2025-03-27,Teh Celup,Minuman,8,8000,64000,391
2024-11-07,Teh Celup,Minuman,13,8000,104000,378
2025-07-24,Indomie Goreng,Makanan Instan,18,3500,63000,379
2023-10-12,Coklat Batang,Snack,1,11000,11000,559
2023-09-09,Keripik Kentang,Snack,14,12000,168000,338
2024-07-26,Minuman Isotonik,Minuman,12,8500,102000,101
2025-07-14,Teh Celup,Minuman,14,8000,112000,364
2025-04-26,Minuman Isotonik,Minuman,13,8500,110500,88
2024-10-21,Indomie Goreng,Makanan Instan,3,3500,10500,376
2023-04-04,Teh Celup,Minuman,13,8000,104000,351
2024-10-28,Coklat Batang,Snack,12,11000,132000,547
2025-09-19,Gula Pasir,Sembako,8,16000,128000,88
2025-05-26,Teh Celup,Minuman,19,8000,152000,332
2023-07-25,Kacang Panggang,Snack,12,10000,120000,133
2024-08-24,Susu UHT,Produk Susu,10,9000,90000,82
2023-10-21,Roti Tawar,Snack,14,15000,210000,352
2025-10-30,Minuman Isotonik,Minuman,3,8500,25500,85
2023-06-28,Air Mineral,Minuman,5,4000,20000,325
2025-08-14,Teh Botol,Minuman,7,5000,35000,339
2025-09-14,Ramen Pedas,Makanan Instan,13,7000,91000,346
2024-03-09,Gula Pasir,Sembako,5,16000,80000,83
2023-07-03,Roti Tawar,Snack,2,15000,30000,350
2023-03-01,Susu Kental Manis,Produk Susu,3,12000,36000,191
2024-10-30,Kecap Manis,Sembako,16,15000,240000,738
2024-03-27,Tepung Terigu,Sembako,13,14000,182000,306
2025-09-02,Kacang Panggang,Snack,16,10000,160000,117
2023-10-06,Kacang Panggang,Snack,15,10000,150000,102
2025-10-04,Jus Kotak,Minuman,5,7000,35000,379
2024-04-03,Kopi Botol,Minuman,17,7000,119000,521
2023-05-13,Sereal Sarapan,Produk Susu,11,25000,275000,307
2025-02-11,Kopi Sachet,Minuman,19,2500,47500,358
2025-06-13,Wafer Coklat,Snack,15,8000,120000,657
2024-06-14,Gula Pasir,Sembako,3,16000,48000,80
2023-08-17,Mie Ayam Instan,Makanan Instan,2,4000,8000,76
2024-01-21,Kopi Sachet,Minuman,12,2500,30000,346
2025-01-23,Biskuit Coklat,Snack,6,9000,54000,143
2023-01-04,Susu UHT,Produk Susu,5,9000,45000,77
2024-01-24,Indomie Soto,Makanan Instan,15,3500,52500,385
2024-10-16,Susu Kental Manis,Produk Susu,14,12000,168000,177
2023-09-16,Keju Slice,Produk Susu,9,18000,162000,87
2024-03-30,Kacang Panggang,Snack,3,10000,30000,99
2025-08-01,Indomie Goreng,Makanan Instan,8,3500,28000,368
2024-08-30,Teh Botol,Minuman,14,5000,70000,325
2025-07-22,Air Mineral,Minuman,6,4000,24000,319
2023-03-12,Beras Premium,Sembako,10,75000,750000,259
2024-09-24,Kopi Sachet,Minuman,11,2500,27500,335
2024-07-14,Ramen Pedas,Makanan Instan,16,7000,112000,330
2025-09-06,Biskuit Coklat,Snack,13,9000,117000,130
2024-08-19,Air Mineral,Minuman,13,4000,52000,306
2024-11-13,Indomie Soto,Makanan Instan,5,3500,17500,380
2024-04-05,Minyak Goreng,Sembako,14,28000,392000,438
2024-01-02,Indomie Soto,Makanan Instan,15,3500,52500,365
2025-03-13,Coklat Batang,Snack,7,11000,77000,540
2025-03-14,Indomie Goreng,Makanan Instan,10,3500,35000,358
2025-08-27,Kacang Panggang,Snack,10,10000,100000,89
2023-05-28,Susu UHT,Produk Susu,9,9000,81000,68
2024-08-02,Coklat Batang,Snack,7,11000,77000,533
2024-02-04,Kecap Manis,Sembako,14,15000,210000,724
2023-07-19,Susu UHT,Produk Susu,3,9000,27000,65
2023-04-21,Kopi Sachet,Minuman,14,2500,35000,321
2024-09-14,Kecap Manis,Sembako,10,15000,150000,714
2023-10-09,Beras Medium,Sembako,8,65000,520000,319
2025-09-15,Roti Tawar,Snack,7,15000,105000,343
2024-03-22,Minyak Goreng,Sembako,15,28000,420000,423
2023-01-19,Minyak Goreng,Sembako,6,28000,168000,417
2023-07-28,Coklat Batang,Snack,11,11000,121000,522
2023-10-30,Keju Slice,Produk Susu,7,18000,126000,80
2023-12-11,Susu Kental Manis,Produk Susu,15,12000,180000,162
2023-07-16,Indomie Soto,Makanan Instan,6,3500,21000,359
2024-01-03,Air Mineral,Minuman,1,4000,4000,305
2024-11-24,Minuman Isotonik,Minuman,11,8500,93500,74
2025-04-07,Beras Premium,Sembako,5,75000,375000,254
2024-05-08,Ramen Pedas,Makanan Instan,8,7000,56000,322
2023-12-20,Telur Ayam,Sembako,11,30000,330000,230
2025-02-07,Coklat Batang,Snack,14,11000,154000,508
2025-08-07,Sereal Sarapan,Produk Susu,18,25000,450000,289
2025-06-30,Tepung Terigu,Sembako,7,14000,98000,299
2023-08-27,Ramen Pedas,Makanan Instan,2,7000,14000,320
2025-09-28,Ramen Pedas,Makanan Instan,13,7000,91000,307
2025-09-09,Indomie Goreng,Makanan Instan,6,3500,21000,352
2024-01-06,Keju Slice,Produk Susu,8,18000,144000,72
2025-06-07,Wafer Coklat,Snack,7,8000,56000,650
2024-10-28,Ramen Pedas,Makanan Instan,4,7000,28000,303
2024-01-14,Kecap Manis,Sembako,9,15000,135000,705
2025-03-17,Indomie Goreng,Makanan Instan,13,3500,45500,339
2025-11-28,Mie Ayam Instan,Makanan Instan,15,4000,60000,61
2024-02-29,Sereal Sarapan,Produk Susu,11,25000,275000,278
2024-01-04,Beras Medium,Sembako,3,65000,195000,316
2024-10-05,Yogurt Botol,Produk Susu,2,10000,20000,498
2024-02-27,Beras Premium,Sembako,11,75000,825000,243
2024-06-09,Mie Ayam Instan,Makanan Instan,14,4000,56000,390
2025-11-02,Ramen Pedas,Makanan Instan,8,7000,56000,295
2023-12-18,Jus Kotak,Minuman,7,7000,49000,372
2023-01-01,Kacang Panggang,Snack,4,10000,40000,85
2023-04-05,Telur Ayam,Sembako,9,30000,270000,221
2024-08-23,Saus Sambal,Sembako,13,13000,169000,263
2023-10-14,Yogurt Botol,Produk Susu,10,10000,100000,488
2024-10-02,Air Mineral,Minuman,10,4000,40000,295
2025-11-11,Keripik Kentang,Snack,5,12000,60000,333
2023-04-02,Kacang Panggang,Snack,4,10000,40000,81
2024-01-21,Indomie Soto,Makanan Instan,4,3500,14000,355
2024-03-16,Kopi Botol,Minuman,5,7000,35000,516
2024-03-18,Jus Kotak,Minuman,11,7000,77000,361
2023-09-21,Tepung Terigu,Sembako,12,14000,168000,287
2025-05-14,Keripik Kentang,Snack,5,12000,60000,328
2025-02-20,Tepung Terigu,Sembako,13,14000,182000,274
2025-07-23,Susu UHT,Produk Susu,5,9000,45000,60
2025-05-21,Kacang Panggang,Snack,14,10000,140000,67
2024-02-22,Jus Kotak,Minuman,4,7000,28000,357
2024-07-05,Coklat Batang,Snack,13,11000,143000,495
2024-01-30,Wafer Coklat,Snack,13,8000,104000,637
2025-11-13,Biskuit Coklat,Snack,12,9000,108000,118
2023-11-11,Susu Kental Manis,Produk Susu,6,12000,72000,156
2025-06-07,Keju Slice,Produk Susu,8,18000,144000,64
2024-05-21,Keripik Kentang,Snack,3,12000,36000,325
2025-12-24,Ramen Pedas,Makanan Instan,6,7000,42000,289
2024-11-05,Mie Ayam Instan,Makanan Instan,11,4000,44000,379
2024-11-14,Teh Celup,Minuman,14,8000,112000,318
2024-04-07,Beras Premium,Sembako,5,75000,375000,238
2025-02-11,Ramen Pedas,Makanan Instan,8,7000,56000,281
2023-09-10,Ramen Pedas,Makanan Instan,3,7000,21000,278
2024-09-19,Minuman Isotonik,Minuman,11,8500,93500,63
2025-12-19,Ramen Pedas,Makanan Instan,9,7000,63000,269
2024-07-09,Jus Kotak,Minuman,10,7000,70000,347
2023-04-09,Saus Sambal,Sembako,3,13000,39000,260
2025-03-08,Kopi Sachet,Minuman,6,2500,15000,315
2025-12-24,Keju Slice,Produk Susu,13,18000,234000,51
2023-09-19,Air Mineral,Minuman,5,4000,20000,290
2025-11-17,Indomie Goreng,Makanan Instan,14,3500,49000,325
2023-09-16,Kacang Panggang,Snack,3,10000,30000,64
2024-07-01,Susu UHT,Produk Susu,3,9000,27000,57
2025-01-28,Wafer Coklat,Snack,14,8000,112000,623
2025-05-06,Kacang Panggang,Snack,16,10000,160000,441
2024-12-25,Yogurt Botol,Produk Susu,14,10000,140000,474
2024-08-10,Minuman Isotonik,Minuman,6,8500,51000,57
2024-04-13,Minuman Isotonik,Minuman,7,8500,59500,50
2023-06-28,Kopi Botol,Minuman,5,7000,35000,511
2024-10-02,Susu Kental Manis,Produk Susu,14,12000,168000,142
2023-06-12,Wafer Coklat,Snack,2,8000,16000,621
2024-05-06,Coklat Batang,Snack,2,11000,22000,493
2023-04-28,Biskuit Coklat,Snack,2,9000,18000,116
2024-08-08,Coklat Batang,Snack,10,11000,110000,483
2023-01-22,Keju Slice,Produk Susu,7,18000,126000,690
2023-10-07,Minuman Isotonik,Minuman,8,8500,68000,596
2025-12-26,Minuman Isotonik,Minuman,13,8500,110500,583
2023-01-29,Susu UHT,Produk Susu,10,9000,90000,444
2023-01-15,Kecap Manis,Sembako,12,15000,180000,693
2025-12-30,Susu Kental Manis,Produk Susu,15,12000,180000,127
2025-12-17,Gula Pasir,Sembako,12,16000,192000,68
2025-07-07,Keripik Kentang,Snack,5,12000,60000,320
2023-06-03,Beras Medium,Sembako,6,65000,390000,310
2023-10-01,Teh Botol,Minuman,9,5000,45000,316
2023-04-15,Teh Celup,Minuman,7,8000,56000,311
2025-02-15,Air Mineral,Minuman,6,4000,24000,284
2024-11-23,Ramen Pedas,Makanan Instan,17,7000,119000,252
2023-08-30,Gula Pasir,Sembako,5,16000,80000,63
2025-09-16,Telur Ayam,Sembako,8,30000,240000,213
2023-01-05,Minyak Goreng,Sembako,12,28000,336000,405
2025-03-17,Wafer Coklat,Snack,7,8000,56000,614
2025-11-21,Kecap Manis,Sembako,15,15000,225000,678
2025-08-06,Kecap Manis,Sembako,19,15000,285000,659
2024-12-29,Indomie Soto,Makanan Instan,3,3500,10500,352
2024-11-03,Yogurt Botol,Produk Susu,6,10000,60000,468
2023-01-11,Ramen Pedas,Makanan Instan,6,7000,42000,246
2024-01-17,Saus Sambal,Sembako,8,13000,104000,252
2023-07-27,Indomie Goreng,Makanan Instan,7,3500,24500,318
2024-02-09,Air Mineral,Minuman,4,4000,16000,280
2023-11-11,Minuman Isotonik,Minuman,7,8500,59500,576
2025-09-25,Ramen Pedas,Makanan Instan,3,7000,21000,243
2024-05-27,Sereal Sarapan,Produk Susu,5,25000,125000,273
2025-02-05,Susu UHT,Produk Susu,8,9000,72000,436
2024-01-09,Susu Kental Manis,Produk Susu,10,12000,120000,117
2025-06-17,Ramen Pedas,Makanan Instan,15,7000,105000,228
2023-10-14,Beras Medium,Sembako,6,65000,390000,304
2025-06-07,Coklat Batang,Snack,4,11000,44000,479
2024-02-11,Saus Sambal,Sembako,2,13000,26000,250
2023-03-24,Telur Ayam,Sembako,3,30000,90000,210
2025-05-12,Susu UHT,Produk Susu,15,9000,135000,421
2023-03-06,Saus Sambal,Sembako,3,13000,39000,247
2024-02-12,Kacang Panggang,Snack,10,10000,100000,431
2023-09-01,Tepung Terigu,Sembako,7,14000,98000,267
2025-10-11,Air Mineral,Minuman,15,4000,60000,265
2025-03-29,Kopi Sachet,Minuman,13,2500,32500,302
2023-08-13,Beras Premium,Sembako,2,75000,150000,236
2023-02-13,Keju Slice,Produk Susu,3,18000,54000,687
2024-12-05,Beras Premium,Sembako,9,75000,675000,227
2024-04-29,Sereal Sarapan,Produk Susu,3,25000,75000,270
2024-12-01,Teh Botol,Minuman,9,5000,45000,307
2023-01-17,Coklat Batang,Snack,7,11000,77000,472
2024-08-15,Air Mineral,Minuman,6,4000,24000,259
2025-05-28,Mie Ayam Instan,Makanan Instan,6,4000,24000,373
2025-11-13,Coklat Batang,Snack,5,11000,55000,467
2023-08-24,Tepung Terigu,Sembako,14,14000,196000,253
2024-05-21,Tepung Terigu,Sembako,12,14000,168000,241
2025-08-28,Minyak Goreng,Sembako,13,28000,364000,392
2025-10-25,Roti Tawar,Snack,12,15000,180000,331
2023-11-01,Minyak Goreng,Sembako,4,28000,112000,388
2023-09-28,Ramen Pedas,Makanan Instan,7,7000,49000,221
2024-07-14,Indomie Soto,Makanan Instan,4,3500,14000,348
2023-02-06,Susu Kental Manis,Produk Susu,10,12000,120000,107
2023-07-06,Minyak Goreng,Sembako,14,28000,392000,374
2025-02-17,Indomie Soto,Makanan Instan,10,3500,35000,338
2024-04-18,Roti Tawar,Snack,5,15000,75000,326
2025-09-08,Susu Kental Manis,Produk Susu,5,12000,60000,102
2023-04-16,Wafer Coklat,Snack,5,8000,40000,609
2024-07-05,Ramen Pedas,Makanan Instan,7,7000,49000,214
2025-05-06,Teh Celup,Minuman,7,8000,56000,304
2023-04-08,Saus Sambal,Sembako,3,13000,39000,244
2023-01-02,Indomie Soto,Makanan Instan,1,3500,3500,337
2024-10-20,Kacang Panggang,Snack,5,10000,50000,426
2024-07-27,Air Mineral,Minuman,17,4000,68000,242
2025-06-01,Ramen Pedas,Makanan Instan,6,7000,42000,208
2025-01-14,Air Mineral,Minuman,9,4000,36000,233
2023-07-18,Ramen Pedas,Makanan Instan,11,7000,77000,197
2023-09-24,Indomie Goreng,Makanan Instan,6,3500,21000,312
2025-01-10,Teh Celup,Minuman,15,8000,120000,289
2024-07-19,Gula Pasir,Sembako,6,16000,96000,57
2023-06-28,Susu UHT,Produk Susu,15,9000,135000,406
2023-09-25,Ramen Pedas,Makanan Instan,11,7000,77000,186
2023-09-04,Coklat Batang,Snack,1,11000,11000,466
2024-01-26,Biskuit Coklat,Snack,6,9000,54000,110
2023-07-22,Yogurt Botol,Produk Susu,2,10000,20000,466
2024-12-03,Jus Kotak,Minuman,7,7000,49000,340
2024-02-18,Air Mineral,Minuman,11,4000,44000,222
2023-03-31,Beras Premium,Sembako,3,75000,225000,224
2025-05-06,Minyak Goreng,Sembako,12,28000,336000,362
2024-12-12,Saus Sambal,Sembako,16,13000,208000,228
2023-08-29,Yogurt Botol,Produk Susu,15,10000,150000,451
2023-05-19,Susu Kental Manis,Produk Susu,8,12000,96000,94
2025-12-08,Susu Kental Manis,Produk Susu,16,12000,192000,78
2024-07-15,Beras Medium,Sembako,12,65000,780000,292
2023-04-04,Telur Ayam,Sembako,10,30000,300000,200
2024-01-25,Indomie Soto,Makanan Instan,13,3500,45500,324
2025-12-26,Air Mineral,Minuman,15,4000,60000,207
2025-06-15,Beras Medium,Sembako,17,65000,1105000,275
2025-03-10,Jus Kotak,Minuman,10,7000,70000,330
2024-01-12,Minyak Goreng,Sembako,1,28000,28000,361
2024-03-22,Biskuit Coklat,Snack,12,9000,108000,98
2025-11-16,Indomie Goreng,Makanan Instan,11,3500,38500,301
2024-03-27,Telur Ayam,Sembako,7,30000,210000,193
2023-09-01,Tepung Terigu,Sembako,3,14000,42000,238
2023-04-04,Gula Pasir,Sembako,9,16000,144000,469
2023-03-22,Telur Ayam,Sembako,11,30000,330000,182
2024-07-22,Beras Premium,Sembako,15,75000,1125000,209
2023-04-16,Tepung Terigu,Sembako,11,14000,154000,227
2024-03-06,Gula Pasir,Sembako,9,16000,144000,460
2024-12-12,Indomie Goreng,Makanan Instan,13,3500,45500,288
2024-10-26,Teh Celup,Minuman,4,8000,32000,285
2024-06-24,Saus Sambal,Sembako,12,13000,156000,216
2024-08-26,Susu Kental Manis,Produk Susu,6,12000,72000,72
2023-01-22,Wafer Coklat,Snack,14,8000,112000,595
2024-03-25,Teh Celup,Minuman,13,8000,104000,272
2024-06-08,Beras Medium,Sembako,3,65000,195000,272
2023-08-06,Kacang Panggang,Snack,12,10000,120000,414
2025-02-21,Coklat Batang,Snack,14,11000,154000,452
2024-02-27,Kopi Botol,Minuman,15,7000,105000,496
2024-10-26,Gula Pasir,Sembako,5,16000,80000,455
2025-03-20,Biskuit Coklat,Snack,7,9000,63000,91
2025-06-07,Gula Pasir,Sembako,8,16000,128000,447
2025-09-08,Saus Sambal,Sembako,6,13000,78000,210
2025-07-29,Beras Medium,Sembako,5,65000,325000,267
2025-10-01,Minyak Goreng,Sembako,14,28000,392000,347
2024-07-31,Wafer Coklat,Snack,2,8000,16000,593
2023-12-30,Beras Medium,Sembako,14,65000,910000,253
2024-01-20,Susu UHT,Produk Susu,2,9000,18000,404
2025-05-23,Mie Ayam Instan,Makanan Instan,8,4000,32000,365
2025-04-04,Kecap Manis,Sembako,4,15000,60000,655
2023-01-25,Coklat Batang,Snack,10,11000,110000,442
2025-02-12,Ramen Pedas,Makanan Instan,8,7000,56000,178
2023-01-28,Ramen Pedas,Makanan Instan,13,7000,91000,165
2023-03-31,Teh Botol,Minuman,3,5000,15000,304
2023-06-21,Gula Pasir,Sembako,5,16000,80000,442
2023-01-28,Beras Premium,Sembako,13,75000,975000,196
2023-08-06,Indomie Goreng,Makanan Instan,9,3500,31500,279
2024-11-24,Coklat Batang,Snack,16,11000,176000,426
2024-02-19,Mie Ayam Instan,Makanan Instan,4,4000,16000,361
2025-06-28,Sereal Sarapan,Produk Susu,16,25000,400000,254
2024-11-10,Telur Ayam,Sembako,8,30000,240000,174
2023-04-25,Gula Pasir,Sembako,9,16000,144000,433
2024-07-01,Roti Tawar,Snack,13,15000,195000,313
2023-02-13,Ramen Pedas,Makanan Instan,14,7000,98000,151
2023-07-30,Indomie Soto,Makanan Instan,9,3500,31500,315
2023-07-30,Telur Ayam,Sembako,9,30000,270000,165
2025-04-30,Saus Sambal,Sembako,4,13000,52000,206
2024-04-04,Kecap Manis,Sembako,1,15000,15000,654
2025-02-28,Susu Kental Manis,Produk Susu,6,12000,72000,66
2024-08-10,Wafer Coklat,Snack,6,8000,48000,587
2023-08-19,Susu UHT,Produk Susu,8,9000,72000,396
2023-08-14,Beras Medium,Sembako,4,65000,260000,249
2024-07-31,Ramen Pedas,Makanan Instan,6,7000,42000,145
2024-11-14,Keripik Kentang,Snack,3,12000,36000,317
2023-06-23,Kecap Manis,Sembako,15,15000,225000,639
2023-11-06,Indomie Soto,Makanan Instan,3,3500,10500,312
2025-12-22,Susu Kental Manis,Produk Susu,8,12000,96000,58
2025-05-20,Kacang Panggang,Snack,6,10000,60000,408
2024-08-10,Keripik Kentang,Snack,6,12000,72000,311
2025-10-19,Tepung Terigu,Sembako,14,14000,196000,213
2024-06-27,Kecap Manis,Sembako,15,15000,225000,624
2023-06-06,Keju Slice,Produk Susu,13,18000,234000,674
2023-11-01,Indomie Goreng,Makanan Instan,13,3500,45500,266
2023-10-28,Wafer Coklat,Snack,6,8000,48000,581
2025-03-10,Beras Premium,Sembako,12,75000,900000,184
2023-05-18,Teh Botol,Minuman,2,5000,10000,302
2025-05-25,Biskuit Coklat,Snack,15,9000,135000,76
2023-07-05,Beras Premium,Sembako,6,75000,450000,178
2024-01-08,Beras Premium,Sembako,14,75000,1050000,164
2024-10-15,Teh Celup,Minuman,9,8000,72000,263
2025-04-27,Air Mineral,Minuman,13,4000,52000,194
2024-05-18,Beras Premium,Sembako,8,75000,600000,156
2025-10-15,Jus Kotak,Minuman,13,7000,91000,317
2024-04-16,Jus Kotak,Minuman,7,7000,49000,310
2025-05-13,Biskuit Coklat,Snack,11,9000,99000,65
2023-06-28,Roti Tawar,Snack,4,15000,60000,309
2023-01-06,Teh Celup,Minuman,4,8000,32000,259
2023-02-05,Kopi Botol,Minuman,6,7000,42000,490
2025-08-28,Jus Kotak,Minuman,4,7000,28000,306
2024-12-16,Indomie Soto,Makanan Instan,6,3500,21000,306
2025-07-31,Telur Ayam,Sembako,7,30000,210000,158
2024-03-07,Gula Pasir,Sembako,14,16000,224000,419
2023-10-10,Indomie Soto,Makanan Instan,2,3500,7000,304
2023-10-21,Roti Tawar,Snack,7,15000,105000,302
2023-02-23,Coklat Batang,Snack,12,11000,132000,414
2025-01-31,Susu Kental Manis,Produk Susu,2,12000,24000,56
2023-06-01,Kacang Panggang,Snack,8,10000,80000,400
2023-11-20,Teh Botol,Minuman,1,5000,5000,301
2025-01-18,Beras Premium,Sembako,4,75000,300000,152
2023-06-07,Gula Pasir,Sembako,1,16000,16000,418
2025-05-02,Biskuit Coklat,Snack,5,9000,45000,60
2023-10-14,Air Mineral,Minuman,12,4000,48000,182
2024-09-05,Minuman Isotonik,Minuman,9,8500,76500,567
2024-11-21,Coklat Batang,Snack,10,11000,110000,404
2023-01-28,Roti Tawar,Snack,5,15000,75000,297
2023-11-16,Ramen Pedas,Makanan Instan,1,7000,7000,144
2023-03-07,Saus Sambal,Sembako,10,13000,130000,196
2023-12-22,Sereal Sarapan,Produk Susu,9,25000,225000,245
2023-01-23,Beras Medium,Sembako,7,65000,455000,242
2025-05-17,Teh Botol,Minuman,15,5000,75000,286
2024-06-12,Jus Kotak,Minuman,17,7000,119000,289
2024-09-18,Minuman Isotonik,Minuman,12,8500,102000,555
2023-11-18,Susu Kental Manis,Produk Susu,5,12000,60000,51
2025-12-04,Mie Ayam Instan,Makanan Instan,9,4000,36000,352
2024-03-09,Coklat Batang,Snack,9,11000,99000,395
2024-03-24,Indomie Soto,Makanan Instan,7,3500,24500,297
2023-06-08,Teh Botol,Minuman,14,5000,70000,272
2025-08-17,Roti Tawar,Snack,11,15000,165000,286
2025-04-09,Wafer Coklat,Snack,18,8000,144000,563
2023-04-22,Beras Medium,Sembako,13,65000,845000,229
2025-05-18,Teh Celup,Minuman,7,8000,56000,252
2023-08-02,Ramen Pedas,Makanan Instan,2,7000,14000,142
2024-11-18,Teh Celup,Minuman,1,8000,8000,251
2023-11-30,Telur Ayam,Sembako,9,30000,270000,149
2023-05-14,Ramen Pedas,Makanan Instan,4,7000,28000,138
2023-01-23,Keripik Kentang,Snack,13,12000,156000,298
2024-09-25,Kecap Manis,Sembako,6,15000,90000,618
2023-03-08,Minyak Goreng,Sembako,4,28000,112000,343
2023-06-24,Tepung Terigu,Sembako,10,14000,140000,203
2023-04-02,Biskuit Coklat,Snack,10,9000,90000,50
2025-09-17,Keju Slice,Produk Susu,2,18000,36000,672
2023-07-10,Kopi Sachet,Minuman,5,2500,12500,297
2024-12-31,Indomie Goreng,Makanan Instan,14,3500,49000,252
2025-10-21,Susu UHT,Produk Susu,7,9000,63000,389
2025-03-11,Sereal Sarapan,Produk Susu,15,25000,375000,230
2023-07-19,Beras Premium,Sembako,6,75000,450000,146
2025-10-28,Susu Kental Manis,Produk Susu,4,12000,48000,359
2025-02-21,Biskuit Coklat,Snack,9,9000,81000,489
2023-11-07,Beras Medium,Sembako,11,65000,715000,218
2023-06-11,Yogurt Botol,Produk Susu,15,10000,150000,436
2023-07-11,Wafer Coklat,Snack,12,8000,96000,551
2024-03-17,Gula Pasir,Sembako,15,16000,240000,403
2023-10-16,Wafer Coklat,Snack,13,8000,104000,538
2023-11-26,Roti Tawar,Snack,9,15000,135000,277
2025-12-07,Minuman Isotonik,Minuman,18,8500,153000,537
2023-09-26,Yogurt Botol,Produk Susu,6,10000,60000,430
2025-01-07,Telur Ayam,Sembako,14,30000,420000,135
2025-03-04,Indomie Soto,Makanan Instan,6,3500,21000,291
2023-06-03,Keripik Kentang,Snack,3,12000,36000,295
2025-10-15,Biskuit Coklat,Snack,3,9000,27000,486
2024-09-25,Beras Premium,Sembako,9,75000,675000,137
2023-07-12,Air Mineral,Minuman,8,4000,32000,174
2023-12-14,Kopi Sachet,Minuman,15,2500,37500,282
2023-11-27,Telur Ayam,Sembako,2,30000,60000,133
2025-01-14,Tepung Terigu,Sembako,7,14000,98000,196
2024-01-02,Mie Ayam Instan,Makanan Instan,13,4000,52000,339
2025-08-27,Tepung Terigu,Sembako,9,14000,126000,187
2023-10-15,Wafer Coklat,Snack,2,8000,16000,536
2025-09-26,Biskuit Coklat,Snack,4,9000,36000,482
2024-08-10,Kopi Botol,Minuman,8,7000,56000,482
2023-09-22,Kopi Botol,Minuman,8,7000,56000,474
2025-11-15,Teh Celup,Minuman,17,8000,136000,234
2023-06-20,Teh Celup,Minuman,11,8000,88000,223
2025-11-02,Susu Kental Manis,Produk Susu,11,12000,132000,348
2023-03-29,Saus Sambal,Sembako,10,13000,130000,186
2023-04-27,Wafer Coklat,Snack,12,8000,96000,524
2024-05-16,Keju Slice,Produk Susu,14,18000,252000,658
2023-11-13,Indomie Goreng,Makanan Instan,14,3500,49000,238
2024-08-18,Ramen Pedas,Makanan Instan,7,7000,49000,131
2025-03-28,Biskuit Coklat,Snack,15,9000,135000,467
2025-03-06,Gula Pasir,Sembako,18,16000,288000,385
2023-07-11,Kacang Panggang,Snack,6,10000,60000,394
2025-08-17,Yogurt Botol,Produk Susu,15,10000,150000,415
2023-06-25,Ramen Pedas,Makanan Instan,3,7000,21000,128
2023-08-10,Coklat Batang,Snack,15,11000,165000,380
2025-03-23,Kecap Manis,Sembako,17,15000,255000,601
2025-04-02,Minyak Goreng,Sembako,7,28000,196000,336
2024-12-02,Kopi Sachet,Minuman,11,2500,27500,271
2025-09-02,Minyak Goreng,Sembako,5,28000,140000,331
2023-03-20,Yogurt Botol,Produk Susu,9,10000,90000,406
2025-08-20,Beras Premium,Sembako,5,75000,375000,132
2023-03-06,Kopi Sachet,Minuman,10,2500,25000,261
2025-02-17,Sereal Sarapan,Produk Susu,4,25000,100000,226
2025-05-30,Keju Slice,Produk Susu,10,18000,180000,648
2024-03-09,Indomie Soto,Makanan Instan,14,3500,49000,277
2025-05-16,Sereal Sarapan,Produk Susu,8,25000,200000,218
2023-12-27,Wafer Coklat,Snack,2,8000,16000,522
2023-05-22,Beras Premium,Sembako,5,75000,375000,127
2023-06-17,Susu UHT,Produk Susu,5,9000,45000,384
2025-07-13,Kopi Botol,Minuman,18,7000,126000,456
2024-03-14,Minuman Isotonik,Minuman,12,8500,102000,525
2023-04-21,Beras Medium,Sembako,2,65000,130000,216
2025-05-27,Saus Sambal,Sembako,9,13000,117000,177
2024-02-11,Beras Medium,Sembako,7,65000,455000,209
2025-08-31,Air Mineral,Minuman,11,4000,44000,163
2025-06-13,Roti Tawar,Snack,10,15000,150000,267
2023-01-21,Teh Botol,Minuman,9,5000,45000,263
2024-02-11,Keju Slice,Produk Susu,4,18000,72000,644
2023-10-24,Kacang Panggang,Snack,6,10000,60000,388
2024-10-10,Kacang Panggang,Snack,1,10000,10000,387
2025-07-28,Saus Sambal,Sembako,17,13000,221000,160
2024-10-10,Air Mineral,Minuman,4,4000,16000,159
2024-06-22,Susu Kental Manis,Produk Susu,11,12000,132000,337
2025-07-11,Indomie Goreng,Makanan Instan,16,3500,56000,222
2025-07-09,Wafer Coklat,Snack,12,8000,96000,510
2024-03-23,Indomie Soto,Makanan Instan,12,3500,42000,265
2023-12-07,Susu Kental Manis,Produk Susu,10,12000,120000,327
2024-03-18,Susu UHT,Produk Susu,6,9000,54000,378
2023-01-30,Minyak Goreng,Sembako,6,28000,168000,325
2025-01-15,Teh Botol,Minuman,4,5000,20000,259
2024-09-20,Saus Sambal,Sembako,9,13000,117000,151
2025-10-19,Roti Tawar,Snack,15,15000,225000,252
2025-04-20,Susu Kental Manis,Produk Susu,9,12000,108000,318
2025-05-22,Teh Botol,Minuman,12,5000,60000,247
2023-12-27,Ramen Pedas,Makanan Instan,8,7000,56000,120
2025-02-03,Susu Kental Manis,Produk Susu,5,12000,60000,313
2025-06-11,Jus Kotak,Minuman,10,7000,70000,279
2025-06-14,Kopi Botol,Minuman,14,7000,98000,442
2023-07-23,Roti Tawar,Snack,2,15000,30000,250
2023-08-01,Keju Slice,Produk Susu,2,18000,36000,642
2023-02-03,Wafer Coklat,Snack,10,8000,80000,500
2025-04-22,Kecap Manis,Sembako,6,15000,90000,595
2023-07-24,Coklat Batang,Snack,11,11000,121000,369
2025-10-27,Yogurt Botol,Produk Susu,11,10000,110000,395
2024-08-16,Kacang Panggang,Snack,15,10000,150000,372
2024-04-01,Minyak Goreng,Sembako,14,28000,392000,311
2025-02-19,Jus Kotak,Minuman,4,7000,28000,275
2025-08-19,Kopi Botol,Minuman,5,7000,35000,437
2025-08-08,Keju Slice,Produk Susu,11,18000,198000,631
2025-02-06,Indomie Goreng,Makanan Instan,15,3500,52500,207
2024-08-03,Minuman Isotonik,Minuman,7,8500,59500,518
2024-09-21,Tepung Terigu,Sembako,15,14000,210000,172
2024-05-09,Kacang Panggang,Snack,2,10000,20000,370
2023-02-01,Indomie Soto,Makanan Instan,1,3500,3500,264
2025-02-05,Beras Premium,Sembako,17,75000,1275000,110
2023-12-16,Kopi Sachet,Minuman,10,2500,25000,251
2024-05-10,Susu Kental Manis,Produk Susu,10,12000,120000,303
2025-03-16,Minyak Goreng,Sembako,15,28000,420000,296
2025-05-28,Keju Slice,Produk Susu,7,18000,126000,624
2023-12-22,Coklat Batang,Snack,7,11000,77000,362
2024-10-13,Saus Sambal,Sembako,9,13000,117000,142
2024-04-18,Susu Kental Manis,Produk Susu,4,12000,48000,299
2023-09-16,Keju Slice,Produk Susu,9,18000,162000,615
2025-03-13,Ramen Pedas,Makanan Instan,17,7000,119000,103
2023-11-22,Teh Botol,Minuman,6,5000,30000,241
2023-07-10,Minyak Goreng,Sembako,2,28000,56000,294
2025-06-14,Indomie Goreng,Makanan Instan,3,3500,10500,204
2023-06-11,Indomie Goreng,Makanan Instan,10,3500,35000,194
2023-02-21,Susu UHT,Produk Susu,12,9000,108000,366
2023-09-25,Coklat Batang,Snack,8,11000,88000,354
2025-01-03,Wafer Coklat,Snack,5,8000,40000,495
2024-03-30,Wafer Coklat,Snack,5,8000,40000,490
2024-05-17,Jus Kotak,Minuman,13,7000,91000,262
2024-06-17,Sereal Sarapan,Produk Susu,11,25000,275000,207
2023-06-19,Tepung Terigu,Sembako,15,14000,210000,157
2023-02-17,Beras Premium,Sembako,11,75000,825000,99
2023-07-31,Biskuit Coklat,Snack,2,9000,18000,465
2023-09-09,Yogurt Botol,Produk Susu,2,10000,20000,393
2024-08-01,Beras Premium,Sembako,5,75000,375000,94
2023-06-08,Mie Ayam Instan,Makanan Instan,8,4000,32000,331
2025-01-10,Kopi Botol,Minuman,17,7000,119000,420
2023-07-26,Susu UHT,Produk Susu,8,9000,72000,358
2023-02-14,Keju Slice,Produk Susu,7,18000,126000,608
2025-09-23,Mie Ayam Instan,Makanan Instan,12,4000,48000,319
2025-05-09,Minyak Goreng,Sembako,10,28000,280000,284
2025-07-12,Wafer Coklat,Snack,15,8000,120000,475
2024-09-03,Beras Medium,Sembako,1,65000,65000,208
2023-03-06,Kacang Panggang,Snack,2,10000,20000,368
2024-12-11,Kopi Sachet,Minuman,10,2500,25000,241
2023-01-11,Keripik Kentang,Snack,3,12000,36000,292
2024-06-05,Minuman Isotonik,Minuman,15,8500,127500,503
2023-03-02,Minyak Goreng,Sembako,9,28000,252000,275
2025-11-26,Indomie Goreng,Makanan Instan,11,3500,38500,183
2025-01-17,Minyak Goreng,Sembako,4,28000,112000,271
2024-11-01,Indomie Goreng,Makanan Instan,3,3500,10500,180
2023-09-17,Mie Ayam Instan,Makanan Instan,5,4000,20000,314
2025-09-13,Tepung Terigu,Sembako,5,14000,70000,152
2024-08-25,Teh Celup,Minuman,10,8000,80000,213
2025-10-12,Keju Slice,Produk Susu,11,18000,198000,597
2024-01-31,Kecap Manis,Sembako,5,15000,75000,590
2024-07-29,Minyak Goreng,Sembako,7,28000,196000,264
2024-09-30,Biskuit Coklat,Snack,3,9000,27000,462
2025-09-26,Coklat Batang,Snack,11,11000,121000,343
2024-07-10,Susu Kental Manis,Produk Susu,15,12000,180000,284
2023-08-09,Keripik Kentang,Snack,10,12000,120000,282
2025-05-29,Susu UHT,Produk Susu,7,9000,63000,351
2023-05-12,Teh Celup,Minuman,8,8000,64000,205
2023-03-11,Beras Medium,Sembako,9,65000,585000,199
2025-04-19,Tepung Terigu,Sembako,8,14000,112000,144
2023-03-03,Susu UHT,Produk Susu,2,9000,18000,349
2024-10-22,Beras Medium,Sembako,7,65000,455000,192
2024-05-17,Teh Celup,Minuman,2,8000,16000,203
2025-01-31,Kacang Panggang,Snack,8,10000,80000,360
2024-10-05,Sereal Sarapan,Produk Susu,2,25000,50000,205
2023-01-23,Kopi Sachet,Minuman,12,2500,30000,229
2024-03-13,Kopi Sachet,Minuman,10,2500,25000,219
2024-10-20,Keju Slice,Produk Susu,15,18000,270000,582
2023-05-16,Jus Kotak,Minuman,7,7000,49000,255
2024-03-10,Telur Ayam,Sembako,9,30000,270000,124
2024-07-23,Ramen Pedas,Makanan Instan,14,7000,98000,89
2023-06-03,Saus Sambal,Sembako,10,13000,130000,132
2025-05-13,Saus Sambal,Sembako,15,13000,195000,117
2024-10-17,Kopi Sachet,Minuman,4,2500,10000,215
2025-10-08,Indomie Soto,Makanan Instan,9,3500,31500,255
2025-05-12,Tepung Terigu,Sembako,3,14000,42000,141
2023-12-17,Yogurt Botol,Produk Susu,10,10000,100000,383
2025-02-23,Kopi Sachet,Minuman,5,2500,12500,210
2023-02-06,Telur Ayam,Sembako,11,30000,330000,113
2023-01-10,Keju Slice,Produk Susu,15,18000,270000,567
2024-08-05,Yogurt Botol,Produk Susu,4,10000,40000,379
2025-12-28,Indomie Soto,Makanan Instan,16,3500,56000,239
2023-02-03,Kopi Sachet,Minuman,2,2500,5000,208
2023-07-14,Air Mineral,Minuman,14,4000,56000,145
2025-04-30,Keju Slice,Produk Susu,15,18000,270000,552
2024-10-11,Tepung Terigu,Sembako,14,14000,196000,127
2023-06-13,Susu UHT,Produk Susu,9,9000,81000,340
2024-10-03,Sereal Sarapan,Produk Susu,10,25000,250000,195
2025-03-16,Indomie Soto,Makanan Instan,9,3500,31500,230
2023-09-06,Air Mineral,Minuman,14,4000,56000,131
2023-07-30,Teh Celup,Minuman,1,8000,8000,202
2023-04-08,Gula Pasir,Sembako,14,16000,224000,371
2023-10-12,Indomie Goreng,Makanan Instan,2,3500,7000,178
2025-06-11,Kopi Sachet,Minuman,6,2500,15000,202
2024-01-27,Mie Ayam Instan,Makanan Instan,13,4000,52000,301
2023-01-11,Teh Botol,Minuman,15,5000,75000,226
2023-04-18,Roti Tawar,Snack,5,15000,75000,245
2023-03-30,Saus Sambal,Sembako,2,13000,26000,115
2024-09-15,Indomie Soto,Makanan Instan,3,3500,10500,227
2025-02-16,Kopi Sachet,Minuman,7,2500,17500,195
2023-10-10,Kecap Manis,Sembako,10,15000,150000,580
2023-09-03,Yogurt Botol,Produk Susu,3,10000,30000,376
2023-10-31,Kopi Sachet,Minuman,13,2500,32500,182
2025-04-26,Biskuit Coklat,Snack,15,9000,135000,447
2023-09-08,Kacang Panggang,Snack,9,10000,90000,351
2024-05-07,Minuman Isotonik,Minuman,11,8500,93500,492
2025-09-30,Kacang Panggang,Snack,8,10000,80000,343
2025-09-15,Sereal Sarapan,Produk Susu,5,25000,125000,190
2024-08-29,Tepung Terigu,Sembako,12,14000,168000,115
2024-05-11,Teh Celup,Minuman,13,8000,104000,189
2024-02-26,Coklat Batang,Snack,12,11000,132000,331
2025-10-09,Mie Ayam Instan,Makanan Instan,3,4000,12000,298
2024-03-18,Indomie Goreng,Makanan Instan,9,3500,31500,169
2025-09-25,Minyak Goreng,Sembako,5,28000,140000,259
2025-12-16,Minyak Goreng,Sembako,12,28000,336000,247
2024-09-30,Sereal Sarapan,Produk Susu,13,25000,325000,177
2023-11-12,Wafer Coklat,Snack,14,8000,112000,461
2023-08-05,Minuman Isotonik,Minuman,15,8500,127500,477
2024-03-24,Beras Premium,Sembako,16,75000,1200000,78
2025-07-15,Susu UHT,Produk Susu,16,9000,144000,324
2025-03-30,Sereal Sarapan,Produk Susu,5,25000,125000,172
2025-05-16,Tepung Terigu,Sembako,6,14000,84000,109
2023-07-29,Kopi Botol,Minuman,3,7000,21000,417
2023-08-08,Yogurt Botol,Produk Susu,12,10000,120000,364
2024-05-07,Ramen Pedas,Makanan Instan,2,7000,14000,87
2024-06-30,Beras Medium,Sembako,2,65000,130000,190
2025-12-23,Kacang Panggang,Snack,11,10000,110000,332
2023-08-31,Tepung Terigu,Sembako,15,14000,210000,94
2023-06-22,Jus Kotak,Minuman,6,7000,42000,249
2024-03-10,Susu Kental Manis,Produk Susu,4,12000,48000,280
2025-06-01,Minuman Isotonik,Minuman,12,8500,102000,465
2025-06-22,Indomie Soto,Makanan Instan,8,3500,28000,219
2023-04-11,Ramen Pedas,Makanan Instan,11,7000,77000,76
2025-05-15,Susu UHT,Produk Susu,7,9000,63000,317
2025-04-04,Minyak Goreng,Sembako,6,28000,168000,241
2025-10-07,Minuman Isotonik,Minuman,13,8500,110500,452
2023-04-13,Ramen Pedas,Makanan Instan,11,7000,77000,65
2023-08-16,Gula Pasir,Sembako,4,16000,64000,367
2023-04-19,Ramen Pedas,Makanan Instan,15,7000,105000,50
2024-06-29,Indomie Soto,Makanan Instan,4,3500,14000,215
2023-07-26,Jus Kotak,Minuman,5,7000,35000,244
2025-04-08,Gula Pasir,Sembako,11,16000,176000,356
2024-03-26,Ramen Pedas,Makanan Instan,14,7000,98000,473
2024-02-26,Air Mineral,Minuman,3,4000,12000,128
2024-08-12,Teh Celup,Minuman,14,8000,112000,175
2023-01-07,Telur Ayam,Sembako,2,30000,60000,111
2025-10-27,Beras Medium,Sembako,19,65000,1235000,171
2024-09-17,Coklat Batang,Snack,16,11000,176000,315
2023-12-15,Gula Pasir,Sembako,6,16000,96000,350
2023-05-23,Kacang Panggang,Snack,3,10000,30000,329
2024-11-11,Beras Medium,Sembako,16,65000,1040000,155
2023-01-27,Beras Premium,Sembako,11,75000,825000,67
2025-05-26,Air Mineral,Minuman,7,4000,28000,121
2024-06-24,Beras Medium,Sembako,15,65000,975000,140
2023-01-20,Beras Medium,Sembako,10,65000,650000,130
2025-08-28,Teh Celup,Minuman,11,8000,88000,164
2024-05-21,Air Mineral,Minuman,8,4000,32000,113
2023-02-05,Indomie Soto,Makanan Instan,10,3500,35000,205
2024-08-18,Kacang Panggang,Snack,14,10000,140000,315
2025-10-27,Minuman Isotonik,Minuman,5,8500,42500,447
2023-07-12,Sereal Sarapan,Produk Susu,2,25000,50000,170
2024-11-18,Telur Ayam,Sembako,9,30000,270000,102
2024-12-19,Coklat Batang,Snack,10,11000,110000,305
2025-09-23,Kacang Panggang,Snack,8,10000,80000,307
2023-01-28,Yogurt Botol,Produk Susu,14,10000,140000,350
2024-09-08,Teh Celup,Minuman,13,8000,104000,151
2025-11-26,Saus Sambal,Sembako,17,13000,221000,98
2024-07-06,Ramen Pedas,Makanan Instan,13,7000,91000,460
2023-02-12,Coklat Batang,Snack,3,11000,33000,302
2024-03-27,Susu Kental Manis,Produk Susu,11,12000,132000,269
2025-10-16,Teh Celup,Minuman,3,8000,24000,148
2025-06-01,Biskuit Coklat,Snack,8,9000,72000,439
2023-07-02,Coklat Batang,Snack,4,11000,44000,298
2025-02-12,Kecap Manis,Sembako,12,15000,180000,568
2025-07-09,Tepung Terigu,Sembako,17,14000,238000,77
2024-12-15,Tepung Terigu,Sembako,16,14000,224000,61
2025-05-04,Susu UHT,Produk Susu,8,9000,72000,309
2023-03-26,Minyak Goreng,Sembako,10,28000,280000,231
2024-12-04,Minuman Isotonik,Minuman,16,8500,136000,431
2025-06-06,Ramen Pedas,Makanan Instan,17,7000,119000,443
2024-12-11,Biskuit Coklat,Snack,5,9000,45000,434
2025-10-18,Indomie Goreng,Makanan Instan,17,3500,59500,152
2023-11-04,Yogurt Botol,Produk Susu,9,10000,90000,341
2023-11-30,Telur Ayam,Sembako,5,30000,150000,97
2024-08-13,Air Mineral,Minuman,3,4000,12000,110
2025-07-18,Indomie Goreng,Makanan Instan,3,3500,10500,149
2023-09-10,Telur Ayam,Sembako,1,30000,30000,96
2024-09-18,Air Mineral,Minuman,2,4000,8000,108
2023-01-02,Teh Celup,Minuman,1,8000,8000,147
2023-10-10,Tepung Terigu,Sembako,6,14000,84000,55
2024-08-03,Saus Sambal,Sembako,15,13000,195000,83
2023-11-14,Kacang Panggang,Snack,2,10000,20000,305
2024-07-08,Roti Tawar,Snack,5,15000,75000,240
2025-06-03,Minyak Goreng,Sembako,11,28000,308000,220
2024-03-24,Telur Ayam,Sembako,2,30000,60000,94
2024-12-27,Kecap Manis,Sembako,6,15000,90000,562
2025-03-02,Wafer Coklat,Snack,11,8000,88000,450
2023-07-20,Saus Sambal,Sembako,15,13000,195000,68
2024-09-10,Tepung Terigu,Sembako,11,14000,154000,432
2025-06-11,Biskuit Coklat,Snack,14,9000,126000,420
2023-10-13,Keju Slice,Produk Susu,11,18000,198000,541
2024-02-13,Sereal Sarapan,Produk Susu,5,25000,125000,165
2024-02-13,Susu Kental Manis,Produk Susu,6,12000,72000,263
2024-08-31,Mie Ayam Instan,Makanan Instan,12,4000,48000,286
2024-01-11,Yogurt Botol,Produk Susu,8,10000,80000,333
2023-10-11,Ramen Pedas,Makanan Instan,9,7000,63000,434
2024-10-03,Yogurt Botol,Produk Susu,11,10000,110000,322
2025-01-02,Roti Tawar,Snack,11,15000,165000,229
2025-08-13,Susu Kental Manis,Produk Susu,11,12000,132000,252
2023-02-26,Yogurt Botol,Produk Susu,15,10000,150000,307
2023-02-24,Jus Kotak,Minuman,13,7000,91000,231
2023-07-01,Susu Kental Manis,Produk Susu,13,12000,156000,239
2024-09-11,Beras Premium,Sembako,13,75000,975000,54
2025-11-14,Biskuit Coklat,Snack,8,9000,72000,412
2024-08-23,Keripik Kentang,Snack,2,12000,24000,280
2025-04-05,Beras Premium,Sembako,12,75000,900000,578
2025-11-26,Keju Slice,Produk Susu,9,18000,162000,532
2023-04-23,Mie Ayam Instan,Makanan Instan,5,4000,20000,281
2023-08-08,Teh Botol,Minuman,6,5000,30000,220
2023-07-19,Keripik Kentang,Snack,14,12000,168000,266
2025-09-13,Telur Ayam,Sembako,15,30000,450000,79
2023-05-05,Kopi Botol,Minuman,2,7000,14000,415
2025-11-12,Coklat Batang,Snack,13,11000,143000,285
2024-02-24,Roti Tawar,Snack,9,15000,135000,220
2025-10-11,Jus Kotak,Minuman,5,7000,35000,226
2023-11-13,Saus Sambal,Sembako,5,13000,65000,63
2024-09-28,Wafer Coklat,Snack,12,8000,96000,438
2025-09-20,Keju Slice,Produk Susu,12,18000,216000,520
2023-05-18,Ramen Pedas,Makanan Instan,1,7000,7000,433
2023-09-05,Beras Premium,Sembako,9,75000,675000,569
2024-05-21,Ramen Pedas,Makanan Instan,4,7000,28000,429
2023-02-20,Air Mineral,Minuman,14,4000,56000,94
2025-06-27,Minuman Isotonik,Minuman,8,8500,68000,423
2023-09-07,Kecap Manis,Sembako,5,15000,75000,557
2025-09-17,Susu UHT,Produk Susu,5,9000,45000,304
2024-06-17,Teh Botol,Minuman,16,5000,80000,204
2025-06-18,Kacang Panggang,Snack,15,10000,150000,290
2023-10-27,Susu Kental Manis,Produk Susu,11,12000,132000,228
2024-01-14,Indomie Goreng,Makanan Instan,5,3500,17500,144
2024-05-07,Kacang Panggang,Snack,5,10000,50000,285
2024-02-15,Coklat Batang,Snack,9,11000,99000,276
2024-08-15,Telur Ayam,Sembako,11,30000,330000,68
2025-10-06,Biskuit Coklat,Snack,9,9000,81000,403
2025-03-01,Susu UHT,Produk Susu,13,9000,117000,291
2025-05-03,Yogurt Botol,Produk Susu,18,10000,180000,289
2023-02-27,Beras Premium,Sembako,5,75000,375000,564
2023-09-04,Yogurt Botol,Produk Susu,10,10000,100000,279
2023-01-23,Susu UHT,Produk Susu,10,9000,90000,281
2023-03-11,Telur Ayam,Sembako,11,30000,330000,57
2025-06-29,Wafer Coklat,Snack,4,8000,32000,434
2025-08-16,Beras Premium,Sembako,19,75000,1425000,545
2023-01-19,Tepung Terigu,Sembako,3,14000,42000,429
2025-10-22,Teh Celup,Minuman,16,8000,128000,131
2025-12-11,Teh Celup,Minuman,8,8000,64000,123
2023-11-07,Beras Medium,Sembako,6,65000,390000,124
2024-11-25,Wafer Coklat,Snack,10,8000,80000,424
2023-10-14,Kopi Botol,Minuman,5,7000,35000,410
2024-09-12,Keju Slice,Produk Susu,16,18000,288000,504
2025-09-17,Mie Ayam Instan,Makanan Instan,11,4000,44000,270
2024-01-05,Keripik Kentang,Snack,12,12000,144000,254
2025-11-04,Kecap Manis,Sembako,16,15000,240000,541
2024-10-25,Beras Premium,Sembako,12,75000,900000,533
2025-04-06,Teh Celup,Minuman,3,8000,24000,120
2023-11-22,Indomie Goreng,Makanan Instan,4,3500,14000,140
2023-08-06,Ramen Pedas,Makanan Instan,8,7000,56000,421
2025-09-02,Kecap Manis,Sembako,8,15000,120000,533
2024-04-29,Sereal Sarapan,Produk Susu,2,25000,50000,163
2025-02-25,Coklat Batang,Snack,17,11000,187000,259
2023-05-12,Kecap Manis,Sembako,1,15000,15000,532
2024-05-27,Keripik Kentang,Snack,2,12000,24000,252
2023-05-30,Kopi Botol,Minuman,8,7000,56000,402
2025-02-05,Sereal Sarapan,Produk Susu,11,25000,275000,152
2023-12-23,Kecap Manis,Sembako,6,15000,90000,526
2025-07-09,Ramen Pedas,Makanan Instan,9,7000,63000,412
2024-02-14,Wafer Coklat,Snack,5,8000,40000,419
2025-06-15,Air Mineral,Minuman,14,4000,56000,80
2024-02-17,Gula Pasir,Sembako,12,16000,192000,338
2025-12-18,Susu Kental Manis,Produk Susu,15,12000,180000,213
2023-02-19,Mie Ayam Instan,Makanan Instan,11,4000,44000,259
2023-07-17,Kacang Panggang,Snack,4,10000,40000,281
2023-10-15,Indomie Soto,Makanan Instan,15,3500,52500,190
2025-01-06,Indomie Goreng,Makanan Instan,17,3500,59500,123
2023-05-28,Biskuit Coklat,Snack,6,9000,54000,397
2025-12-17,Beras Medium,Sembako,10,65000,650000,114
2024-02-29,Teh Botol,Minuman,11,5000,55000,193
2024-12-22,Minuman Isotonik,Minuman,8,8500,68000,415
2023-10-10,Saus Sambal,Sembako,13,13000,169000,50
2025-06-17,Mie Ayam Instan,Makanan Instan,11,4000,44000,248
2023-05-26,Kopi Botol,Minuman,10,7000,70000,392
2023-09-18,Mie Ayam Instan,Makanan Instan,13,4000,52000,235
2024-09-02,Minuman Isotonik,Minuman,2,8500,17000,413
2024-04-17,Air Mineral,Minuman,3,4000,12000,77
2024-11-08,Jus Kotak,Minuman,1,7000,7000,225
2024-08-16,Teh Botol,Minuman,16,5000,80000,177
2025-01-02,Susu UHT,Produk Susu,4,9000,36000,277
2023-06-03,Telur Ayam,Sembako,9,30000,270000,642
2025-11-26,Gula Pasir,Sembako,18,16000,288000,320
2023-04-27,Susu UHT,Produk Susu,9,9000,81000,268
2023-08-16,Roti Tawar,Snack,10,15000,150000,210
2024-06-22,Air Mineral,Minuman,11,4000,44000,66
2024-11-23,Indomie Soto,Makanan Instan,8,3500,28000,182
2024-11-16,Minyak Goreng,Sembako,15,28000,420000,205
2024-02-23,Beras Premium,Sembako,11,75000,825000,522
2023-05-08,Kopi Sachet,Minuman,4,2500,10000,178
2023-05-30,Air Mineral,Minuman,13,4000,52000,53
2023-03-14,Biskuit Coklat,Snack,6,9000,54000,391
2025-05-02,Mie Ayam Instan,Makanan Instan,11,4000,44000,224
2025-09-07,Saus Sambal,Sembako,6,13000,78000,714
2023-08-02,Indomie Soto,Makanan Instan,1,3500,3500,181
2025-11-05,Air Mineral,Minuman,7,4000,28000,566
2024-09-13,Air Mineral,Minuman,13,4000,52000,553
2023-04-24,Indomie Goreng,Makanan Instan,1,3500,3500,122
2024-02-06,Sereal Sarapan,Produk Susu,11,25000,275000,141
2025-02-15,Kopi Botol,Minuman,12,7000,84000,380
2025-09-14,Jus Kotak,Minuman,5,7000,35000,220
2025-02-11,Sereal Sarapan,Produk Susu,14,25000,350000,127
2025-05-24,Susu Kental Manis,Produk Susu,11,12000,132000,202
2025-06-15,Ramen Pedas,Makanan Instan,5,7000,35000,407
2024-02-01,Teh Celup,Minuman,7,8000,56000,113
2023-04-29,Kecap Manis,Sembako,4,15000,60000,522
2023-07-08,Gula Pasir,Sembako,10,16000,160000,310
2024-04-10,Indomie Goreng,Makanan Instan,9,3500,31500,113
2023-04-04,Sereal Sarapan,Produk Susu,13,25000,325000,114
2024-05-26,Indomie Goreng,Makanan Instan,14,3500,49000,99
2023-04-27,Mie Ayam Instan,Makanan Instan,3,4000,12000,221
2024-01-05,Yogurt Botol,Produk Susu,5,10000,50000,274
2024-12-17,Kopi Sachet,Minuman,12,2500,30000,166
2024-05-15,Saus Sambal,Sembako,5,13000,65000,709
2025-03-25,Keripik Kentang,Snack,9,12000,108000,243
2023-06-07,Kacang Panggang,Snack,2,10000,20000,279
2024-02-26,Tepung Terigu,Sembako,10,14000,140000,419
2025-01-01,Coklat Batang,Snack,17,11000,187000,242
2024-09-11,Yogurt Botol,Produk Susu,8,10000,80000,266
2024-05-15,Telur Ayam,Sembako,10,30000,300000,632
2025-10-28,Kopi Sachet,Minuman,3,2500,7500,163
2025-04-21,Teh Celup,Minuman,16,8000,128000,97
2023-06-10,Tepung Terigu,Sembako,4,14000,56000,415
2023-10-08,Kecap Manis,Sembako,14,15000,210000,508
2024-04-17,Minuman Isotonik,Minuman,7,8500,59500,406
2024-03-07,Jus Kotak,Minuman,3,7000,21000,217
2023-10-18,Coklat Batang,Snack,1,11000,11000,241
2025-06-20,Gula Pasir,Sembako,15,16000,240000,295
2023-02-13,Ramen Pedas,Makanan Instan,8,7000,56000,399
2023-03-11,Teh Botol,Minuman,5,5000,25000,172
2025-02-25,Tepung Terigu,Sembako,6,14000,84000,409
2024-07-25,Indomie Soto,Makanan Instan,16,3500,56000,165
2025-10-11,Susu UHT,Produk Susu,5,9000,45000,263
2025-06-28,Susu UHT,Produk Susu,3,9000,27000,260
2025-02-15,Minyak Goreng,Sembako,7,28000,196000,198
2023-04-18,Jus Kotak,Minuman,11,7000,77000,206
2023-03-06,Telur Ayam,Sembako,9,30000,270000,623
2024-12-13,Sereal Sarapan,Produk Susu,15,25000,375000,99
2024-11-19,Kecap Manis,Sembako,16,15000,240000,492
2024-03-19,Keju Slice,Produk Susu,13,18000,234000,491
2025-06-07,Kopi Sachet,Minuman,18,2500,45000,145
2023-04-27,Keju Slice,Produk Susu,13,18000,234000,478
2025-03-05,Ramen Pedas,Makanan Instan,15,7000,105000,384
2025-12-31,Kopi Botol,Minuman,12,7000,84000,368
2025-11-28,Biskuit Coklat,Snack,7,9000,63000,384
2025-08-15,Susu UHT,Produk Susu,14,9000,126000,246
2023-02-01,Beras Premium,Sembako,5,75000,375000,517
2024-07-15,Keju Slice,Produk Susu,2,18000,36000,476
2024-08-28,Sereal Sarapan,Produk Susu,8,25000,200000,91
2023-03-21,Susu UHT,Produk Susu,10,9000,90000,236
2025-01-10,Tepung Terigu,Sembako,8,14000,112000,401
2023-01-26,Keju Slice,Produk Susu,2,18000,36000,474
2024-10-19,Telur Ayam,Sembako,15,30000,450000,608
2024-01-02,Kopi Botol,Minuman,9,7000,63000,359
2025-06-19,Indomie Goreng,Makanan Instan,5,3500,17500,94
2025-01-04,Indomie Soto,Makanan Instan,10,3500,35000,155
2023-04-30,Susu Kental Manis,Produk Susu,10,12000,120000,192
2024-07-20,Mie Ayam Instan,Makanan Instan,17,4000,68000,204
2024-10-05,Jus Kotak,Minuman,3,7000,21000,203
2024-06-12,Beras Medium,Sembako,14,65000,910000,100
2025-10-10,Tepung Terigu,Sembako,5,14000,70000,396
2023-12-24,Wafer Coklat,Snack,3,8000,24000,416
2023-04-12,Kopi Botol,Minuman,4,7000,28000,355
2023-03-20,Ramen Pedas,Makanan Instan,3,7000,21000,381
2025-11-03,Kacang Panggang,Snack,18,10000,180000,261
2024-10-11,Biskuit Coklat,Snack,3,9000,27000,381
2024-04-11,Roti Tawar,Snack,3,15000,45000,207
2024-06-11,Tepung Terigu,Sembako,3,14000,42000,393
2024-12-24,Kopi Botol,Minuman,11,7000,77000,344
2024-04-25,Indomie Soto,Makanan Instan,6,3500,21000,149
2025-11-04,Mie Ayam Instan,Makanan Instan,9,4000,36000,195
2023-06-08,Minuman Isotonik,Minuman,4,8500,34000,402
2024-10-29,Minyak Goreng,Sembako,11,28000,308000,187
2025-05-01,Teh Botol,Minuman,6,5000,30000,166
2024-08-02,Saus Sambal,Sembako,3,13000,39000,706
2025-01-07,Kopi Sachet,Minuman,10,2500,25000,135
2025-02-06,Saus Sambal,Sembako,11,13000,143000,695
2023-03-05,Keripik Kentang,Snack,3,12000,36000,240
2023-04-02,Teh Celup,Minuman,5,8000,40000,92
2023-11-04,Kecap Manis,Sembako,15,15000,225000,477
2023-02-22,Biskuit Coklat,Snack,2,9000,18000,379
2024-03-09,Keripik Kentang,Snack,14,12000,168000,226
2025-11-06,Minuman Isotonik,Minuman,16,8500,136000,386
2025-02-14,Minyak Goreng,Sembako,15,28000,420000,172
2023-11-04,Kacang Panggang,Snack,7,10000,70000,254
2023-06-10,Sereal Sarapan,Produk Susu,2,25000,50000,89
2024-04-04,Kecap Manis,Sembako,12,15000,180000,465
2025-05-06,Biskuit Coklat,Snack,10,9000,90000,369
2025-12-16,Kopi Botol,Minuman,14,7000,98000,330
2025-08-25,Keripik Kentang,Snack,15,12000,180000,211
2024-07-05,Kopi Sachet,Minuman,6,2500,15000,129
2024-05-14,Telur Ayam,Sembako,6,30000,180000,602
2025-01-11,Keju Slice,Produk Susu,8,18000,144000,466
2023-08-25,Kopi Sachet,Minuman,12,2500,30000,117
2025-06-30,Gula Pasir,Sembako,16,16000,256000,279
2023-06-13,Teh Celup,Minuman,6,8000,48000,86
2025-11-01,Jus Kotak,Minuman,5,7000,35000,198
2025-09-18,Wafer Coklat,Snack,12,8000,96000,404
2025-05-07,Yogurt Botol,Produk Susu,6,10000,60000,260
2024-05-16,Kecap Manis,Sembako,14,15000,210000,451
2023-10-10,Kacang Panggang,Snack,10,10000,100000,244
2024-08-10,Tepung Terigu,Sembako,7,14000,98000,386
2023-06-16,Ramen Pedas,Makanan Instan,7,7000,49000,374
2025-10-31,Susu Kental Manis,Produk Susu,7,12000,84000,185
2024-02-10,Wafer Coklat,Snack,15,8000,120000,389
2025-07-18,Saus Sambal,Sembako,3,13000,39000,692
2025-05-07,Ramen Pedas,Makanan Instan,9,7000,63000,365
2023-07-26,Coklat Batang,Snack,3,11000,33000,238
2023-03-11,Kopi Botol,Minuman,14,7000,98000,316
2023-02-19,Susu Kental Manis,Produk Susu,12,12000,144000,173
2023-05-30,Beras Medium,Sembako,3,65000,195000,97
2025-12-20,Minuman Isotonik,Minuman,19,8500,161500,367
2025-05-14,Saus Sambal,Sembako,8,13000,104000,684
2024-05-09,Susu UHT,Produk Susu,13,9000,117000,223
2024-11-20,Ramen Pedas,Makanan Instan,16,7000,112000,349
2023-08-09,Biskuit Coklat,Snack,12,9000,108000,357
2023-06-01,Indomie Soto,Makanan Instan,12,3500,42000,137
2024-12-27,Kecap Manis,Sembako,9,15000,135000,442
2025-07-10,Wafer Coklat,Snack,16,8000,128000,373
2025-09-04,Telur Ayam,Sembako,14,30000,420000,588
2024-01-11,Coklat Batang,Snack,14,11000,154000,224
2025-11-09,Kecap Manis,Sembako,4,15000,60000,438
2023-01-16,Saus Sambal,Sembako,10,13000,130000,674
2025-01-27,Biskuit Coklat,Snack,15,9000,135000,342
2024-10-18,Susu UHT,Produk Susu,8,9000,72000,215
2024-07-26,Minuman Isotonik,Minuman,13,8500,110500,354
2024-08-31,Gula Pasir,Sembako,9,16000,144000,270
2025-11-26,Indomie Soto,Makanan Instan,19,3500,66500,118
2024-10-23,Telur Ayam,Sembako,8,30000,240000,580
2024-01-01,Sereal Sarapan,Produk Susu,3,25000,75000,86
2024-03-07,Teh Botol,Minuman,9,5000,45000,157
2024-10-05,Tepung Terigu,Sembako,3,14000,42000,383
2023-12-06,Telur Ayam,Sembako,2,30000,60000,578
2024-07-14,Telur Ayam,Sembako,9,30000,270000,569
2023-12-13,Gula Pasir,Sembako,5,16000,80000,265
2024-06-15,Kecap Manis,Sembako,10,15000,150000,428
2024-04-19,Kecap Manis,Sembako,12,15000,180000,416
2023-07-16,Beras Premium,Sembako,4,75000,300000,513
2025-11-07,Jus Kotak,Minuman,15,7000,105000,183
2023-03-23,Indomie Goreng,Makanan Instan,15,3500,52500,79
2024-02-04,Jus Kotak,Minuman,2,7000,14000,181
2023-02-22,Teh Botol,Minuman,6,5000,30000,151
2024-07-31,Minyak Goreng,Sembako,11,28000,308000,161
2025-06-30,Coklat Batang,Snack,11,11000,121000,213
2025-07-18,Teh Botol,Minuman,6,5000,30000,145
2023-09-03,Roti Tawar,Snack,8,15000,120000,199
2025-06-04,Saus Sambal,Sembako,11,13000,143000,663
2023-10-08,Mie Ayam Instan,Makanan Instan,5,4000,20000,190
2023-08-27,Coklat Batang,Snack,6,11000,66000,207
2023-06-11,Keju Slice,Produk Susu,12,18000,216000,454
2024-03-31,Keju Slice,Produk Susu,12,18000,216000,442
2023-11-17,Kopi Sachet,Minuman,9,2500,22500,108
2024-07-19,Kopi Sachet,Minuman,10,2500,25000,98
2025-11-16,Coklat Batang,Snack,12,11000,132000,195
2024-10-06,Roti Tawar,Snack,15,15000,225000,184
2023-07-25,Susu Kental Manis,Produk Susu,15,12000,180000,158
2025-12-03,Roti Tawar,Snack,8,15000,120000,176
2023-03-14,Teh Botol,Minuman,11,5000,55000,134
2023-01-17,Wafer Coklat,Snack,4,8000,32000,369
2025-02-09,Beras Premium,Sembako,16,75000,1200000,497
2024-02-05,Kacang Panggang,Snack,6,10000,60000,238
2025-09-19,Beras Premium,Sembako,16,75000,1200000,481
2025-10-14,Coklat Batang,Snack,7,11000,77000,188
2023-07-01,Minyak Goreng,Sembako,9,28000,252000,152
2024-03-14,Kopi Botol,Minuman,2,7000,14000,314
2025-10-01,Mie Ayam Instan,Makanan Instan,11,4000,44000,179
2023-12-31,Roti Tawar,Snack,1,15000,15000,175
2024-06-22,Susu Kental Manis,Produk Susu,11,12000,132000,147
2024-04-25,Wafer Coklat,Snack,12,8000,96000,357
2025-12-22,Air Mineral,Minuman,13,4000,52000,540
2024-09-06,Saus Sambal,Sembako,14,13000,182000,649
2024-08-21,Saus Sambal,Sembako,12,13000,156000,637
2025-03-14,Air Mineral,Minuman,13,4000,52000,527
2025-09-12,Jus Kotak,Minuman,6,7000,42000,175
2023-08-19,Gula Pasir,Sembako,15,16000,240000,250
2024-08-11,Saus Sambal,Sembako,8,13000,104000,629
2024-05-21,Kopi Sachet,Minuman,12,2500,30000,86
2023-12-27,Ramen Pedas,Makanan Instan,8,7000,56000,341
2023-08-21,Kopi Sachet,Minuman,6,2500,15000,80
2025-03-26,Roti Tawar,Snack,14,15000,210000,161
2025-09-17,Sereal Sarapan,Produk Susu,18,25000,450000,68
2025-04-23,Keripik Kentang,Snack,13,12000,156000,198
2024-08-18,Indomie Goreng,Makanan Instan,7,3500,24500,72
2025-04-17,Minyak Goreng,Sembako,4,28000,112000,148
2024-10-12,Tepung Terigu,Sembako,8,14000,112000,375
2025-06-24,Keju Slice,Produk Susu,11,18000,198000,431
2023-04-22,Tepung Terigu,Sembako,5,14000,70000,370
2024-03-24,Air Mineral,Minuman,8,4000,32000,519
2023-04-04,Teh Botol,Minuman,5,5000,25000,129
2025-04-19,Yogurt Botol,Produk Susu,6,10000,60000,254
2024-02-27,Jus Kotak,Minuman,15,7000,105000,160
2024-11-06,Ramen Pedas,Makanan Instan,5,7000,35000,336
2023-02-10,Jus Kotak,Minuman,12,7000,84000,148
2025-02-15,Indomie Goreng,Makanan Instan,5,3500,17500,67
2024-12-23,Kecap Manis,Sembako,15,15000,225000,401
2023-04-11,Mie Ayam Instan,Makanan Instan,9,4000,36000,170
2025-01-11,Minyak Goreng,Sembako,11,28000,308000,137
2025-03-21,Beras Medium,Sembako,16,65000,1040000,81
2023-11-27,Telur Ayam,Sembako,15,30000,450000,554
2024-11-09,Teh Celup,Minuman,7,8000,56000,79
2024-05-24,Jus Kotak,Minuman,1,7000,7000,147
2023-02-11,Kopi Botol,Minuman,13,7000,91000,301
2023-07-29,Minuman Isotonik,Minuman,9,8500,76500,345
2025-09-20,Susu UHT,Produk Susu,3,9000,27000,212
2024-09-09,Telur Ayam,Sembako,1,30000,30000,553
2024-05-21,Wafer Coklat,Snack,2,8000,16000,355
2023-09-11,Coklat Batang,Snack,14,11000,154000,174
2025-02-12,Keju Slice,Produk Susu,15,18000,270000,416
2024-07-06,Beras Premium,Sembako,14,75000,1050000,467
2023-06-01,Mie Ayam Instan,Makanan Instan,9,4000,36000,161
2025-04-30,Coklat Batang,Snack,2,11000,22000,172
2023-11-07,Coklat Batang,Snack,2,11000,22000,170
2025-03-12,Coklat Batang,Snack,7,11000,77000,163
2024-10-24,Keju Slice,Produk Susu,9,18000,162000,407
2023-02-17,Coklat Batang,Snack,5,11000,55000,158
2025-07-28,Tepung Terigu,Sembako,5,14000,70000,365
2025-08-23,Tepung Terigu,Sembako,10,14000,140000,355
2023-07-10,Susu Kental Manis,Produk Susu,4,12000,48000,143
2024-07-24,Susu Kental Manis,Produk Susu,9,12000,108000,134
2025-12-28,Kecap Manis,Sembako,11,15000,165000,390
2023-02-05,Susu UHT,Produk Susu,8,9000,72000,204
2025-03-17,Coklat Batang,Snack,7,11000,77000,151
2024-04-03,Yogurt Botol,Produk Susu,10,10000,100000,244
2024-04-20,Susu UHT,Produk Susu,9,9000,81000,195
2023-08-12,Air Mineral,Minuman,11,4000,44000,508
2024-11-11,Telur Ayam,Sembako,5,30000,150000,548
2023-07-15,Mie Ayam Instan,Makanan Instan,9,4000,36000,152
2024-03-01,Beras Medium,Sembako,15,65000,975000,66
2024-05-26,Biskuit Coklat,Snack,2,9000,18000,340
2025-08-27,Susu UHT,Produk Susu,11,9000,99000,184
2025-10-07,Indomie Soto,Makanan Instan,9,3500,31500,109
2024-11-22,Telur Ayam,Sembako,14,30000,420000,534
2024-10-20,Indomie Soto,Makanan Instan,14,3500,49000,95
2025-04-12,Keripik Kentang,Snack,15,12000,180000,183
2024-03-04,Tepung Terigu,Sembako,15,14000,210000,340
2025-09-27,Keju Slice,Produk Susu,13,18000,234000,394
2024-04-27,Kopi Sachet,Minuman,7,2500,17500,73
2025-09-16,Roti Tawar,Snack,10,15000,150000,151
2023-08-04,Kecap Manis,Sembako,7,15000,105000,383
2023-06-08,Roti Tawar,Snack,7,15000,105000,144
2023-01-28,Beras Premium,Sembako,3,75000,225000,464
2023-09-06,Minuman Isotonik,Minuman,3,8500,25500,342
2025-06-15,Minyak Goreng,Sembako,15,28000,420000,122
2025-05-18,Indomie Soto,Makanan Instan,10,3500,35000,85
2025-12-10,Wafer Coklat,Snack,10,8000,80000,345
2025-05-06,Coklat Batang,Snack,8,11000,88000,143
2023-08-29,Telur Ayam,Sembako,7,30000,210000,527
2024-07-09,Telur Ayam,Sembako,10,30000,300000,517
2025-01-31,Keripik Kentang,Snack,12,12000,144000,171
2024-08-17,Beras Premium,Sembako,11,75000,825000,453
2025-01-30,Minyak Goreng,Sembako,12,28000,336000,110
2025-08-05,Air Mineral,Minuman,7,4000,28000,501
2023-10-05,Kecap Manis,Sembako,3,15000,45000,380
2025-08-28,Minuman Isotonik,Minuman,4,8500,34000,338
2024-01-03,Susu Kental Manis,Produk Susu,4,12000,48000,130
2023-01-12,Mie Ayam Instan,Makanan Instan,5,4000,20000,147
2024-01-20,Roti Tawar,Snack,6,15000,90000,138
2025-07-28,Ramen Pedas,Makanan Instan,7,7000,49000,329
2025-08-17,Indomie Soto,Makanan Instan,12,3500,42000,73
2024-12-18,Mie Ayam Instan,Makanan Instan,13,4000,52000,134
2024-04-07,Saus Sambal,Sembako,8,13000,104000,621
2024-01-30,Indomie Goreng,Makanan Instan,6,3500,21000,61
2025-05-22,Teh Botol,Minuman,13,5000,65000,116
2025-04-05,Teh Celup,Minuman,18,8000,144000,61
2024-02-19,Jus Kotak,Minuman,4,7000,28000,143
2023-07-30,Beras Premium,Sembako,12,75000,900000,441
2024-07-27,Minyak Goreng,Sembako,4,28000,112000,106
2023-07-29,Biskuit Coklat,Snack,3,9000,27000,337
2025-12-05,Keju Slice,Produk Susu,14,18000,252000,380
2024-07-21,Kopi Sachet,Minuman,15,2500,37500,58
2025-08-27,Kopi Botol,Minuman,6,7000,42000,295
2024-04-19,Indomie Goreng,Makanan Instan,4,3500,14000,57
2023-10-28,Kecap Manis,Sembako,3,15000,45000,377
2025-08-31,Beras Medium,Sembako,15,65000,975000,51
2023-06-09,Kopi Sachet,Minuman,15,2500,37500,369
2025-11-13,Beras Premium,Sembako,17,75000,1275000,424
2025-08-24,Susu Kental Manis,Produk Susu,9,12000,108000,121
2023-08-29,Minuman Isotonik,Minuman,4,8500,34000,334
2025-03-16,Jus Kotak,Minuman,11,7000,77000,132
2025-08-29,Roti Tawar,Snack,9,15000,135000,129
2025-12-05,Teh Botol,Minuman,7,5000,35000,109
2024-03-14,Saus Sambal,Sembako,5,13000,65000,616
2024-07-22,Teh Botol,Minuman,12,5000,60000,97
2025-06-14,Teh Botol,Minuman,13,5000,65000,84
2024-05-28,Air Mineral,Minuman,11,4000,44000,490
2025-06-10,Jus Kotak,Minuman,14,7000,98000,118
2023-02-21,Beras Medium,Sembako,14,65000,910000,524
2025-08-12,Kopi Botol,Minuman,16,7000,112000,279
2025-05-18,Coklat Batang,Snack,6,11000,66000,137
2025-02-05,Susu UHT,Produk Susu,4,9000,36000,180
2025-06-24,Minyak Goreng,Sembako,8,28000,224000,98
2024-09-27,Indomie Goreng,Makanan Instan,6,3500,21000,51
2025-01-25,Kecap Manis,Sembako,18,15000,270000,359
2023-01-27,Minuman Isotonik,Minuman,10,8500,85000,324
2023-03-10,Tepung Terigu,Sembako,11,14000,154000,329
2025-09-07,Tepung Terigu,Sembako,8,14000,112000,321
2024-06-02,Roti Tawar,Snack,7,15000,105000,122
2023-03-04,Indomie Soto,Makanan Instan,14,3500,49000,59
2025-08-22,Roti Tawar,Snack,14,15000,210000,108
2023-12-22,Air Mineral,Minuman,8,4000,32000,482
2023-08-01,Coklat Batang,Snack,1,11000,11000,136
2023-03-01,Teh Celup,Minuman,10,8000,80000,51
2023-11-10,Saus Sambal,Sembako,12,13000,156000,604
2023-12-29,Coklat Batang,Snack,14,11000,154000,122
2023-09-27,Kopi Botol,Minuman,2,7000,14000,277
2023-09-02,Susu Kental Manis,Produk Susu,1,12000,12000,120
2023-05-08,Yogurt Botol,Produk Susu,6,10000,60000,238
2024-07-22,Ramen Pedas,Makanan Instan,14,7000,98000,315
2023-02-04,Wafer Coklat,Snack,6,8000,48000,339
2024-10-10,Teh Botol,Minuman,17,5000,85000,67
2025-01-20,Beras Medium,Sembako,10,65000,650000,514
2025-04-05,Kacang Panggang,Snack,8,10000,80000,230
2024-01-31,Mie Ayam Instan,Makanan Instan,16,4000,64000,118
2024-06-30,Beras Premium,Sembako,2,75000,150000,422
2023-04-02,Yogurt Botol,Produk Susu,5,10000,50000,233
2024-02-11,Keripik Kentang,Snack,14,12000,168000,157
2023-12-21,Susu Kental Manis,Produk Susu,11,12000,132000,109
2023-01-07,Coklat Batang,Snack,5,11000,55000,117
2024-12-19,Tepung Terigu,Sembako,3,14000,42000,318
2023-06-26,Yogurt Botol,Produk Susu,10,10000,100000,223
2025-08-06,Kecap Manis,Sembako,3,15000,45000,356
2023-07-05,Kecap Manis,Sembako,3,15000,45000,353
2023-06-26,Coklat Batang,Snack,3,11000,33000,114
2023-02-11,Kopi Sachet,Minuman,13,2500,32500,356
2023-01-22,Beras Medium,Sembako,4,65000,260000,510
2025-02-06,Wafer Coklat,Snack,9,8000,72000,330
2024-05-20,Saus Sambal,Sembako,7,13000,91000,597
2024-01-27,Wafer Coklat,Snack,14,8000,112000,316
2024-09-27,Beras Premium,Sembako,2,75000,150000,420
2024-08-10,Roti Tawar,Snack,4,15000,60000,104
2024-10-08,Beras Premium,Sembako,7,75000,525000,413
2024-01-21,Teh Botol,Minuman,5,5000,25000,62
2024-08-27,Beras Medium,Sembako,7,65000,455000,503
2024-06-25,Yogurt Botol,Produk Susu,3,10000,30000,220
2025-01-14,Teh Celup,Minuman,10,8000,80000,664
2023-12-16,Kacang Panggang,Snack,1,10000,10000,229
2025-02-28,Teh Botol,Minuman,5,5000,25000,57
2025-06-07,Roti Tawar,Snack,9,15000,135000,95
2024-12-01,Minyak Goreng,Sembako,14,28000,392000,84
2024-07-04,Jus Kotak,Minuman,4,7000,28000,114
2024-03-07,Sereal Sarapan,Produk Susu,5,25000,125000,63
2024-06-18,Yogurt Botol,Produk Susu,1,10000,10000,219
2024-01-17,Minuman Isotonik,Minuman,8,8500,68000,316
2024-10-23,Yogurt Botol,Produk Susu,8,10000,80000,211
2023-03-11,Susu UHT,Produk Susu,6,9000,54000,174
2023-08-03,Roti Tawar,Snack,11,15000,165000,84
2023-01-17,Teh Celup,Minuman,3,8000,24000,661
2025-08-31,Susu Kental Manis,Produk Susu,9,12000,108000,100
2023-07-25,Wafer Coklat,Snack,3,8000,24000,313
2025-01-03,Kecap Manis,Sembako,7,15000,105000,346
2024-01-17,Yogurt Botol,Produk Susu,13,10000,130000,198
2025-07-23,Yogurt Botol,Produk Susu,14,10000,140000,184
2025-03-28,Coklat Batang,Snack,10,11000,110000,104
2025-02-03,Tepung Terigu,Sembako,13,14000,182000,305
2025-04-01,Air Mineral,Minuman,6,4000,24000,476
2024-04-24,Kecap Manis,Sembako,15,15000,225000,331
2025-05-12,Ramen Pedas,Makanan Instan,10,7000,70000,305
2025-03-31,Biskuit Coklat,Snack,11,9000,99000,326
2025-11-14,Beras Medium,Sembako,6,65000,390000,497
2025-12-09,Saus Sambal,Sembako,6,13000,78000,591
2024-11-13,Beras Premium,Sembako,13,75000,975000,400
2024-09-25,Mie Ayam Instan,Makanan Instan,13,4000,52000,105
2024-12-09,Keju Slice,Produk Susu,9,18000,162000,371
2025-08-01,Beras Medium,Sembako,3,65000,195000,494
2023-12-19,Minyak Goreng,Sembako,5,28000,140000,79
2023-06-14,Telur Ayam,Sembako,3,30000,90000,514
2024-02-21,Gula Pasir,Sembako,7,16000,112000,243
2024-05-16,Coklat Batang,Snack,5,11000,55000,99
2025-02-05,Jus Kotak,Minuman,5,7000,35000,109
2024-12-06,Beras Medium,Sembako,3,65000,195000,491
2025-03-18,Jus Kotak,Minuman,14,7000,98000,95
2025-08-25,Kecap Manis,Sembako,15,15000,225000,316
2025-08-07,Teh Botol,Minuman,14,5000,70000,733
2023-07-16,Kecap Manis,Sembako,7,15000,105000,309
2024-10-13,Beras Premium,Sembako,13,75000,975000,387
2024-10-31,Susu UHT,Produk Susu,16,9000,144000,158
2025-05-19,Teh Botol,Minuman,14,5000,70000,719
2023-05-27,Jus Kotak,Minuman,6,7000,42000,89
2023-02-25,Air Mineral,Minuman,4,4000,16000,472
2023-12-31,Saus Sambal,Sembako,13,13000,169000,578
2025-01-25,Gula Pasir,Sembako,9,16000,144000,234
2023-01-04,Minuman Isotonik,Minuman,10,8500,85000,306
2025-03-26,Keripik Kentang,Snack,16,12000,192000,141
2024-04-16,Wafer Coklat,Snack,4,8000,32000,309
2023-04-01,Minyak Goreng,Sembako,4,28000,112000,75
2025-06-10,Telur Ayam,Sembako,5,30000,150000,509
2024-01-04,Susu UHT,Produk Susu,7,9000,63000,151
2024-09-29,Telur Ayam,Sembako,9,30000,270000,500
2025-09-11,Teh Botol,Minuman,4,5000,20000,715
2024-01-03,Susu Kental Manis,Produk Susu,4,12000,48000,96
2025-11-25,Kacang Panggang,Snack,15,10000,150000,214
2023-06-19,Yogurt Botol,Produk Susu,6,10000,60000,178
2023-07-27,Kacang Panggang,Snack,11,10000,110000,203
2025-04-08,Kopi Botol,Minuman,14,7000,98000,263
2024-10-15,Beras Medium,Sembako,5,65000,325000,486
2025-02-25,Minuman Isotonik,Minuman,15,8500,127500,291
2025-09-22,Indomie Goreng,Makanan Instan,15,3500,52500,552
2023-04-22,Sereal Sarapan,Produk Susu,5,25000,125000,58
2024-06-13,Susu Kental Manis,Produk Susu,14,12000,168000,82
2025-07-11,Ramen Pedas,Makanan Instan,12,7000,84000,293
2025-08-27,Sereal Sarapan,Produk Susu,15,25000,375000,616
2023-08-17,Teh Celup,Minuman,13,8000,104000,648
2025-05-18,Beras Medium,Sembako,13,65000,845000,473
2023-06-13,Kopi Botol,Minuman,3,7000,21000,260
2024-11-21,Indomie Goreng,Makanan Instan,17,3500,59500,535
2024-06-12,Biskuit Coklat,Snack,6,9000,54000,320
2025-07-20,Teh Botol,Minuman,8,5000,40000,707
2024-07-30,Yogurt Botol,Produk Susu,1,10000,10000,177
2025-09-29,Kopi Botol,Minuman,11,7000,77000,249
2025-01-26,Indomie Soto,Makanan Instan,9,3500,31500,50
2024-08-29,Kopi Sachet,Minuman,13,2500,32500,343
2024-07-01,Jus Kotak,Minuman,4,7000,28000,85
2025-05-04,Teh Celup,Minuman,5,8000,40000,643
2024-09-01,Kopi Sachet,Minuman,11,2500,27500,332
2023-08-17,Keripik Kentang,Snack,6,12000,72000,135
2023-03-16,Coklat Batang,Snack,9,11000,99000,90
2025-03-22,Coklat Batang,Snack,6,11000,66000,84
2025-12-31,Mie Ayam Instan,Makanan Instan,4,4000,16000,101
2023-10-24,Coklat Batang,Snack,11,11000,121000,73
2025-06-01,Air Mineral,Minuman,18,4000,72000,454
2025-07-27,Teh Celup,Minuman,14,8000,112000,629
2025-12-08,Kecap Manis,Sembako,14,15000,210000,295
2023-06-06,Indomie Soto,Makanan Instan,6,3500,21000,534
2023-10-28,Indomie Soto,Makanan Instan,10,3500,35000,524
2023-07-27,Coklat Batang,Snack,7,11000,77000,66
2023-06-11,Minuman Isotonik,Minuman,6,8500,51000,285
2024-09-10,Kecap Manis,Sembako,8,15000,120000,287
2024-01-12,Indomie Goreng,Makanan Instan,13,3500,45500,522
2023-06-12,Coklat Batang,Snack,14,11000,154000,52
2025-06-06,Kecap Manis,Sembako,4,15000,60000,283
2024-06-18,Biskuit Coklat,Snack,7,9000,63000,313
2024-05-14,Minuman Isotonik,Minuman,12,8500,102000,273
2025-08-26,Teh Celup,Minuman,8,8000,64000,621
2024-01-16,Tepung Terigu,Sembako,7,14000,98000,298
2023-04-04,Kacang Panggang,Snack,10,10000,100000,193
2024-01-07,Susu UHT,Produk Susu,12,9000,108000,139
2023-01-11,Tepung Terigu,Sembako,7,14000,98000,291
2023-02-08,Minyak Goreng,Sembako,13,28000,364000,62
2023-09-23,Susu Kental Manis,Produk Susu,5,12000,60000,77
2025-08-05,Tepung Terigu,Sembako,13,14000,182000,278
2024-03-29,Ramen Pedas,Makanan Instan,4,7000,28000,289
2024-10-26,Roti Tawar,Snack,4,15000,60000,80
2024-08-12,Keripik Kentang,Snack,14,12000,168000,121
2025-08-01,Keripik Kentang,Snack,14,12000,168000,107
2024-11-04,Wafer Coklat,Snack,10,8000,80000,299
2023-01-26,Air Mineral,Minuman,6,4000,24000,448
2024-10-16,Kopi Sachet,Minuman,7,2500,17500,325
2025-08-04,Beras Premium,Sembako,18,75000,1350000,369
2025-12-26,Minyak Goreng,Sembako,14,28000,392000,692
2024-06-07,Susu UHT,Produk Susu,7,9000,63000,132
2023-06-10,Kacang Panggang,Snack,11,10000,110000,182
2024-12-08,Air Mineral,Minuman,2,4000,8000,446
2025-12-20,Coklat Batang,Snack,9,11000,99000,492
2024-10-07,Sereal Sarapan,Produk Susu,10,25000,250000,606
2023-03-02,Yogurt Botol,Produk Susu,3,10000,30000,174
2023-12-08,Keripik Kentang,Snack,10,12000,120000,97
2025-06-02,Teh Celup,Minuman,8,8000,64000,613
2024-08-04,Sereal Sarapan,Produk Susu,11,25000,275000,595
2024-04-25,Air Mineral,Minuman,9,4000,36000,437
2025-02-14,Beras Premium,Sembako,11,75000,825000,358
2025-03-21,Ramen Pedas,Makanan Instan,6,7000,42000,283
2024-08-15,Ramen Pedas,Makanan Instan,3,7000,21000,280
2025-04-01,Sereal Sarapan,Produk Susu,13,25000,325000,582
2024-03-21,Teh Celup,Minuman,9,8000,72000,604
2024-10-16,Tepung Terigu,Sembako,14,14000,196000,264
2023-08-05,Wafer Coklat,Snack,11,8000,88000,288
2024-10-12,Saus Sambal,Sembako,11,13000,143000,567
2025-03-14,Jus Kotak,Minuman,8,7000,56000,77
2025-08-08,Air Mineral,Minuman,9,4000,36000,428
2023-12-30,Beras Medium,Sembako,7,65000,455000,466
2023-01-07,Telur Ayam,Sembako,9,30000,270000,491
2024-11-15,Teh Botol,Minuman,14,5000,70000,693
2023-12-19,Wafer Coklat,Snack,11,8000,88000,277
2023-07-21,Kecap Manis,Sembako,7,15000,105000,276
2025-05-06,Biskuit Coklat,Snack,11,9000,99000,302
2023-03-01,Minyak Goreng,Sembako,10,28000,280000,682
2023-10-11,Gula Pasir,Sembako,10,16000,160000,224
2025-10-27,Keripik Kentang,Snack,6,12000,72000,91
2024-10-27,Indomie Goreng,Makanan Instan,10,3500,35000,512
2025-08-24,Beras Medium,Sembako,12,65000,780000,454
2023-02-16,Teh Celup,Minuman,12,8000,96000,592
2025-03-08,Keripik Kentang,Snack,11,12000,132000,80
2023-11-27,Kopi Botol,Minuman,8,7000,56000,241
2024-05-05,Teh Celup,Minuman,4,8000,32000,588
2024-02-14,Kecap Manis,Sembako,6,15000,90000,270
2023-05-13,Telur Ayam,Sembako,15,30000,450000,476
2024-02-28,Indomie Goreng,Makanan Instan,11,3500,38500,501
2024-05-16,Yogurt Botol,Produk Susu,13,10000,130000,161
2024-05-10,Yogurt Botol,Produk Susu,13,10000,130000,148
2025-10-21,Yogurt Botol,Produk Susu,12,10000,120000,136
2024-11-09,Keju Slice,Produk Susu,14,18000,252000,357
2025-08-04,Gula Pasir,Sembako,13,16000,208000,211
2023-03-08,Indomie Goreng,Makanan Instan,11,3500,38500,490
2025-04-12,Kacang Panggang,Snack,18,10000,180000,164
2025-02-28,Kopi Botol,Minuman,6,7000,42000,235
2023-09-05,Tepung Terigu,Sembako,12,14000,168000,252
2025-12-29,Sereal Sarapan,Produk Susu,13,25000,325000,569
2025-09-11,Yogurt Botol,Produk Susu,15,10000,150000,121
2025-03-26,Telur Ayam,Sembako,15,30000,450000,461
2025-03-29,Teh Celup,Minuman,16,8000,128000,572
2023-09-12,Susu Kental Manis,Produk Susu,2,12000,24000,75
2024-06-21,Beras Premium,Sembako,15,75000,1125000,343
2023-08-17,Sereal Sarapan,Produk Susu,12,25000,300000,557
2025-01-20,Beras Medium,Sembako,10,65000,650000,444
2024-05-12,Beras Premium,Sembako,14,75000,1050000,329
2024-06-25,Minyak Goreng,Sembako,3,28000,84000,679
2023-06-01,Wafer Coklat,Snack,8,8000,64000,269
2025-10-03,Saus Sambal,Sembako,15,13000,195000,552
2024-06-16,Sereal Sarapan,Produk Susu,7,25000,175000,550
2025-06-29,Roti Tawar,Snack,10,15000,150000,70
2024-06-12,Roti Tawar,Snack,11,15000,165000,59
2023-03-15,Keripik Kentang,Snack,13,12000,156000,67
2023-10-31,Beras Premium,Sembako,9,75000,675000,320
2023-02-23,Telur Ayam,Sembako,4,30000,120000,457
2025-01-29,Saus Sambal,Sembako,13,13000,169000,539
2024-08-19,Roti Tawar,Snack,7,15000,105000,52
2024-09-16,Beras Medium,Sembako,10,65000,650000,434
2024-08-26,Yogurt Botol,Produk Susu,5,10000,50000,116
2023-09-21,Keju Slice,Produk Susu,3,18000,54000,354
2024-08-21,Keripik Kentang,Snack,15,12000,180000,52
2024-04-11,Tepung Terigu,Sembako,1,14000,14000,251
2024-09-12,Biskuit Coklat,Snack,5,9000,45000,297
2024-06-15,Indomie Goreng,Makanan Instan,8,3500,28000,482
2025-11-24,Minuman Isotonik,Minuman,11,8500,93500,262
2023-12-15,Keripik Kentang,Snack,6,12000,72000,675
2025-10-23,Beras Premium,Sembako,9,75000,675000,311
2025-09-20,Susu UHT,Produk Susu,13,9000,117000,119
2025-12-11,Kopi Botol,Minuman,10,7000,70000,225
2025-02-16,Air Mineral,Minuman,2,4000,8000,426
2024-04-05,Kopi Sachet,Minuman,5,2500,12500,320
2023-11-04,Gula Pasir,Sembako,5,16000,80000,206
2023-09-02,Keripik Kentang,Snack,11,12000,132000,664
2024-12-31,Minyak Goreng,Sembako,9,28000,252000,670
2023-01-25,Biskuit Coklat,Snack,14,9000,126000,283
2025-12-09,Coklat Batang,Snack,17,11000,187000,475
2024-02-19,Coklat Batang,Snack,8,11000,88000,467
2025-03-27,Indomie Soto,Makanan Instan,12,3500,42000,512
2025-11-05,Kopi Sachet,Minuman,5,2500,12500,315
2025-12-31,Jus Kotak,Minuman,15,7000,105000,62
2023-04-25,Keju Slice,Produk Susu,8,18000,144000,346
2025-12-06,Biskuit Coklat,Snack,6,9000,54000,277
2024-01-10,Tepung Terigu,Sembako,14,14000,196000,237
2024-05-16,Kopi Botol,Minuman,6,7000,42000,219
2025-07-23,Roti Tawar,Snack,4,15000,60000,659
2024-07-22,Tepung Terigu,Sembako,4,14000,56000,233
2023-05-11,Minyak Goreng,Sembako,15,28000,420000,655
2023-09-29,Saus Sambal,Sembako,9,13000,117000,530
2023-05-05,Telur Ayam,Sembako,4,30000,120000,453
2024-05-14,Gula Pasir,Sembako,12,16000,192000,194
2025-08-08,Air Mineral,Minuman,3,4000,12000,423
2023-05-30,Kopi Sachet,Minuman,4,2500,10000,311
2023-08-27,Air Mineral,Minuman,8,4000,32000,415
2025-09-01,Mie Ayam Instan,Makanan Instan,5,4000,20000,96
2024-03-16,Jus Kotak,Minuman,11,7000,77000,51
2023-01-20,Telur Ayam,Sembako,10,30000,300000,443
2023-08-17,Susu Kental Manis,Produk Susu,12,12000,144000,63
2025-06-25,Saus Sambal,Sembako,15,13000,195000,515
2025-07-23,Biskuit Coklat,Snack,4,9000,36000,273
2025-04-13,Sereal Sarapan,Produk Susu,13,25000,325000,537
2023-12-28,Air Mineral,Minuman,6,4000,24000,409
2025-09-16,Minuman Isotonik,Minuman,12,8500,102000,250
2024-09-05,Wafer Coklat,Snack,7,8000,56000,262
2024-11-29,Gula Pasir,Sembako,7,16000,112000,187
2025-10-27,Jus Kotak,Minuman,9,7000,63000,399
2024-01-09,Sereal Sarapan,Produk Susu,8,25000,200000,529
2025-11-09,Kopi Sachet,Minuman,12,2500,30000,299
2024-01-02,Beras Medium,Sembako,3,65000,195000,431
2024-09-15,Kacang Panggang,Snack,3,10000,30000,161
2024-01-10,Kopi Sachet,Minuman,4,2500,10000,295
2024-04-19,Sereal Sarapan,Produk Susu,5,25000,125000,524
2024-09-17,Minuman Isotonik,Minuman,8,8500,68000,242
2023-07-30,Air Mineral,Minuman,11,4000,44000,398
2024-03-06,Telur Ayam,Sembako,12,30000,360000,431
2024-10-25,Beras Premium,Sembako,3,75000,225000,308
2025-03-22,Sereal Sarapan,Produk Susu,15,25000,375000,509
2023-11-20,Kopi Botol,Minuman,10,7000,70000,209
2023-11-18,Kacang Panggang,Snack,6,10000,60000,155
2025-08-28,Minuman Isotonik,Minuman,15,8500,127500,227
2024-07-05,Sereal Sarapan,Produk Susu,5,25000,125000,504
2024-09-13,Air Mineral,Minuman,6,4000,24000,392
2024-11-14,Telur Ayam,Sembako,13,30000,390000,418
2024-10-07,Teh Botol,Minuman,9,5000,45000,684
2025-03-16,Susu Kental Manis,Produk Susu,17,12000,204000,348
2025-04-07,Sereal Sarapan,Produk Susu,5,25000,125000,499
2023-10-14,Teh Celup,Minuman,8,8000,64000,564
2024-07-15,Sereal Sarapan,Produk Susu,3,25000,75000,496
2024-03-03,Minyak Goreng,Sembako,13,28000,364000,642
2024-08-26,Tepung Terigu,Sembako,15,14000,210000,218
2024-10-21,Indomie Goreng,Makanan Instan,8,3500,28000,474
2024-02-13,Kopi Sachet,Minuman,13,2500,32500,282
2025-10-27,Keripik Kentang,Snack,11,12000,132000,653
2023-06-02,Ramen Pedas,Makanan Instan,4,7000,28000,276
2024-10-28,Beras Medium,Sembako,13,65000,845000,418
2025-08-20,Coklat Batang,Snack,5,11000,55000,462
2025-09-24,Roti Tawar,Snack,7,15000,105000,652
2025-02-07,Keripik Kentang,Snack,2,12000,24000,651
2024-12-02,Indomie Soto,Makanan Instan,7,3500,24500,505
2025-06-16,Teh Celup,Minuman,18,8000,144000,546
2025-08-24,Ramen Pedas,Makanan Instan,4,7000,28000,272
2025-04-27,Kopi Sachet,Minuman,16,2500,40000,266
2023-11-05,Kopi Botol,Minuman,10,7000,70000,199
2024-02-14,Telur Ayam,Sembako,9,30000,270000,409
2024-05-17,Yogurt Botol,Produk Susu,8,10000,80000,108
2024-06-17,Jus Kotak,Minuman,11,7000,77000,388
2024-08-19,Teh Botol,Minuman,12,5000,60000,672
2023-05-20,Beras Premium,Sembako,14,75000,1050000,294
2024-10-04,Keju Slice,Produk Susu,15,18000,270000,331
2025-07-02,Saus Sambal,Sembako,14,13000,182000,501
2024-10-19,Beras Medium,Sembako,8,65000,520000,410
2025-01-11,Yogurt Botol,Produk Susu,8,10000,80000,100
2024-06-14,Kacang Panggang,Snack,7,10000,70000,148
2023-02-17,Coklat Batang,Snack,3,11000,33000,459
2025-04-21,Ramen Pedas,Makanan Instan,11,7000,77000,261
2025-09-23,Keju Slice,Produk Susu,14,18000,252000,317
2025-12-18,Teh Botol,Minuman,4,5000,20000,668
2025-06-14,Indomie Goreng,Makanan Instan,4,3500,14000,470
2025-10-04,Keju Slice,Produk Susu,8,18000,144000,309
2023-05-18,Wafer Coklat,Snack,12,8000,96000,250
2023-07-08,Mie Ayam Instan,Makanan Instan,9,4000,36000,87
2023-08-19,Sereal Sarapan,Produk Susu,9,25000,225000,487
2025-11-17,Beras Medium,Sembako,15,65000,975000,395
2025-08-17,Biskuit Coklat,Snack,12,9000,108000,261
2023-05-30,Sereal Sarapan,Produk Susu,13,25000,325000,474
2025-06-01,Kacang Panggang,Snack,17,10000,170000,131
2025-07-13,Yogurt Botol,Produk Susu,17,10000,170000,83
2024-11-07,Wafer Coklat,Snack,2,8000,16000,248
2024-11-26,Wafer Coklat,Snack,10,8000,80000,238
2025-06-04,Sereal Sarapan,Produk Susu,16,25000,400000,458
2024-08-24,Susu UHT,Produk Susu,3,9000,27000,116
2025-03-09,Teh Botol,Minuman,2,5000,10000,666
2024-10-22,Gula Pasir,Sembako,7,16000,112000,180
2024-04-01,Tepung Terigu,Sembako,12,14000,168000,206
2024-10-30,Sereal Sarapan,Produk Susu,10,25000,250000,448
2024-02-15,Wafer Coklat,Snack,15,8000,120000,223
2024-12-27,Kecap Manis,Sembako,17,15000,255000,253
2023-11-09,Kopi Botol,Minuman,4,7000,28000,195
2023-10-31,Sereal Sarapan,Produk Susu,4,25000,100000,444
2024-01-07,Telur Ayam,Sembako,2,30000,60000,407
2023-03-22,Jus Kotak,Minuman,13,7000,91000,375
2024-12-14,Beras Premium,Sembako,3,75000,225000,291
2024-10-07,Kopi Botol,Minuman,15,7000,105000,180
2024-03-03,Kacang Panggang,Snack,5,10000,50000,126
2025-05-18,Beras Medium,Sembako,7,65000,455000,388
2024-03-20,Kecap Manis,Sembako,14,15000,210000,239
2023-10-09,Indomie Goreng,Makanan Instan,15,3500,52500,455
2025-06-19,Saus Sambal,Sembako,6,13000,78000,495
2025-06-28,Indomie Goreng,Makanan Instan,16,3500,56000,439
2023-04-11,Susu UHT,Produk Susu,8,9000,72000,108
2025-03-28,Yogurt Botol,Produk Susu,6,10000,60000,77
2025-02-18,Sereal Sarapan,Produk Susu,11,25000,275000,433
2023-12-25,Mie Ayam Instan,Makanan Instan,9,4000,36000,78
2025-11-23,Kecap Manis,Sembako,4,15000,60000,235
2024-03-05,Sereal Sarapan,Produk Susu,3,25000,75000,430
2025-01-03,Coklat Batang,Snack,15,11000,165000,444
2024-01-27,Susu Kental Manis,Produk Susu,4,12000,48000,344
2025-11-04,Keju Slice,Produk Susu,10,18000,180000,299
2025-11-07,Tepung Terigu,Sembako,6,14000,84000,200
2023-01-15,Indomie Goreng,Makanan Instan,7,3500,24500,432
2025-05-10,Keju Slice,Produk Susu,8,18000,144000,291
2025-01-08,Teh Celup,Minuman,6,8000,48000,540
2024-09-07,Susu Kental Manis,Produk Susu,6,12000,72000,338
2025-03-09,Mie Ayam Instan,Makanan Instan,19,4000,76000,59
2024-07-16,Indomie Goreng,Makanan Instan,14,3500,49000,418
2024-10-24,Saus Sambal,Sembako,1,13000,13000,494
2024-05-24,Kopi Botol,Minuman,5,7000,35000,175
2023-09-20,Indomie Goreng,Makanan Instan,9,3500,31500,409
2023-10-15,Beras Premium,Sembako,12,75000,900000,279
2023-03-21,Air Mineral,Minuman,1,4000,4000,391
2024-03-05,Keripik Kentang,Snack,16,12000,192000,635
2024-08-23,Kacang Panggang,Snack,8,10000,80000,118
2023-11-19,Susu Kental Manis,Produk Susu,7,12000,84000,331
2023-12-24,Beras Medium,Sembako,15,65000,975000,373
2023-11-07,Minuman Isotonik,Minuman,12,8500,102000,215
2024-01-07,Keju Slice,Produk Susu,6,18000,108000,285
2023-11-29,Keju Slice,Produk Susu,1,18000,18000,284
2024-02-22,Air Mineral,Minuman,6,4000,24000,385
2025-02-03,Wafer Coklat,Snack,18,8000,144000,205
2024-10-19,Keripik Kentang,Snack,1,12000,12000,634
2023-02-28,Kopi Sachet,Minuman,15,2500,37500,251
2023-03-12,Air Mineral,Minuman,12,4000,48000,373
2023-10-23,Kopi Botol,Minuman,15,7000,105000,160
2023-04-06,Susu Kental Manis,Produk Susu,9,12000,108000,322
2025-12-11,Susu UHT,Produk Susu,5,9000,45000,103
2023-01-31,Ramen Pedas,Makanan Instan,6,7000,42000,255
2024-04-01,Saus Sambal,Sembako,3,13000,39000,491
2023-08-19,Mie Ayam Instan,Makanan Instan,8,4000,32000,51
2025-04-30,Yogurt Botol,Produk Susu,18,10000,180000,59
2023-01-02,Beras Premium,Sembako,5,75000,375000,274
2025-08-19,Air Mineral,Minuman,18,4000,72000,355
2024-10-23,Beras Premium,Sembako,13,75000,975000,261
2023-07-17,Teh Celup,Minuman,8,8000,64000,532
2024-02-06,Air Mineral,Minuman,3,4000,12000,352
2023-09-23,Minuman Isotonik,Minuman,13,8500,110500,202
2024-04-06,Beras Premium,Sembako,11,75000,825000,250
2023-07-14,Coklat Batang,Snack,12,11000,132000,432
2024-08-01,Susu UHT,Produk Susu,17,9000,153000,86
2024-05-26,Ramen Pedas,Makanan Instan,5,7000,35000,250
2024-09-08,Beras Medium,Sembako,8,65000,520000,365
2025-11-30,Yogurt Botol,Produk Susu,12,10000,120000,736
2023-09-27,Saus Sambal,Sembako,6,13000,78000,485
2025-02-06,Susu Kental Manis,Produk Susu,13,12000,156000,309
2023-03-12,Biskuit Coklat,Snack,12,9000,108000,249
2025-02-27,Saus Sambal,Sembako,12,13000,156000,473
2024-02-10,Keju Slice,Produk Susu,3,18000,54000,281
2023-03-11,Beras Premium,Sembako,14,75000,1050000,236
2024-05-02,Keju Slice,Produk Susu,4,18000,72000,277
2023-01-24,Kopi Sachet,Minuman,10,2500,25000,241
2025-09-17,Air Mineral,Minuman,17,4000,68000,335
2025-04-10,Minyak Goreng,Sembako,10,28000,280000,632
2024-06-22,Yogurt Botol,Produk Susu,10,10000,100000,726
2024-07-26,Ramen Pedas,Makanan Instan,13,7000,91000,237
2024-11-21,Kecap Manis,Sembako,6,15000,90000,229
2024-11-29,Tepung Terigu,Sembako,14,14000,196000,186
2025-07-23,Sereal Sarapan,Produk Susu,12,25000,300000,418
2024-12-02,Kacang Panggang,Snack,15,10000,150000,103
2023-05-10,Tepung Terigu,Sembako,13,14000,182000,173
2025-05-23,Teh Celup,Minuman,12,8000,96000,520
2023-09-16,Jus Kotak,Minuman,2,7000,14000,373
2025-07-25,Gula Pasir,Sembako,15,16000,240000,165
2024-08-28,Ramen Pedas,Makanan Instan,4,7000,28000,233
2025-07-15,Telur Ayam,Sembako,8,30000,240000,399
2025-10-30,Kopi Botol,Minuman,7,7000,49000,153
2025-11-12,Teh Botol,Minuman,6,5000,30000,660
2024-03-30,Teh Botol,Minuman,13,5000,65000,647
2024-12-25,Minyak Goreng,Sembako,11,28000,308000,621
2023-11-07,Sereal Sarapan,Produk Susu,10,25000,250000,408
2025-12-22,Kopi Botol,Minuman,10,7000,70000,143
2025-12-27,Keju Slice,Produk Susu,8,18000,144000,269
2025-12-23,Roti Tawar,Snack,6,15000,90000,646
2023-07-25,Beras Medium,Sembako,11,65000,715000,354
2024-04-08,Beras Medium,Sembako,16,65000,1040000,338
2025-05-18,Beras Premium,Sembako,16,75000,1200000,220
2023-04-11,Tepung Terigu,Sembako,7,14000,98000,166
2025-03-09,Telur Ayam,Sembako,19,30000,570000,380
2025-09-02,Saus Sambal,Sembako,11,13000,143000,462
2024-09-06,Beras Premium,Sembako,1,75000,75000,219
2024-09-30,Tepung Terigu,Sembako,6,14000,84000,160
2023-05-17,Keripik Kentang,Snack,1,12000,12000,633
2025-04-20,Sereal Sarapan,Produk Susu,5,25000,125000,403
2023-11-25,Air Mineral,Minuman,13,4000,52000,322
2024-05-11,Keju Slice,Produk Susu,7,18000,126000,262
2025-05-08,Wafer Coklat,Snack,9,8000,72000,196
2024-12-18,Gula Pasir,Sembako,2,16000,32000,163
2023-10-15,Tepung Terigu,Sembako,15,14000,210000,145
2023-09-10,Susu UHT,Produk Susu,12,9000,108000,74
2023-11-07,Coklat Batang,Snack,4,11000,44000,428
2023-10-19,Yogurt Botol,Produk Susu,11,10000,110000,715
2024-11-01,Tepung Terigu,Sembako,3,14000,42000,142
2025-12-02,Ramen Pedas,Makanan Instan,6,7000,42000,227
2025-08-22,Sereal Sarapan,Produk Susu,8,25000,200000,395
2023-09-13,Telur Ayam,Sembako,9,30000,270000,371
2025-07-19,Coklat Batang,Snack,4,11000,44000,424
2024-11-30,Saus Sambal,Sembako,16,13000,208000,446
2025-02-20,Indomie Soto,Makanan Instan,17,3500,59500,488
2025-08-13,Ramen Pedas,Makanan Instan,9,7000,63000,218
2025-09-24,Saus Sambal,Sembako,16,13000,208000,430
2025-12-06,Gula Pasir,Sembako,3,16000,48000,160
2025-01-12,Coklat Batang,Snack,8,11000,88000,416
2025-06-04,Teh Botol,Minuman,8,5000,40000,639
2023-08-04,Wafer Coklat,Snack,14,8000,112000,182
2024-07-27,Sereal Sarapan,Produk Susu,16,25000,400000,379
2024-07-18,Coklat Batang,Snack,16,11000,176000,400
2025-11-06,Wafer Coklat,Snack,10,8000,80000,172
2024-05-29,Kacang Panggang,Snack,6,10000,60000,97
2023-07-27,Indomie Goreng,Makanan Instan,12,3500,42000,397
2025-09-21,Keju Slice,Produk Susu,8,18000,144000,254
2025-06-07,Gula Pasir,Sembako,14,16000,224000,146
2025-09-26,Ramen Pedas,Makanan Instan,13,7000,91000,205
2025-11-28,Keripik Kentang,Snack,18,12000,216000,615
2023-08-09,Indomie Soto,Makanan Instan,10,3500,35000,478
2023-07-21,Teh Botol,Minuman,10,5000,50000,629
2023-08-29,Ramen Pedas,Makanan Instan,13,7000,91000,192
2025-01-08,Gula Pasir,Sembako,14,16000,224000,132
2025-03-17,Teh Botol,Minuman,13,5000,65000,616
2025-06-20,Teh Celup,Minuman,18,8000,144000,502
2025-12-06,Biskuit Coklat,Snack,5,9000,45000,244
2025-06-03,Teh Botol,Minuman,12,5000,60000,604
2024-01-06,Minyak Goreng,Sembako,3,28000,84000,618
2023-07-22,Kopi Sachet,Minuman,5,2500,12500,236
2025-04-24,Kecap Manis,Sembako,14,15000,210000,215
2025-07-24,Coklat Batang,Snack,17,11000,187000,383
2024-12-05,Teh Celup,Minuman,6,8000,48000,496
2025-07-02,Tepung Terigu,Sembako,14,14000,196000,128
2025-07-27,Kopi Sachet,Minuman,15,2500,37500,221
2023-11-25,Sereal Sarapan,Produk Susu,4,25000,100000,375
2024-10-21,Jus Kotak,Minuman,13,7000,91000,360
2024-12-14,Sereal Sarapan,Produk Susu,13,25000,325000,362
2025-10-20,Kopi Botol,Minuman,15,7000,105000,128
2024-12-21,Kopi Sachet,Minuman,12,2500,30000,209
2024-04-11,Coklat Batang,Snack,7,11000,77000,376
2023-07-05,Ramen Pedas,Makanan Instan,11,7000,77000,181
2024-10-02,Susu UHT,Produk Susu,11,9000,99000,63
2024-01-17,Wafer Coklat,Snack,14,8000,112000,158
2024-06-26,Minyak Goreng,Sembako,16,28000,448000,602
2024-12-19,Air Mineral,Minuman,7,4000,28000,315
2025-01-10,Saus Sambal,Sembako,15,13000,195000,415
2024-10-23,Beras Medium,Sembako,1,65000,65000,337
2024-09-27,Minyak Goreng,Sembako,17,28000,476000,585
2024-08-29,Roti Tawar,Snack,15,15000,225000,631
2023-12-31,Jus Kotak,Minuman,7,7000,49000,353
2023-06-05,Keripik Kentang,Snack,4,12000,48000,611
2023-07-05,Mie Ayam Instan,Makanan Instan,12,4000,48000,645
2025-04-08,Kecap Manis,Sembako,17,15000,255000,198
2024-11-27,Beras Premium,Sembako,10,75000,750000,209
2023-09-30,Susu UHT,Produk Susu,15,9000,135000,545
2024-08-24,Ramen Pedas,Makanan Instan,12,7000,84000,169
2024-10-25,Mie Ayam Instan,Makanan Instan,5,4000,20000,640
2023-03-25,Teh Botol,Minuman,4,5000,20000,600
2023-11-14,Jus Kotak,Minuman,11,7000,77000,342
2023-02-23,Tepung Terigu,Sembako,8,14000,112000,120
2024-03-24,Gula Pasir,Sembako,4,16000,64000,128
2024-03-18,Yogurt Botol,Produk Susu,3,10000,30000,712
2024-05-14,Telur Ayam,Sembako,3,30000,90000,368
2025-06-17,Air Mineral,Minuman,9,4000,36000,306
2024-01-17,Susu Kental Manis,Produk Susu,16,12000,192000,293
2025-03-29,Biskuit Coklat,Snack,15,9000,135000,229
2024-06-19,Coklat Batang,Snack,13,11000,143000,363
2024-06-23,Keju Slice,Produk Susu,8,18000,144000,246
2024-04-25,Teh Celup,Minuman,8,8000,64000,488
2023-06-07,Teh Celup,Minuman,12,8000,96000,476
2024-10-20,Beras Premium,Sembako,16,75000,1200000,193
2023-09-21,Gula Pasir,Sembako,2,16000,32000,126
2025-11-05,Kecap Manis,Sembako,16,15000,240000,182
2024-10-04,Jus Kotak,Minuman,4,7000,28000,338
2024-12-14,Gula Pasir,Sembako,14,16000,224000,112
2024-04-03,Wafer Coklat,Snack,9,8000,72000,149
2023-04-19,Biskuit Coklat,Snack,8,9000,72000,221
2025-06-15,Keripik Kentang,Snack,12,12000,144000,599
2023-12-17,Mie Ayam Instan,Makanan Instan,1,4000,4000,639
2025-07-07,Jus Kotak,Minuman,10,7000,70000,328
2024-12-12,Saus Sambal,Sembako,10,13000,130000,405
2023-05-11,Beras Premium,Sembako,11,75000,825000,182
2023-05-14,Teh Celup,Minuman,12,8000,96000,464
2024-05-31,Tepung Terigu,Sembako,17,14000,238000,103
2025-10-02,Indomie Goreng,Makanan Instan,9,3500,31500,388
2024-03-16,Susu UHT,Produk Susu,12,9000,108000,533
2024-09-15,Telur Ayam,Sembako,6,30000,180000,362
2025-11-06,Biskuit Coklat,Snack,9,9000,81000,212
2024-10-06,Sereal Sarapan,Produk Susu,14,25000,350000,348
2023-04-19,Keripik Kentang,Snack,12,12000,144000,587
2025-01-03,Sereal Sarapan,Produk Susu,11,25000,275000,337
2023-05-26,Sereal Sarapan,Produk Susu,10,25000,250000,327
2025-12-20,Mie Ayam Instan,Makanan Instan,9,4000,36000,630
2024-02-03,Coklat Batang,Snack,6,11000,66000,357
2024-01-03,Sereal Sarapan,Produk Susu,14,25000,350000,313
2025-10-10,Indomie Goreng,Makanan Instan,13,3500,45500,375
2023-07-02,Kopi Sachet,Minuman,2,2500,5000,207
2025-03-04,Susu UHT,Produk Susu,17,9000,153000,516
2025-08-29,Susu UHT,Produk Susu,6,9000,54000,510
2023-07-16,Beras Medium,Sembako,5,65000,325000,332
2023-12-30,Teh Celup,Minuman,12,8000,96000,452
2024-05-31,Susu Kental Manis,Produk Susu,8,12000,96000,285
2024-06-17,Beras Medium,Sembako,7,65000,455000,325
2024-12-20,Gula Pasir,Sembako,13,16000,208000,99
2024-11-26,Mie Ayam Instan,Makanan Instan,8,4000,32000,622
2024-06-11,Minuman Isotonik,Minuman,3,8500,25500,199
2023-05-02,Indomie Soto,Makanan Instan,11,3500,38500,467
2023-07-15,Teh Celup,Minuman,3,8000,24000,449
2025-12-19,Indomie Goreng,Makanan Instan,2,3500,7000,373
2025-02-26,Kopi Sachet,Minuman,6,2500,15000,201
2025-02-06,Keju Slice,Produk Susu,15,18000,270000,231
2024-01-22,Beras Medium,Sembako,13,65000,845000,312
2024-01-08,Air Mineral,Minuman,9,4000,36000,297
2023-07-18,Teh Celup,Minuman,14,8000,112000,435
2023-11-13,Kacang Panggang,Snack,10,10000,100000,87
2023-12-29,Teh Celup,Minuman,15,8000,120000,420
2023-12-30,Yogurt Botol,Produk Susu,9,10000,90000,703
2025-06-30,Beras Premium,Sembako,2,75000,150000,180
2023-09-04,Kecap Manis,Sembako,13,15000,195000,169
2024-09-30,Kecap Manis,Sembako,16,15000,240000,153
2024-12-15,Ramen Pedas,Makanan Instan,11,7000,77000,158
2025-11-27,Biskuit Coklat,Snack,4,9000,36000,208
2024-01-31,Air Mineral,Minuman,10,4000,40000,287
2024-11-21,Keripik Kentang,Snack,10,12000,120000,577
2025-03-07,Jus Kotak,Minuman,17,7000,119000,311
2023-05-15,Ramen Pedas,Makanan Instan,6,7000,42000,152
2025-01-18,Gula Pasir,Sembako,5,16000,80000,94
2025-10-02,Teh Botol,Minuman,8,5000,40000,592
2025-01-03,Indomie Soto,Makanan Instan,5,3500,17500,462
2023-07-22,Keju Slice,Produk Susu,14,18000,252000,217
2023-07-06,Minuman Isotonik,Minuman,11,8500,93500,188
2024-10-18,Wafer Coklat,Snack,17,8000,136000,132
2025-12-25,Biskuit Coklat,Snack,13,9000,117000,195
2024-02-16,Sereal Sarapan,Produk Susu,6,25000,150000,307
2025-07-06,Beras Premium,Sembako,15,75000,1125000,165
2025-05-23,Telur Ayam,Sembako,11,30000,330000,351
2023-06-18,Susu UHT,Produk Susu,8,9000,72000,502
2025-10-03,Indomie Goreng,Makanan Instan,5,3500,17500,368
2025-09-18,Jus Kotak,Minuman,14,7000,98000,297
2025-10-16,Telur Ayam,Sembako,16,30000,480000,335
2023-04-23,Sereal Sarapan,Produk Susu,9,25000,225000,298
2023-03-27,Teh Botol,Minuman,4,5000,20000,588
2024-09-20,Mie Ayam Instan,Makanan Instan,17,4000,68000,605
2023-12-22,Coklat Batang,Snack,11,11000,121000,346
2023-04-09,Kopi Sachet,Minuman,9,2500,22500,192
2023-04-07,Indomie Goreng,Makanan Instan,5,3500,17500,363
2024-01-21,Susu UHT,Produk Susu,8,9000,72000,494
2025-06-07,Indomie Soto,Makanan Instan,14,3500,49000,448
2025-01-29,Minuman Isotonik,Minuman,12,8500,102000,176
2024-03-15,Kecap Manis,Sembako,3,15000,45000,150
2024-03-29,Beras Medium,Sembako,13,65000,845000,299
2024-02-21,Mie Ayam Instan,Makanan Instan,8,4000,32000,597
2023-02-01,Biskuit Coklat,Snack,1,9000,9000,194
2025-02-20,Kecap Manis,Sembako,5,15000,75000,145
2024-08-17,Kecap Manis,Sembako,1,15000,15000,144
2024-11-08,Kacang Panggang,Snack,4,10000,40000,83
2024-04-12,Teh Botol,Minuman,7,5000,35000,581
2023-11-16,Indomie Soto,Makanan Instan,3,3500,10500,445
2024-05-19,Keripik Kentang,Snack,12,12000,144000,565
2025-05-15,Tepung Terigu,Sembako,14,14000,196000,89
2024-07-12,Minyak Goreng,Sembako,9,28000,252000,576
2025-05-01,Indomie Goreng,Makanan Instan,18,3500,63000,345
2024-07-23,Susu UHT,Produk Susu,14,9000,126000,480
2025-09-26,Teh Botol,Minuman,6,5000,30000,575
2025-03-20,Wafer Coklat,Snack,5,8000,40000,127
2024-04-01,Beras Premium,Sembako,4,75000,300000,161
2023-08-25,Ramen Pedas,Makanan Instan,3,7000,21000,149
2025-09-27,Saus Sambal,Sembako,4,13000,52000,401
2024-11-01,Jus Kotak,Minuman,5,7000,35000,292
2025-03-26,Tepung Terigu,Sembako,8,14000,112000,81
2024-06-19,Telur Ayam,Sembako,2,30000,60000,333
2024-02-18,Susu UHT,Produk Susu,4,9000,36000,476
2025-10-16,Kopi Botol,Minuman,6,7000,42000,122
2023-03-15,Minuman Isotonik,Minuman,8,8500,68000,168
2023-08-12,Air Mineral,Minuman,2,4000,8000,285
2023-03-19,Gula Pasir,Sembako,14,16000,224000,80
2024-01-13,Susu UHT,Produk Susu,4,9000,36000,472
2023-05-19,Keju Slice,Produk Susu,4,18000,72000,213
2025-01-29,Susu Kental Manis,Produk Susu,10,12000,120000,275
2023-03-26,Yogurt Botol,Produk Susu,11,10000,110000,692
2025-10-28,Kecap Manis,Sembako,15,15000,225000,129
2024-03-06,Sereal Sarapan,Produk Susu,13,25000,325000,285
2023-01-30,Indomie Soto,Makanan Instan,3,3500,10500,442
2024-05-28,Kopi Sachet,Minuman,15,2500,37500,177
2025-08-04,Teh Celup,Minuman,5,8000,40000,415
2025-02-17,Susu UHT,Produk Susu,6,9000,54000,466
2023-05-11,Minuman Isotonik,Minuman,4,8500,34000,164
2024-02-03,Beras Medium,Sembako,8,65000,520000,291
2025-06-17,Coklat Batang,Snack,5,11000,55000,341
2024-05-18,Mie Ayam Instan,Makanan Instan,12,4000,48000,585
2023-11-26,Telur Ayam,Sembako,3,30000,90000,330
2024-10-12,Jus Kotak,Minuman,1,7000,7000,291
2023-05-14,Kacang Panggang,Snack,7,10000,70000,76
2025-12-30,Minuman Isotonik,Minuman,3,8500,25500,161
2024-10-20,Coklat Batang,Snack,6,11000,66000,335
2023-08-01,Beras Premium,Sembako,11,75000,825000,150
2023-01-13,Gula Pasir,Sembako,7,16000,112000,73
2023-04-30,Indomie Goreng,Makanan Instan,14,3500,49000,331
2023-09-03,Susu UHT,Produk Susu,14,9000,126000,452
2023-03-14,Gula Pasir,Sembako,10,16000,160000,63
2023-06-01,Jus Kotak,Minuman,1,7000,7000,290
2025-09-02,Wafer Coklat,Snack,19,8000,152000,108
2025-03-03,Telur Ayam,Sembako,10,30000,300000,320
2025-10-01,Kacang Panggang,Snack,13,10000,130000,63
2025-07-20,Teh Celup,Minuman,10,8000,80000,405
2025-01-07,Yogurt Botol,Produk Susu,6,10000,60000,686
2023-12-24,Telur Ayam,Sembako,7,30000,210000,313
2023-11-25,Tepung Terigu,Sembako,6,14000,84000,75
2023-02-12,Coklat Batang,Snack,7,11000,77000,328
2024-09-06,Keju Slice,Produk Susu,3,18000,54000,210
2025-04-20,Yogurt Botol,Produk Susu,14,10000,140000,672
2023-09-14,Susu UHT,Produk Susu,14,9000,126000,438
2024-12-23,Wafer Coklat,Snack,5,8000,40000,103
2025-05-05,Susu Kental Manis,Produk Susu,12,12000,144000,263
2025-03-06,Yogurt Botol,Produk Susu,11,10000,110000,661
2024-10-29,Kopi Sachet,Minuman,12,2500,30000,165
2025-12-21,Beras Premium,Sembako,6,75000,450000,144
2024-01-27,Minyak Goreng,Sembako,10,28000,280000,566
2025-01-14,Kopi Botol,Minuman,19,7000,133000,103
2025-04-16,Jus Kotak,Minuman,9,7000,63000,281
2025-03-15,Minyak Goreng,Sembako,7,28000,196000,559
2025-07-15,Ramen Pedas,Makanan Instan,9,7000,63000,140
2024-02-13,Indomie Soto,Makanan Instan,5,3500,17500,437
2023-11-17,Jus Kotak,Minuman,11,7000,77000,270
2025-11-25,Susu UHT,Produk Susu,9,9000,81000,429
2023-02-18,Yogurt Botol,Produk Susu,12,10000,120000,649
2025-03-01,Minyak Goreng,Sembako,12,28000,336000,547
2023-11-16,Tepung Terigu,Sembako,11,14000,154000,64
2024-02-10,Susu UHT,Produk Susu,4,9000,36000,425
2025-08-17,Kopi Sachet,Minuman,6,2500,15000,159
2025-09-23,Sereal Sarapan,Produk Susu,7,25000,175000,278
2023-07-18,Kacang Panggang,Snack,13,10000,130000,50
2023-06-25,Mie Ayam Instan,Makanan Instan,1,4000,4000,584
2023-04-19,Indomie Goreng,Makanan Instan,6,3500,21000,325
2023-07-04,Kopi Botol,Minuman,6,7000,42000,97
2024-12-31,Kecap Manis,Sembako,6,15000,90000,123
2024-03-12,Beras Premium,Sembako,5,75000,375000,139
2024-10-08,Teh Celup,Minuman,11,8000,88000,394
2024-11-24,Air Mineral,Minuman,12,4000,48000,273
2024-09-13,Telur Ayam,Sembako,4,30000,120000,309
2023-11-08,Beras Medium,Sembako,3,65000,195000,288
2023-08-31,Susu Kental Manis,Produk Susu,9,12000,108000,254
2025-04-19,Kecap Manis,Sembako,7,15000,105000,116
2024-07-29,Roti Tawar,Snack,12,15000,180000,619
2023-10-28,Ramen Pedas,Makanan Instan,15,7000,105000,125
2023-07-18,Yogurt Botol,Produk Susu,13,10000,130000,636
2023-10-05,Indomie Soto,Makanan Instan,15,3500,52500,422
2025-08-26,Susu UHT,Produk Susu,11,9000,99000,414
2023-02-10,Beras Medium,Sembako,10,65000,650000,278
2025-01-12,Roti Tawar,Snack,19,15000,285000,600
2024-01-08,Biskuit Coklat,Snack,8,9000,72000,186
2024-12-05,Air Mineral,Minuman,16,4000,64000,257
2025-01-27,Mie Ayam Instan,Makanan Instan,4,4000,16000,580
2024-09-06,Beras Premium,Sembako,12,75000,900000,127
2023-11-03,Kecap Manis,Sembako,2,15000,30000,114
2024-02-08,Kecap Manis,Sembako,12,15000,180000,102
2023-06-20,Telur Ayam,Sembako,6,30000,180000,303
2025-10-10,Keripik Kentang,Snack,5,12000,60000,560
2025-01-17,Beras Medium,Sembako,17,65000,1105000,261
2025-11-17,Minyak Goreng,Sembako,6,28000,168000,541
2024-10-14,Air Mineral,Minuman,15,4000,60000,242
2024-05-04,Indomie Soto,Makanan Instan,13,3500,45500,409
2025-07-08,Tepung Terigu,Sembako,10,14000,140000,54
2024-07-12,Indomie Soto,Makanan Instan,14,3500,49000,395
2023-06-14,Yogurt Botol,Produk Susu,6,10000,60000,630
2023-03-06,Jus Kotak,Minuman,3,7000,21000,267
2023-01-22,Kopi Botol,Minuman,12,7000,84000,85
2023-02-09,Biskuit Coklat,Snack,5,9000,45000,181
2024-02-13,Susu UHT,Produk Susu,16,9000,144000,398
2025-03-06,Susu UHT,Produk Susu,4,9000,36000,394
2025-02-07,Roti Tawar,Snack,9,15000,135000,591
2025-11-15,Keju Slice,Produk Susu,18,18000,324000,192
2024-12-01,Susu Kental Manis,Produk Susu,4,12000,48000,250
2024-06-19,Coklat Batang,Snack,9,11000,99000,319
2024-07-30,Air Mineral,Minuman,5,4000,20000,237
2025-07-10,Kecap Manis,Sembako,16,15000,240000,86
2024-10-14,Keju Slice,Produk Susu,16,18000,288000,176
2023-08-21,Saus Sambal,Sembako,1,13000,13000,400
2023-09-21,Keju Slice,Produk Susu,13,18000,234000,163
2023-08-08,Sereal Sarapan,Produk Susu,4,25000,100000,274
2023-12-29,Mie Ayam Instan,Makanan Instan,6,4000,24000,574
2023-11-12,Mie Ayam Instan,Makanan Instan,10,4000,40000,564
2024-04-30,Keju Slice,Produk Susu,13,18000,234000,150
2023-06-04,Kopi Botol,Minuman,1,7000,7000,84
2023-01-28,Coklat Batang,Snack,12,11000,132000,307
2024-11-29,Keju Slice,Produk Susu,16,18000,288000,134
2023-11-16,Mie Ayam Instan,Makanan Instan,10,4000,40000,554
2025-08-01,Wafer Coklat,Snack,14,8000,112000,89
2023-08-05,Keju Slice,Produk Susu,10,18000,180000,124
2023-04-26,Ramen Pedas,Makanan Instan,12,7000,84000,113
2024-02-13,Beras Premium,Sembako,17,75000,1275000,110
2023-06-16,Kecap Manis,Sembako,3,15000,45000,83
2023-07-07,Mie Ayam Instan,Makanan Instan,1,4000,4000,553
2024-04-22,Susu Kental Manis,Produk Susu,4,12000,48000,246
2023-06-12,Roti Tawar,Snack,7,15000,105000,584
2025-12-20,Kopi Sachet,Minuman,8,2500,20000,151
2024-02-09,Teh Botol,Minuman,13,5000,65000,562
2024-01-17,Keripik Kentang,Snack,9,12000,108000,551
2023-05-06,Coklat Batang,Snack,8,11000,88000,299
2025-11-05,Beras Medium,Sembako,2,65000,130000,259
2024-02-09,Beras Medium,Sembako,5,65000,325000,254
2024-01-23,Saus Sambal,Sembako,12,13000,156000,388
2023-06-05,Roti Tawar,Snack,4,15000,60000,580
2024-10-20,Beras Medium,Sembako,13,65000,845000,241
2025-03-19,Beras Medium,Sembako,14,65000,910000,227
2025-04-24,Keripik Kentang,Snack,12,12000,144000,539
2025-05-23,Minyak Goreng,Sembako,8,28000,224000,533
2024-05-08,Coklat Batang,Snack,9,11000,99000,290
2024-05-30,Wafer Coklat,Snack,5,8000,40000,84
2023-05-07,Mie Ayam Instan,Makanan Instan,2,4000,8000,551
2024-12-05,Air Mineral,Minuman,17,4000,68000,220
2025-05-30,Indomie Soto,Makanan Instan,6,3500,21000,389
2023-06-30,Indomie Goreng,Makanan Instan,6,3500,21000,319
2025-01-10,Biskuit Coklat,Snack,13,9000,117000,168
2024-06-21,Biskuit Coklat,Snack,13,9000,117000,155
2025-01-03,Yogurt Botol,Produk Susu,16,10000,160000,614
2025-10-20,Teh Celup,Minuman,9,8000,72000,385
2024-01-25,Kopi Sachet,Minuman,6,2500,15000,145
2023-03-29,Beras Medium,Sembako,12,65000,780000,215
2025-04-19,Teh Celup,Minuman,12,8000,96000,373
2025-04-05,Kopi Sachet,Minuman,12,2500,30000,133
2023-11-09,Yogurt Botol,Produk Susu,3,10000,30000,611
2025-02-28,Coklat Batang,Snack,8,11000,88000,282
2023-10-13,Kopi Botol,Minuman,13,7000,91000,71
2025-02-20,Kopi Sachet,Minuman,16,2500,40000,117
2025-01-18,Susu UHT,Produk Susu,5,9000,45000,389
2023-12-20,Keju Slice,Produk Susu,3,18000,54000,121
2024-01-12,Biskuit Coklat,Snack,4,9000,36000,151
2025-03-12,Indomie Goreng,Makanan Instan,10,3500,35000,309
2024-11-21,Tepung Terigu,Sembako,4,14000,56000,50
2025-03-14,Air Mineral,Minuman,6,4000,24000,214
2024-07-22,Teh Botol,Minuman,4,5000,20000,558
2025-10-19,Air Mineral,Minuman,11,4000,44000,203
2023-11-24,Kopi Botol,Minuman,8,7000,56000,63
2023-05-03,Kacang Panggang,Snack,6,10000,60000,398
2024-10-24,Mie Ayam Instan,Makanan Instan,13,4000,52000,538
2024-08-15,Keripik Kentang,Snack,3,12000,36000,536
2025-10-09,Minuman Isotonik,Minuman,15,8500,127500,146
2025-10-01,Susu Kental Manis,Produk Susu,4,12000,48000,242
2023-11-21,Wafer Coklat,Snack,6,8000,48000,78
2024-09-28,Wafer Coklat,Snack,13,8000,104000,65
2023-09-07,Susu Kental Manis,Produk Susu,10,12000,120000,232
2025-12-20,Beras Premium,Sembako,8,75000,600000,102
2025-02-03,Coklat Batang,Snack,15,11000,165000,267
2025-08-27,Teh Celup,Minuman,3,8000,24000,370
