date,product_name,quantity_sold,unit_price
2024-01-01,Indomie Goreng,14,3500
2024-01-01,Minyak Goreng Bimoli 1L,2,18000
2024-01-01,Beras Premium 5kg,3,65000
2024-01-01,Gula Pasir 1kg,4,15000
2024-01-01,Kopi Kapal Api Sachet,13,1500
2024-01-01,Sabun Mandi Lifebuoy,4,4500
2024-01-01,Deterjen Rinso 800g,3,12000
2024-01-01,Air Mineral Aqua 600ml,20,3000
2024-01-01,Teh Pucuk Harum 350ml,8,4000
2024-01-01,Rokok Gudang Garam,9,28000
2024-01-01,Telur Ayam (butir),21,2500
2024-01-01,Susu Ultra Milk 250ml,11,5500
2024-01-01,Roti Tawar Sari Roti,1,15000
2024-01-01,Mie Sedaap Goreng,9,3200
2024-01-01,Sambal ABC Sachet,8,2000
2024-01-02,Indomie Goreng,15,3500
2024-01-02,Minyak Goreng Bimoli 1L,4,18000
2024-01-02,Beras Premium 5kg,3,65000
2024-01-02,Gula Pasir 1kg,6,15000
2024-01-02,Kopi Kapal Api Sachet,16,1500
2024-01-02,Sabun Mandi Lifebuoy,3,4500
2024-01-02,Deterjen Rinso 800g,1,12000
2024-01-02,Air Mineral Aqua 600ml,22,3000
2024-01-02,Teh Pucuk Harum 350ml,9,4000
2024-01-02,Rokok Gudang Garam,10,28000
2024-01-02,Telur Ayam (butir),21,2500
2024-01-02,Susu Ultra Milk 250ml,8,5500
2024-01-02,Roti Tawar Sari Roti,3,15000
2024-01-02,Mie Sedaap Goreng,12,3200
2024-01-02,Sambal ABC Sachet,13,2000
2024-01-03,Indomie Goreng,4,3500
2024-01-03,Minyak Goreng Bimoli 1L,5,18000
2024-01-03,Beras Premium 5kg,4,65000
2024-01-03,Gula Pasir 1kg,5,15000
2024-01-03,Kopi Kapal Api Sachet,11,1500
2024-01-03,Sabun Mandi Lifebuoy,3,4500
2024-01-03,Deterjen Rinso 800g,2,12000
2024-01-03,Air Mineral Aqua 600ml,23,3000
2024-01-03,Teh Pucuk Harum 350ml,18,4000
2024-01-03,Rokok Gudang Garam,10,28000
2024-01-03,Telur Ayam (butir),17,2500
2024-01-03,Susu Ultra Milk 250ml,10,5500
2024-01-03,Roti Tawar Sari Roti,2,15000
2024-01-03,Mie Sedaap Goreng,12,3200
2024-01-03,Sambal ABC Sachet,6,2000
2024-01-04,Indomie Goreng,9,3500
2024-01-04,Minyak Goreng Bimoli 1L,8,18000
2024-01-04,Beras Premium 5kg,2,65000
2024-01-04,Gula Pasir 1kg,6,15000
2024-01-04,Kopi Kapal Api Sachet,22,1500
2024-01-04,Sabun Mandi Lifebuoy,8,4500
2024-01-04,Deterjen Rinso 800g,4,12000
2024-01-04,Air Mineral Aqua 600ml,20,3000
2024-01-04,Teh Pucuk Harum 350ml,14,4000
2024-01-04,Rokok Gudang Garam,16,28000
2024-01-04,Telur Ayam (butir),16,2500
2024-01-04,Susu Ultra Milk 250ml,5,5500
2024-01-04,Roti Tawar Sari Roti,3,15000
2024-01-04,Mie Sedaap Goreng,7,3200
2024-01-04,Sambal ABC Sachet,12,2000
2024-01-05,Indomie Goreng,15,3500
2024-01-05,Minyak Goreng Bimoli 1L,2,18000
2024-01-05,Beras Premium 5kg,4,65000
2024-01-05,Gula Pasir 1kg,4,15000
2024-01-05,Kopi Kapal Api Sachet,18,1500
2024-01-05,Sabun Mandi Lifebuoy,5,4500
2024-01-05,Deterjen Rinso 800g,1,12000
2024-01-05,Air Mineral Aqua 600ml,23,3000
2024-01-05,Teh Pucuk Harum 350ml,6,4000
2024-01-05,Rokok Gudang Garam,7,28000
2024-01-05,Telur Ayam (butir),16,2500
2024-01-05,Susu Ultra Milk 250ml,5,5500
2024-01-05,Roti Tawar Sari Roti,6,15000
2024-01-05,Mie Sedaap Goreng,7,3200
2024-01-05,Sambal ABC Sachet,6,2000
2024-01-06,Indomie Goreng,7,3500
2024-01-06,Minyak Goreng Bimoli 1L,4,18000
2024-01-06,Beras Premium 5kg,6,65000
2024-01-06,Gula Pasir 1kg,12,15000
2024-01-06,Kopi Kapal Api Sachet,25,1500
2024-01-06,Sabun Mandi Lifebuoy,4,4500
2024-01-06,Deterjen Rinso 800g,5,12000
2024-01-06,Air Mineral Aqua 600ml,26,3000
2024-01-06,Teh Pucuk Harum 350ml,11,4000
2024-01-06,Rokok Gudang Garam,12,28000
2024-01-06,Telur Ayam (butir),11,2500
2024-01-06,Susu Ultra Milk 250ml,6,5500
2024-01-06,Roti Tawar Sari Roti,3,15000
2024-01-06,Mie Sedaap Goreng,13,3200
2024-01-06,Sambal ABC Sachet,7,2000
2024-01-07,Indomie Goreng,12,3500
2024-01-07,Minyak Goreng Bimoli 1L,9,18000
2024-01-07,Beras Premium 5kg,1,65000
2024-01-07,Gula Pasir 1kg,2,15000
2024-01-07,Kopi Kapal Api Sachet,12,1500
2024-01-07,Sabun Mandi Lifebuoy,8,4500
2024-01-07,Deterjen Rinso 800g,5,12000
2024-01-07,Air Mineral Aqua 600ml,24,3000
2024-01-07,Teh Pucuk Harum 350ml,16,4000
2024-01-07,Rokok Gudang Garam,11,28000
2024-01-07,Telur Ayam (butir),24,2500
2024-01-07,Susu Ultra Milk 250ml,10,5500
2024-01-07,Roti Tawar Sari Roti,7,15000
2024-01-07,Mie Sedaap Goreng,18,3200
2024-01-07,Sambal ABC Sachet,15,2000
2024-01-08,Indomie Goreng,4,3500
2024-01-08,Minyak Goreng Bimoli 1L,9,18000
2024-01-08,Beras Premium 5kg,2,65000
2024-01-08,Gula Pasir 1kg,10,15000
2024-01-08,Kopi Kapal Api Sachet,24,1500
2024-01-08,Sabun Mandi Lifebuoy,4,4500
2024-01-08,Deterjen Rinso 800g,8,12000
2024-01-08,Air Mineral Aqua 600ml,14,3000
2024-01-08,Teh Pucuk Harum 350ml,14,4000
2024-01-08,Rokok Gudang Garam,4,28000
2024-01-08,Telur Ayam (butir),16,2500
2024-01-08,Susu Ultra Milk 250ml,12,5500
2024-01-08,Roti Tawar Sari Roti,5,15000
2024-01-08,Mie Sedaap Goreng,4,3200
2024-01-08,Sambal ABC Sachet,13,2000
2024-01-09,Indomie Goreng,10,3500
2024-01-09,Minyak Goreng Bimoli 1L,4,18000
2024-01-09,Beras Premium 5kg,1,65000
2024-01-09,Gula Pasir 1kg,2,15000
2024-01-09,Kopi Kapal Api Sachet,14,1500
2024-01-09,Sabun Mandi Lifebuoy,4,4500
2024-01-09,Deterjen Rinso 800g,4,12000
2024-01-09,Air Mineral Aqua 600ml,17,3000
2024-01-09,Teh Pucuk Harum 350ml,14,4000
2024-01-09,Rokok Gudang Garam,7,28000
2024-01-09,Telur Ayam (butir),12,2500
2024-01-09,Susu Ultra Milk 250ml,7,5500
2024-01-09,Roti Tawar Sari Roti,1,15000
2024-01-09,Mie Sedaap Goreng,9,3200
2024-01-09,Sambal ABC Sachet,12,2000
2024-01-10,Indomie Goreng,14,3500
2024-01-10,Minyak Goreng Bimoli 1L,4,18000
2024-01-10,Beras Premium 5kg,4,65000
2024-01-10,Gula Pasir 1kg,2,15000
2024-01-10,Kopi Kapal Api Sachet,11,1500
2024-01-10,Sabun Mandi Lifebuoy,4,4500
2024-01-10,Deterjen Rinso 800g,5,12000
2024-01-10,Air Mineral Aqua 600ml,17,3000
2024-01-10,Teh Pucuk Harum 350ml,12,4000
2024-01-10,Rokok Gudang Garam,7,28000
2024-01-10,Telur Ayam (butir),16,2500
2024-01-10,Susu Ultra Milk 250ml,5,5500
2024-01-10,Roti Tawar Sari Roti,1,15000
2024-01-10,Mie Sedaap Goreng,14,3200
2024-01-10,Sambal ABC Sachet,18,2000
2024-01-11,Indomie Goreng,12,3500
2024-01-11,Minyak Goreng Bimoli 1L,3,18000
2024-01-11,Beras Premium 5kg,3,65000
2024-01-11,Gula Pasir 1kg,6,15000
2024-01-11,Kopi Kapal Api Sachet,13,1500
2024-01-11,Sabun Mandi Lifebuoy,7,4500
2024-01-11,Deterjen Rinso 800g,3,12000
2024-01-11,Air Mineral Aqua 600ml,24,3000
2024-01-11,Teh Pucuk Harum 350ml,15,4000
2024-01-11,Rokok Gudang Garam,9,28000
2024-01-11,Telur Ayam (butir),20,2500
2024-01-11,Susu Ultra Milk 250ml,9,5500
2024-01-11,Roti Tawar Sari Roti,4,15000
2024-01-11,Mie Sedaap Goreng,9,3200
2024-01-11,Sambal ABC Sachet,14,2000
2024-01-12,Indomie Goreng,12,3500
2024-01-12,Minyak Goreng Bimoli 1L,8,18000
2024-01-12,Beras Premium 5kg,5,65000
2024-01-12,Gula Pasir 1kg,2,15000
2024-01-12,Kopi Kapal Api Sachet,13,1500
2024-01-12,Sabun Mandi Lifebuoy,7,4500
2024-01-12,Deterjen Rinso 800g,1,12000
2024-01-12,Air Mineral Aqua 600ml,20,3000
2024-01-12,Teh Pucuk Harum 350ml,17,4000
2024-01-12,Rokok Gudang Garam,6,28000
2024-01-12,Telur Ayam (butir),14,2500
2024-01-12,Susu Ultra Milk 250ml,8,5500
2024-01-12,Roti Tawar Sari Roti,1,15000
2024-01-12,Mie Sedaap Goreng,8,3200
2024-01-12,Sambal ABC Sachet,8,2000
2024-01-13,Indomie Goreng,22,3500
2024-01-13,Minyak Goreng Bimoli 1L,3,18000
2024-01-13,Beras Premium 5kg,3,65000
2024-01-13,Gula Pasir 1kg,3,15000
2024-01-13,Kopi Kapal Api Sachet,12,1500
2024-01-13,Sabun Mandi Lifebuoy,4,4500
2024-01-13,Deterjen Rinso 800g,6,12000
2024-01-13,Air Mineral Aqua 600ml,31,3000
2024-01-13,Teh Pucuk Harum 350ml,8,4000
2024-01-13,Rokok Gudang Garam,11,28000
2024-01-13,Telur Ayam (butir),24,2500
2024-01-13,Susu Ultra Milk 250ml,9,5500
2024-01-13,Roti Tawar Sari Roti,7,15000
2024-01-13,Mie Sedaap Goreng,11,3200
2024-01-13,Sambal ABC Sachet,11,2000
2024-01-14,Indomie Goreng,14,3500
2024-01-14,Minyak Goreng Bimoli 1L,3,18000
2024-01-14,Beras Premium 5kg,5,65000
2024-01-14,Gula Pasir 1kg,1,15000
2024-01-14,Kopi Kapal Api Sachet,24,1500
2024-01-14,Sabun Mandi Lifebuoy,8,4500
2024-01-14,Deterjen Rinso 800g,2,12000
2024-01-14,Air Mineral Aqua 600ml,25,3000
2024-01-14,Teh Pucuk Harum 350ml,12,4000
2024-01-14,Rokok Gudang Garam,9,28000
2024-01-14,Telur Ayam (butir),15,2500
2024-01-14,Susu Ultra Milk 250ml,8,5500
2024-01-14,Roti Tawar Sari Roti,4,15000
2024-01-14,Mie Sedaap Goreng,5,3200
2024-01-14,Sambal ABC Sachet,14,2000
2024-01-15,Indomie Goreng,11,3500
2024-01-15,Minyak Goreng Bimoli 1L,6,18000
2024-01-15,Beras Premium 5kg,4,65000
2024-01-15,Gula Pasir 1kg,9,15000
2024-01-15,Kopi Kapal Api Sachet,22,1500
2024-01-15,Sabun Mandi Lifebuoy,4,4500
2024-01-15,Deterjen Rinso 800g,8,12000
2024-01-15,Air Mineral Aqua 600ml,21,3000
2024-01-15,Teh Pucuk Harum 350ml,7,4000
2024-01-15,Rokok Gudang Garam,10,28000
2024-01-15,Telur Ayam (butir),12,2500
2024-01-15,Susu Ultra Milk 250ml,10,5500
2024-01-15,Roti Tawar Sari Roti,7,15000
2024-01-15,Mie Sedaap Goreng,5,3200
2024-01-15,Sambal ABC Sachet,11,2000
2024-01-16,Indomie Goreng,13,3500
2024-01-16,Minyak Goreng Bimoli 1L,7,18000
2024-01-16,Beras Premium 5kg,2,65000
2024-01-16,Gula Pasir 1kg,5,15000
2024-01-16,Kopi Kapal Api Sachet,11,1500
2024-01-16,Sabun Mandi Lifebuoy,7,4500
2024-01-16,Deterjen Rinso 800g,4,12000
2024-01-16,Air Mineral Aqua 600ml,16,3000
2024-01-16,Teh Pucuk Harum 350ml,12,4000
2024-01-16,Rokok Gudang Garam,11,28000
2024-01-16,Telur Ayam (butir),14,2500
2024-01-16,Susu Ultra Milk 250ml,6,5500
2024-01-16,Roti Tawar Sari Roti,6,15000
2024-01-16,Mie Sedaap Goreng,16,3200
2024-01-16,Sambal ABC Sachet,15,2000
2024-01-17,Indomie Goreng,10,3500
2024-01-17,Minyak Goreng Bimoli 1L,4,18000
2024-01-17,Beras Premium 5kg,4,65000
2024-01-17,Gula Pasir 1kg,7,15000
2024-01-17,Kopi Kapal Api Sachet,17,1500
2024-01-17,Sabun Mandi Lifebuoy,4,4500
2024-01-17,Deterjen Rinso 800g,1,12000
2024-01-17,Air Mineral Aqua 600ml,14,3000
2024-01-17,Teh Pucuk Harum 350ml,10,4000
2024-01-17,Rokok Gudang Garam,11,28000
2024-01-17,Telur Ayam (butir),17,2500
2024-01-17,Susu Ultra Milk 250ml,8,5500
2024-01-17,Roti Tawar Sari Roti,4,15000
2024-01-17,Mie Sedaap Goreng,12,3200
2024-01-17,Sambal ABC Sachet,7,2000
2024-01-18,Indomie Goreng,17,3500
2024-01-18,Minyak Goreng Bimoli 1L,3,18000
2024-01-18,Beras Premium 5kg,3,65000
2024-01-18,Gula Pasir 1kg,2,15000
2024-01-18,Kopi Kapal Api Sachet,19,1500
2024-01-18,Sabun Mandi Lifebuoy,2,4500
2024-01-18,Deterjen Rinso 800g,4,12000
2024-01-18,Air Mineral Aqua 600ml,13,3000
2024-01-18,Teh Pucuk Harum 350ml,11,4000
2024-01-18,Rokok Gudang Garam,5,28000
2024-01-18,Telur Ayam (butir),13,2500
2024-01-18,Susu Ultra Milk 250ml,6,5500
2024-01-18,Roti Tawar Sari Roti,1,15000
2024-01-18,Mie Sedaap Goreng,10,3200
2024-01-18,Sambal ABC Sachet,15,2000
2024-01-19,Indomie Goreng,17,3500
2024-01-19,Minyak Goreng Bimoli 1L,6,18000
2024-01-19,Beras Premium 5kg,1,65000
2024-01-19,Gula Pasir 1kg,5,15000
2024-01-19,Kopi Kapal Api Sachet,17,1500
2024-01-19,Sabun Mandi Lifebuoy,8,4500
2024-01-19,Deterjen Rinso 800g,1,12000
2024-01-19,Air Mineral Aqua 600ml,19,3000
2024-01-19,Teh Pucuk Harum 350ml,14,4000
2024-01-19,Rokok Gudang Garam,9,28000
2024-01-19,Telur Ayam (butir),14,2500
2024-01-19,Susu Ultra Milk 250ml,9,5500
2024-01-19,Roti Tawar Sari Roti,4,15000
2024-01-19,Mie Sedaap Goreng,10,3200
2024-01-19,Sambal ABC Sachet,10,2000
2024-01-20,Indomie Goreng,13,3500
2024-01-20,Minyak Goreng Bimoli 1L,3,18000
2024-01-20,Beras Premium 5kg,5,65000
2024-01-20,Gula Pasir 1kg,3,15000
2024-01-20,Kopi Kapal Api Sachet,18,1500
2024-01-20,Sabun Mandi Lifebuoy,6,4500
2024-01-20,Deterjen Rinso 800g,3,12000
2024-01-20,Air Mineral Aqua 600ml,23,3000
2024-01-20,Teh Pucuk Harum 350ml,12,4000
2024-01-20,Rokok Gudang Garam,2,28000
2024-01-20,Telur Ayam (butir),17,2500
2024-01-20,Susu Ultra Milk 250ml,6,5500
2024-01-20,Roti Tawar Sari Roti,6,15000
2024-01-20,Mie Sedaap Goreng,11,3200
2024-01-20,Sambal ABC Sachet,19,2000
2024-01-21,Indomie Goreng,16,3500
2024-01-21,Minyak Goreng Bimoli 1L,7,18000
2024-01-21,Beras Premium 5kg,8,65000
2024-01-21,Gula Pasir 1kg,8,15000
2024-01-21,Kopi Kapal Api Sachet,16,1500
2024-01-21,Sabun Mandi Lifebuoy,6,4500
2024-01-21,Deterjen Rinso 800g,4,12000
2024-01-21,Air Mineral Aqua 600ml,22,3000
2024-01-21,Teh Pucuk Harum 350ml,14,4000
2024-01-21,Rokok Gudang Garam,9,28000
2024-01-21,Telur Ayam (butir),19,2500
2024-01-21,Susu Ultra Milk 250ml,7,5500
2024-01-21,Roti Tawar Sari Roti,4,15000
2024-01-21,Mie Sedaap Goreng,17,3200
2024-01-21,Sambal ABC Sachet,8,2000
2024-01-22,Indomie Goreng,9,3500
2024-01-22,Minyak Goreng Bimoli 1L,6,18000
2024-01-22,Beras Premium 5kg,2,65000
2024-01-22,Gula Pasir 1kg,4,15000
2024-01-22,Kopi Kapal Api Sachet,16,1500
2024-01-22,Sabun Mandi Lifebuoy,7,4500
2024-01-22,Deterjen Rinso 800g,4,12000
2024-01-22,Air Mineral Aqua 600ml,19,3000
2024-01-22,Teh Pucuk Harum 350ml,17,4000
2024-01-22,Rokok Gudang Garam,9,28000
2024-01-22,Telur Ayam (butir),11,2500
2024-01-22,Susu Ultra Milk 250ml,3,5500
2024-01-22,Roti Tawar Sari Roti,4,15000
2024-01-22,Mie Sedaap Goreng,11,3200
2024-01-22,Sambal ABC Sachet,14,2000
2024-01-23,Indomie Goreng,9,3500
2024-01-23,Minyak Goreng Bimoli 1L,3,18000
2024-01-23,Beras Premium 5kg,2,65000
2024-01-23,Gula Pasir 1kg,3,15000
2024-01-23,Kopi Kapal Api Sachet,15,1500
2024-01-23,Sabun Mandi Lifebuoy,9,4500
2024-01-23,Deterjen Rinso 800g,3,12000
2024-01-23,Air Mineral Aqua 600ml,23,3000
2024-01-23,Teh Pucuk Harum 350ml,12,4000
2024-01-23,Rokok Gudang Garam,13,28000
2024-01-23,Telur Ayam (butir),16,2500
2024-01-23,Susu Ultra Milk 250ml,6,5500
2024-01-23,Roti Tawar Sari Roti,2,15000
2024-01-23,Mie Sedaap Goreng,13,3200
2024-01-23,Sambal ABC Sachet,15,2000
2024-01-24,Indomie Goreng,9,3500
2024-01-24,Minyak Goreng Bimoli 1L,7,18000
2024-01-24,Beras Premium 5kg,5,65000
2024-01-24,Gula Pasir 1kg,3,15000
2024-01-24,Kopi Kapal Api Sachet,8,1500
2024-01-24,Sabun Mandi Lifebuoy,7,4500
2024-01-24,Deterjen Rinso 800g,2,12000
2024-01-24,Air Mineral Aqua 600ml,22,3000
2024-01-24,Teh Pucuk Harum 350ml,7,4000
2024-01-24,Rokok Gudang Garam,7,28000
2024-01-24,Telur Ayam (butir),10,2500
2024-01-24,Susu Ultra Milk 250ml,6,5500
2024-01-24,Roti Tawar Sari Roti,4,15000
2024-01-24,Mie Sedaap Goreng,9,3200
2024-01-24,Sambal ABC Sachet,11,2000
2024-01-25,Indomie Goreng,14,3500
2024-01-25,Minyak Goreng Bimoli 1L,2,18000
2024-01-25,Beras Premium 5kg,5,65000
2024-01-25,Gula Pasir 1kg,4,15000
2024-01-25,Kopi Kapal Api Sachet,10,1500
2024-01-25,Sabun Mandi Lifebuoy,9,4500
2024-01-25,Deterjen Rinso 800g,4,12000
2024-01-25,Air Mineral Aqua 600ml,27,3000
2024-01-25,Teh Pucuk Harum 350ml,13,4000
2024-01-25,Rokok Gudang Garam,9,28000
2024-01-25,Telur Ayam (butir),8,2500
2024-01-25,Susu Ultra Milk 250ml,5,5500
2024-01-25,Roti Tawar Sari Roti,3,15000
2024-01-25,Mie Sedaap Goreng,5,3200
2024-01-25,Sambal ABC Sachet,21,2000
2024-01-26,Indomie Goreng,14,3500
2024-01-26,Minyak Goreng Bimoli 1L,3,18000
2024-01-26,Beras Premium 5kg,3,65000
2024-01-26,Gula Pasir 1kg,9,15000
2024-01-26,Kopi Kapal Api Sachet,13,1500
2024-01-26,Sabun Mandi Lifebuoy,6,4500
2024-01-26,Deterjen Rinso 800g,1,12000
2024-01-26,Air Mineral Aqua 600ml,26,3000
2024-01-26,Teh Pucuk Harum 350ml,9,4000
2024-01-26,Rokok Gudang Garam,14,28000
2024-01-26,Telur Ayam (butir),10,2500
2024-01-26,Susu Ultra Milk 250ml,13,5500
2024-01-26,Roti Tawar Sari Roti,3,15000
2024-01-26,Mie Sedaap Goreng,10,3200
2024-01-26,Sambal ABC Sachet,10,2000
2024-01-27,Indomie Goreng,14,3500
2024-01-27,Minyak Goreng Bimoli 1L,5,18000
2024-01-27,Beras Premium 5kg,2,65000
2024-01-27,Gula Pasir 1kg,10,15000
2024-01-27,Kopi Kapal Api Sachet,19,1500
2024-01-27,Sabun Mandi Lifebuoy,5,4500
2024-01-27,Deterjen Rinso 800g,7,12000
2024-01-27,Air Mineral Aqua 600ml,24,3000
2024-01-27,Teh Pucuk Harum 350ml,6,4000
2024-01-27,Rokok Gudang Garam,13,28000
2024-01-27,Telur Ayam (butir),22,2500
2024-01-27,Susu Ultra Milk 250ml,6,5500
2024-01-27,Roti Tawar Sari Roti,7,15000
2024-01-27,Mie Sedaap Goreng,10,3200
2024-01-27,Sambal ABC Sachet,12,2000
2024-01-28,Indomie Goreng,15,3500
2024-01-28,Minyak Goreng Bimoli 1L,3,18000
2024-01-28,Beras Premium 5kg,5,65000
2024-01-28,Gula Pasir 1kg,7,15000
2024-01-28,Kopi Kapal Api Sachet,11,1500
2024-01-28,Sabun Mandi Lifebuoy,7,4500
2024-01-28,Deterjen Rinso 800g,3,12000
2024-01-28,Air Mineral Aqua 600ml,21,3000
2024-01-28,Teh Pucuk Harum 350ml,11,4000
2024-01-28,Rokok Gudang Garam,8,28000
2024-01-28,Telur Ayam (butir),21,2500
2024-01-28,Susu Ultra Milk 250ml,4,5500
2024-01-28,Roti Tawar Sari Roti,4,15000
2024-01-28,Mie Sedaap Goreng,16,3200
2024-01-28,Sambal ABC Sachet,6,2000
2024-01-29,Indomie Goreng,9,3500
2024-01-29,Minyak Goreng Bimoli 1L,7,18000
2024-01-29,Beras Premium 5kg,1,65000
2024-01-29,Gula Pasir 1kg,2,15000
2024-01-29,Kopi Kapal Api Sachet,20,1500
2024-01-29,Sabun Mandi Lifebuoy,4,4500
2024-01-29,Deterjen Rinso 800g,3,12000
2024-01-29,Air Mineral Aqua 600ml,20,3000
2024-01-29,Teh Pucuk Harum 350ml,13,4000
2024-01-29,Rokok Gudang Garam,7,28000
2024-01-29,Telur Ayam (butir),19,2500
2024-01-29,Susu Ultra Milk 250ml,9,5500
2024-01-29,Roti Tawar Sari Roti,3,15000
2024-01-29,Mie Sedaap Goreng,10,3200
2024-01-29,Sambal ABC Sachet,8,2000
2024-01-30,Indomie Goreng,9,3500
2024-01-30,Minyak Goreng Bimoli 1L,7,18000
2024-01-30,Beras Premium 5kg,6,65000
2024-01-30,Gula Pasir 1kg,4,15000
2024-01-30,Kopi Kapal Api Sachet,14,1500
2024-01-30,Sabun Mandi Lifebuoy,9,4500
2024-01-30,Deterjen Rinso 800g,3,12000
2024-01-30,Air Mineral Aqua 600ml,21,3000
2024-01-30,Teh Pucuk Harum 350ml,6,4000
2024-01-30,Rokok Gudang Garam,12,28000
2024-01-30,Telur Ayam (butir),11,2500
2024-01-30,Susu Ultra Milk 250ml,5,5500
2024-01-30,Roti Tawar Sari Roti,7,15000
2024-01-30,Mie Sedaap Goreng,7,3200
2024-01-30,Sambal ABC Sachet,15,2000
2024-01-31,Indomie Goreng,13,3500
2024-01-31,Minyak Goreng Bimoli 1L,3,18000
2024-01-31,Beras Premium 5kg,7,65000
2024-01-31,Gula Pasir 1kg,5,15000
2024-01-31,Kopi Kapal Api Sachet,20,1500
2024-01-31,Sabun Mandi Lifebuoy,4,4500
2024-01-31,Deterjen Rinso 800g,7,12000
2024-01-31,Air Mineral Aqua 600ml,23,3000
2024-01-31,Teh Pucuk Harum 350ml,15,4000
2024-01-31,Rokok Gudang Garam,6,28000
2024-01-31,Telur Ayam (butir),15,2500
2024-01-31,Susu Ultra Milk 250ml,9,5500
2024-01-31,Roti Tawar Sari Roti,1,15000
2024-01-31,Mie Sedaap Goreng,7,3200
2024-01-31,Sambal ABC Sachet,15,2000
2024-02-01,Indomie Goreng,7,3500
2024-02-01,Minyak Goreng Bimoli 1L,9,18000
2024-02-01,Beras Premium 5kg,6,65000
2024-02-01,Gula Pasir 1kg,3,15000
2024-02-01,Kopi Kapal Api Sachet,15,1500
2024-02-01,Sabun Mandi Lifebuoy,6,4500
2024-02-01,Deterjen Rinso 800g,2,12000
2024-02-01,Air Mineral Aqua 600ml,14,3000
2024-02-01,Teh Pucuk Harum 350ml,22,4000
2024-02-01,Rokok Gudang Garam,6,28000
2024-02-01,Telur Ayam (butir),5,2500
2024-02-01,Susu Ultra Milk 250ml,8,5500
2024-02-01,Roti Tawar Sari Roti,2,15000
2024-02-01,Mie Sedaap Goreng,12,3200
2024-02-01,Sambal ABC Sachet,15,2000
2024-02-02,Indomie Goreng,13,3500
2024-02-02,Minyak Goreng Bimoli 1L,3,18000
2024-02-02,Beras Premium 5kg,1,65000
2024-02-02,Gula Pasir 1kg,3,15000
2024-02-02,Kopi Kapal Api Sachet,18,1500
2024-02-02,Sabun Mandi Lifebuoy,6,4500
2024-02-02,Air Mineral Aqua 600ml,21,3000
2024-02-02,Teh Pucuk Harum 350ml,14,4000
2024-02-02,Rokok Gudang Garam,4,28000
2024-02-02,Telur Ayam (butir),14,2500
2024-02-02,Susu Ultra Milk 250ml,5,5500
2024-02-02,Roti Tawar Sari Roti,6,15000
2024-02-02,Mie Sedaap Goreng,15,3200
2024-02-02,Sambal ABC Sachet,11,2000
2024-02-03,Indomie Goreng,19,3500
2024-02-03,Minyak Goreng Bimoli 1L,3,18000
2024-02-03,Beras Premium 5kg,1,65000
2024-02-03,Gula Pasir 1kg,5,15000
2024-02-03,Kopi Kapal Api Sachet,20,1500
2024-02-03,Sabun Mandi Lifebuoy,5,4500
2024-02-03,Deterjen Rinso 800g,1,12000
2024-02-03,Air Mineral Aqua 600ml,18,3000
2024-02-03,Teh Pucuk Harum 350ml,17,4000
2024-02-03,Rokok Gudang Garam,11,28000
2024-02-03,Telur Ayam (butir),29,2500
2024-02-03,Susu Ultra Milk 250ml,10,5500
2024-02-03,Roti Tawar Sari Roti,1,15000
2024-02-03,Mie Sedaap Goreng,9,3200
2024-02-03,Sambal ABC Sachet,12,2000
2024-02-04,Indomie Goreng,9,3500
2024-02-04,Minyak Goreng Bimoli 1L,9,18000
2024-02-04,Beras Premium 5kg,1,65000
2024-02-04,Gula Pasir 1kg,8,15000
2024-02-04,Kopi Kapal Api Sachet,15,1500
2024-02-04,Sabun Mandi Lifebuoy,9,4500
2024-02-04,Deterjen Rinso 800g,7,12000
2024-02-04,Air Mineral Aqua 600ml,29,3000
2024-02-04,Teh Pucuk Harum 350ml,10,4000
2024-02-04,Rokok Gudang Garam,14,28000
2024-02-04,Telur Ayam (butir),17,2500
2024-02-04,Susu Ultra Milk 250ml,8,5500
2024-02-04,Roti Tawar Sari Roti,5,15000
2024-02-04,Mie Sedaap Goreng,14,3200
2024-02-04,Sambal ABC Sachet,9,2000
2024-02-05,Indomie Goreng,14,3500
2024-02-05,Minyak Goreng Bimoli 1L,5,18000
2024-02-05,Beras Premium 5kg,2,65000
2024-02-05,Gula Pasir 1kg,4,15000
2024-02-05,Kopi Kapal Api Sachet,24,1500
2024-02-05,Sabun Mandi Lifebuoy,5,4500
2024-02-05,Deterjen Rinso 800g,1,12000
2024-02-05,Air Mineral Aqua 600ml,17,3000
2024-02-05,Teh Pucuk Harum 350ml,9,4000
2024-02-05,Rokok Gudang Garam,11,28000
2024-02-05,Telur Ayam (butir),21,2500
2024-02-05,Susu Ultra Milk 250ml,9,5500
2024-02-05,Roti Tawar Sari Roti,3,15000
2024-02-05,Mie Sedaap Goreng,7,3200
2024-02-05,Sambal ABC Sachet,12,2000
2024-02-06,Indomie Goreng,9,3500
2024-02-06,Minyak Goreng Bimoli 1L,2,18000
2024-02-06,Beras Premium 5kg,3,65000
2024-02-06,Gula Pasir 1kg,6,15000
2024-02-06,Kopi Kapal Api Sachet,21,1500
2024-02-06,Sabun Mandi Lifebuoy,7,4500
2024-02-06,Deterjen Rinso 800g,7,12000
2024-02-06,Air Mineral Aqua 600ml,22,3000
2024-02-06,Teh Pucuk Harum 350ml,11,4000
2024-02-06,Rokok Gudang Garam,7,28000
2024-02-06,Telur Ayam (butir),20,2500
2024-02-06,Susu Ultra Milk 250ml,9,5500
2024-02-06,Roti Tawar Sari Roti,4,15000
2024-02-06,Mie Sedaap Goreng,6,3200
2024-02-06,Sambal ABC Sachet,15,2000
2024-02-07,Indomie Goreng,10,3500
2024-02-07,Minyak Goreng Bimoli 1L,1,18000
2024-02-07,Beras Premium 5kg,3,65000
2024-02-07,Gula Pasir 1kg,1,15000
2024-02-07,Kopi Kapal Api Sachet,15,1500
2024-02-07,Sabun Mandi Lifebuoy,6,4500
2024-02-07,Deterjen Rinso 800g,3,12000
2024-02-07,Air Mineral Aqua 600ml,24,3000
2024-02-07,Teh Pucuk Harum 350ml,10,4000
2024-02-07,Rokok Gudang Garam,5,28000
2024-02-07,Telur Ayam (butir),18,2500
2024-02-07,Susu Ultra Milk 250ml,4,5500
2024-02-07,Roti Tawar Sari Roti,3,15000
2024-02-07,Mie Sedaap Goreng,10,3200
2024-02-07,Sambal ABC Sachet,13,2000
2024-02-08,Indomie Goreng,12,3500
2024-02-08,Minyak Goreng Bimoli 1L,7,18000
2024-02-08,Beras Premium 5kg,3,65000
2024-02-08,Gula Pasir 1kg,1,15000
2024-02-08,Kopi Kapal Api Sachet,16,1500
2024-02-08,Sabun Mandi Lifebuoy,6,4500
2024-02-08,Deterjen Rinso 800g,4,12000
2024-02-08,Air Mineral Aqua 600ml,9,3000
2024-02-08,Teh Pucuk Harum 350ml,11,4000
2024-02-08,Rokok Gudang Garam,13,28000
2024-02-08,Telur Ayam (butir),14,2500
2024-02-08,Susu Ultra Milk 250ml,11,5500
2024-02-08,Roti Tawar Sari Roti,5,15000
2024-02-08,Mie Sedaap Goreng,4,3200
2024-02-08,Sambal ABC Sachet,10,2000
2024-02-09,Indomie Goreng,8,3500
2024-02-09,Minyak Goreng Bimoli 1L,4,18000
2024-02-09,Beras Premium 5kg,1,65000
2024-02-09,Gula Pasir 1kg,3,15000
2024-02-09,Kopi Kapal Api Sachet,14,1500
2024-02-09,Sabun Mandi Lifebuoy,5,4500
2024-02-09,Deterjen Rinso 800g,6,12000
2024-02-09,Air Mineral Aqua 600ml,18,3000
2024-02-09,Teh Pucuk Harum 350ml,9,4000
2024-02-09,Rokok Gudang Garam,5,28000
2024-02-09,Telur Ayam (butir),11,2500
2024-02-09,Susu Ultra Milk 250ml,12,5500
2024-02-09,Roti Tawar Sari Roti,4,15000
2024-02-09,Mie Sedaap Goreng,5,3200
2024-02-09,Sambal ABC Sachet,18,2000
2024-02-10,Indomie Goreng,13,3500
2024-02-10,Minyak Goreng Bimoli 1L,8,18000
2024-02-10,Beras Premium 5kg,1,65000
2024-02-10,Gula Pasir 1kg,2,15000
2024-02-10,Kopi Kapal Api Sachet,17,1500
2024-02-10,Sabun Mandi Lifebuoy,4,4500
2024-02-10,Deterjen Rinso 800g,1,12000
2024-02-10,Air Mineral Aqua 600ml,20,3000
2024-02-10,Teh Pucuk Harum 350ml,13,4000
2024-02-10,Rokok Gudang Garam,8,28000
2024-02-10,Telur Ayam (butir),22,2500
2024-02-10,Susu Ultra Milk 250ml,12,5500
2024-02-10,Roti Tawar Sari Roti,3,15000
2024-02-10,Mie Sedaap Goreng,12,3200
2024-02-10,Sambal ABC Sachet,16,2000
2024-02-11,Indomie Goreng,8,3500
2024-02-11,Minyak Goreng Bimoli 1L,13,18000
2024-02-11,Beras Premium 5kg,7,65000
2024-02-11,Gula Pasir 1kg,6,15000
2024-02-11,Kopi Kapal Api Sachet,23,1500
2024-02-11,Sabun Mandi Lifebuoy,8,4500
2024-02-11,Deterjen Rinso 800g,6,12000
2024-02-11,Air Mineral Aqua 600ml,18,3000
2024-02-11,Teh Pucuk Harum 350ml,9,4000
2024-02-11,Rokok Gudang Garam,8,28000
2024-02-11,Telur Ayam (butir),20,2500
2024-02-11,Susu Ultra Milk 250ml,7,5500
2024-02-11,Roti Tawar Sari Roti,4,15000
2024-02-11,Mie Sedaap Goreng,9,3200
2024-02-11,Sambal ABC Sachet,13,2000
2024-02-12,Indomie Goreng,15,3500
2024-02-12,Minyak Goreng Bimoli 1L,3,18000
2024-02-12,Beras Premium 5kg,5,65000
2024-02-12,Gula Pasir 1kg,3,15000
2024-02-12,Kopi Kapal Api Sachet,12,1500
2024-02-12,Sabun Mandi Lifebuoy,5,4500
2024-02-12,Deterjen Rinso 800g,5,12000
2024-02-12,Air Mineral Aqua 600ml,17,3000
2024-02-12,Teh Pucuk Harum 350ml,11,4000
2024-02-12,Rokok Gudang Garam,7,28000
2024-02-12,Telur Ayam (butir),9,2500
2024-02-12,Susu Ultra Milk 250ml,5,5500
2024-02-12,Roti Tawar Sari Roti,4,15000
2024-02-12,Mie Sedaap Goreng,12,3200
2024-02-12,Sambal ABC Sachet,9,2000
2024-02-13,Indomie Goreng,20,3500
2024-02-13,Minyak Goreng Bimoli 1L,5,18000
2024-02-13,Beras Premium 5kg,1,65000
2024-02-13,Gula Pasir 1kg,6,15000
2024-02-13,Kopi Kapal Api Sachet,16,1500
2024-02-13,Sabun Mandi Lifebuoy,4,4500
2024-02-13,Deterjen Rinso 800g,2,12000
2024-02-13,Air Mineral Aqua 600ml,16,3000
2024-02-13,Teh Pucuk Harum 350ml,9,4000
2024-02-13,Rokok Gudang Garam,11,28000
2024-02-13,Telur Ayam (butir),11,2500
2024-02-13,Susu Ultra Milk 250ml,9,5500
2024-02-13,Roti Tawar Sari Roti,6,15000
2024-02-13,Mie Sedaap Goreng,8,3200
2024-02-13,Sambal ABC Sachet,9,2000
2024-02-14,Indomie Goreng,18,3500
2024-02-14,Minyak Goreng Bimoli 1L,5,18000
2024-02-14,Beras Premium 5kg,1,65000
2024-02-14,Gula Pasir 1kg,5,15000
2024-02-14,Kopi Kapal Api Sachet,13,1500
2024-02-14,Sabun Mandi Lifebuoy,9,4500
2024-02-14,Deterjen Rinso 800g,4,12000
2024-02-14,Air Mineral Aqua 600ml,18,3000
2024-02-14,Teh Pucuk Harum 350ml,11,4000
2024-02-14,Rokok Gudang Garam,12,28000
2024-02-14,Telur Ayam (butir),10,2500
2024-02-14,Susu Ultra Milk 250ml,5,5500
2024-02-14,Roti Tawar Sari Roti,3,15000
2024-02-14,Mie Sedaap Goreng,5,3200
2024-02-14,Sambal ABC Sachet,10,2000
2024-02-15,Indomie Goreng,13,3500
2024-02-15,Minyak Goreng Bimoli 1L,6,18000
2024-02-15,Beras Premium 5kg,4,65000
2024-02-15,Gula Pasir 1kg,3,15000
2024-02-15,Kopi Kapal Api Sachet,17,1500
2024-02-15,Sabun Mandi Lifebuoy,5,4500
2024-02-15,Deterjen Rinso 800g,2,12000
2024-02-15,Air Mineral Aqua 600ml,21,3000
2024-02-15,Teh Pucuk Harum 350ml,13,4000
2024-02-15,Rokok Gudang Garam,9,28000
2024-02-15,Telur Ayam (butir),11,2500
2024-02-15,Susu Ultra Milk 250ml,7,5500
2024-02-15,Roti Tawar Sari Roti,4,15000
2024-02-15,Mie Sedaap Goreng,9,3200
2024-02-15,Sambal ABC Sachet,10,2000
2024-02-16,Indomie Goreng,10,3500
2024-02-16,Minyak Goreng Bimoli 1L,3,18000
2024-02-16,Beras Premium 5kg,3,65000
2024-02-16,Gula Pasir 1kg,5,15000
2024-02-16,Kopi Kapal Api Sachet,18,1500
2024-02-16,Sabun Mandi Lifebuoy,6,4500
2024-02-16,Deterjen Rinso 800g,8,12000
2024-02-16,Air Mineral Aqua 600ml,22,3000
2024-02-16,Teh Pucuk Harum 350ml,11,4000
2024-02-16,Rokok Gudang Garam,7,28000
2024-02-16,Telur Ayam (butir),11,2500
2024-02-16,Susu Ultra Milk 250ml,11,5500
2024-02-16,Roti Tawar Sari Roti,2,15000
2024-02-16,Mie Sedaap Goreng,10,3200
2024-02-16,Sambal ABC Sachet,9,2000
2024-02-17,Indomie Goreng,12,3500
2024-02-17,Minyak Goreng Bimoli 1L,8,18000
2024-02-17,Beras Premium 5kg,3,65000
2024-02-17,Gula Pasir 1kg,5,15000
2024-02-17,Kopi Kapal Api Sachet,12,1500
2024-02-17,Sabun Mandi Lifebuoy,6,4500
2024-02-17,Deterjen Rinso 800g,3,12000
2024-02-17,Air Mineral Aqua 600ml,30,3000
2024-02-17,Teh Pucuk Harum 350ml,14,4000
2024-02-17,Rokok Gudang Garam,14,28000
2024-02-17,Telur Ayam (butir),21,2500
2024-02-17,Susu Ultra Milk 250ml,15,5500
2024-02-17,Roti Tawar Sari Roti,5,15000
2024-02-17,Mie Sedaap Goreng,11,3200
2024-02-17,Sambal ABC Sachet,16,2000
2024-02-18,Indomie Goreng,11,3500
2024-02-18,Minyak Goreng Bimoli 1L,7,18000
2024-02-18,Gula Pasir 1kg,9,15000
2024-02-18,Kopi Kapal Api Sachet,19,1500
2024-02-18,Sabun Mandi Lifebuoy,5,4500
2024-02-18,Deterjen Rinso 800g,5,12000
2024-02-18,Air Mineral Aqua 600ml,31,3000
2024-02-18,Teh Pucuk Harum 350ml,17,4000
2024-02-18,Rokok Gudang Garam,10,28000
2024-02-18,Telur Ayam (butir),10,2500
2024-02-18,Susu Ultra Milk 250ml,7,5500
2024-02-18,Roti Tawar Sari Roti,3,15000
2024-02-18,Mie Sedaap Goreng,6,3200
2024-02-18,Sambal ABC Sachet,13,2000
2024-02-19,Indomie Goreng,15,3500
2024-02-19,Minyak Goreng Bimoli 1L,3,18000
2024-02-19,Beras Premium 5kg,2,65000
2024-02-19,Gula Pasir 1kg,3,15000
2024-02-19,Kopi Kapal Api Sachet,20,1500
2024-02-19,Sabun Mandi Lifebuoy,5,4500
2024-02-19,Deterjen Rinso 800g,3,12000
2024-02-19,Air Mineral Aqua 600ml,17,3000
2024-02-19,Teh Pucuk Harum 350ml,6,4000
2024-02-19,Rokok Gudang Garam,10,28000
2024-02-19,Telur Ayam (butir),15,2500
2024-02-19,Susu Ultra Milk 250ml,12,5500
2024-02-19,Roti Tawar Sari Roti,3,15000
2024-02-19,Mie Sedaap Goreng,10,3200
2024-02-19,Sambal ABC Sachet,12,2000
2024-02-20,Indomie Goreng,9,3500
2024-02-20,Minyak Goreng Bimoli 1L,6,18000
2024-02-20,Beras Premium 5kg,3,65000
2024-02-20,Gula Pasir 1kg,5,15000
2024-02-20,Kopi Kapal Api Sachet,12,1500
2024-02-20,Deterjen Rinso 800g,5,12000
2024-02-20,Air Mineral Aqua 600ml,18,3000
2024-02-20,Teh Pucuk Harum 350ml,11,4000
2024-02-20,Rokok Gudang Garam,6,28000
2024-02-20,Telur Ayam (butir),18,2500
2024-02-20,Susu Ultra Milk 250ml,8,5500
2024-02-20,Roti Tawar Sari Roti,3,15000
2024-02-20,Mie Sedaap Goreng,6,3200
2024-02-20,Sambal ABC Sachet,15,2000
2024-02-21,Indomie Goreng,9,3500
2024-02-21,Minyak Goreng Bimoli 1L,4,18000
2024-02-21,Beras Premium 5kg,4,65000
2024-02-21,Gula Pasir 1kg,6,15000
2024-02-21,Kopi Kapal Api Sachet,15,1500
2024-02-21,Sabun Mandi Lifebuoy,2,4500
2024-02-21,Deterjen Rinso 800g,6,12000
2024-02-21,Air Mineral Aqua 600ml,26,3000
2024-02-21,Teh Pucuk Harum 350ml,9,4000
2024-02-21,Rokok Gudang Garam,8,28000
2024-02-21,Telur Ayam (butir),14,2500
2024-02-21,Susu Ultra Milk 250ml,7,5500
2024-02-21,Roti Tawar Sari Roti,2,15000
2024-02-21,Mie Sedaap Goreng,13,3200
2024-02-21,Sambal ABC Sachet,8,2000
2024-02-22,Indomie Goreng,11,3500
2024-02-22,Minyak Goreng Bimoli 1L,7,18000
2024-02-22,Beras Premium 5kg,3,65000
2024-02-22,Gula Pasir 1kg,5,15000
2024-02-22,Kopi Kapal Api Sachet,14,1500
2024-02-22,Sabun Mandi Lifebuoy,9,4500
2024-02-22,Deterjen Rinso 800g,3,12000
2024-02-22,Air Mineral Aqua 600ml,13,3000
2024-02-22,Teh Pucuk Harum 350ml,11,4000
2024-02-22,Rokok Gudang Garam,5,28000
2024-02-22,Telur Ayam (butir),17,2500
2024-02-22,Susu Ultra Milk 250ml,9,5500
2024-02-22,Roti Tawar Sari Roti,1,15000
2024-02-22,Mie Sedaap Goreng,7,3200
2024-02-22,Sambal ABC Sachet,11,2000
2024-02-23,Indomie Goreng,10,3500
2024-02-23,Minyak Goreng Bimoli 1L,2,18000
2024-02-23,Beras Premium 5kg,3,65000
2024-02-23,Gula Pasir 1kg,7,15000
2024-02-23,Kopi Kapal Api Sachet,22,1500
2024-02-23,Sabun Mandi Lifebuoy,3,4500
2024-02-23,Deterjen Rinso 800g,5,12000
2024-02-23,Air Mineral Aqua 600ml,19,3000
2024-02-23,Teh Pucuk Harum 350ml,13,4000
2024-02-23,Rokok Gudang Garam,9,28000
2024-02-23,Telur Ayam (butir),14,2500
2024-02-23,Susu Ultra Milk 250ml,4,5500
2024-02-23,Roti Tawar Sari Roti,2,15000
2024-02-23,Mie Sedaap Goreng,15,3200
2024-02-23,Sambal ABC Sachet,13,2000
2024-02-24,Indomie Goreng,16,3500
2024-02-24,Minyak Goreng Bimoli 1L,7,18000
2024-02-24,Beras Premium 5kg,5,65000
2024-02-24,Gula Pasir 1kg,2,15000
2024-02-24,Kopi Kapal Api Sachet,17,1500
2024-02-24,Sabun Mandi Lifebuoy,8,4500
2024-02-24,Deterjen Rinso 800g,5,12000
2024-02-24,Air Mineral Aqua 600ml,26,3000
2024-02-24,Teh Pucuk Harum 350ml,11,4000
2024-02-24,Rokok Gudang Garam,9,28000
2024-02-24,Telur Ayam (butir),13,2500
2024-02-24,Susu Ultra Milk 250ml,5,5500
2024-02-24,Roti Tawar Sari Roti,4,15000
2024-02-24,Mie Sedaap Goreng,6,3200
2024-02-24,Sambal ABC Sachet,13,2000
2024-02-25,Indomie Goreng,13,3500
2024-02-25,Minyak Goreng Bimoli 1L,3,18000
2024-02-25,Beras Premium 5kg,1,65000
2024-02-25,Gula Pasir 1kg,7,15000
2024-02-25,Kopi Kapal Api Sachet,19,1500
2024-02-25,Sabun Mandi Lifebuoy,7,4500
2024-02-25,Deterjen Rinso 800g,3,12000
2024-02-25,Air Mineral Aqua 600ml,19,3000
2024-02-25,Teh Pucuk Harum 350ml,6,4000
2024-02-25,Rokok Gudang Garam,10,28000
2024-02-25,Telur Ayam (butir),17,2500
2024-02-25,Susu Ultra Milk 250ml,8,5500
2024-02-25,Roti Tawar Sari Roti,2,15000
2024-02-25,Mie Sedaap Goreng,10,3200
2024-02-25,Sambal ABC Sachet,10,2000
2024-02-26,Indomie Goreng,9,3500
2024-02-26,Minyak Goreng Bimoli 1L,4,18000
2024-02-26,Beras Premium 5kg,5,65000
2024-02-26,Gula Pasir 1kg,4,15000
2024-02-26,Kopi Kapal Api Sachet,19,1500
2024-02-26,Sabun Mandi Lifebuoy,7,4500
2024-02-26,Deterjen Rinso 800g,6,12000
2024-02-26,Air Mineral Aqua 600ml,24,3000
2024-02-26,Teh Pucuk Harum 350ml,15,4000
2024-02-26,Rokok Gudang Garam,8,28000
2024-02-26,Telur Ayam (butir),20,2500
2024-02-26,Susu Ultra Milk 250ml,10,5500
2024-02-26,Roti Tawar Sari Roti,3,15000
2024-02-26,Mie Sedaap Goreng,8,3200
2024-02-26,Sambal ABC Sachet,11,2000
2024-02-27,Indomie Goreng,6,3500
2024-02-27,Minyak Goreng Bimoli 1L,3,18000
2024-02-27,Beras Premium 5kg,2,65000
2024-02-27,Gula Pasir 1kg,5,15000
2024-02-27,Kopi Kapal Api Sachet,8,1500
2024-02-27,Sabun Mandi Lifebuoy,6,4500
2024-02-27,Deterjen Rinso 800g,8,12000
2024-02-27,Air Mineral Aqua 600ml,17,3000
2024-02-27,Teh Pucuk Harum 350ml,13,4000
2024-02-27,Rokok Gudang Garam,7,28000
2024-02-27,Telur Ayam (butir),9,2500
2024-02-27,Susu Ultra Milk 250ml,7,5500
2024-02-27,Roti Tawar Sari Roti,3,15000
2024-02-27,Mie Sedaap Goreng,11,3200
2024-02-27,Sambal ABC Sachet,9,2000
2024-02-28,Indomie Goreng,11,3500
2024-02-28,Minyak Goreng Bimoli 1L,9,18000
2024-02-28,Beras Premium 5kg,2,65000
2024-02-28,Gula Pasir 1kg,8,15000
2024-02-28,Kopi Kapal Api Sachet,14,1500
2024-02-28,Sabun Mandi Lifebuoy,4,4500
2024-02-28,Deterjen Rinso 800g,3,12000
2024-02-28,Air Mineral Aqua 600ml,11,3000
2024-02-28,Teh Pucuk Harum 350ml,12,4000
2024-02-28,Rokok Gudang Garam,7,28000
2024-02-28,Telur Ayam (butir),16,2500
2024-02-28,Susu Ultra Milk 250ml,11,5500
2024-02-28,Roti Tawar Sari Roti,1,15000
2024-02-28,Mie Sedaap Goreng,11,3200
2024-02-28,Sambal ABC Sachet,21,2000
2024-02-29,Indomie Goreng,5,3500
2024-02-29,Minyak Goreng Bimoli 1L,6,18000
2024-02-29,Beras Premium 5kg,2,65000
2024-02-29,Gula Pasir 1kg,4,15000
2024-02-29,Kopi Kapal Api Sachet,10,1500
2024-02-29,Sabun Mandi Lifebuoy,5,4500
2024-02-29,Deterjen Rinso 800g,2,12000
2024-02-29,Air Mineral Aqua 600ml,11,3000
2024-02-29,Teh Pucuk Harum 350ml,12,4000
2024-02-29,Rokok Gudang Garam,9,28000
2024-02-29,Telur Ayam (butir),10,2500
2024-02-29,Susu Ultra Milk 250ml,8,5500
2024-02-29,Roti Tawar Sari Roti,4,15000
2024-02-29,Mie Sedaap Goreng,13,3200
2024-02-29,Sambal ABC Sachet,15,2000
2024-03-01,Indomie Goreng,7,3500
2024-03-01,Minyak Goreng Bimoli 1L,5,18000
2024-03-01,Beras Premium 5kg,2,65000
2024-03-01,Gula Pasir 1kg,10,15000
2024-03-01,Kopi Kapal Api Sachet,24,1500
2024-03-01,Sabun Mandi Lifebuoy,5,4500
2024-03-01,Deterjen Rinso 800g,5,12000
2024-03-01,Air Mineral Aqua 600ml,19,3000
2024-03-01,Teh Pucuk Harum 350ml,8,4000
2024-03-01,Rokok Gudang Garam,7,28000
2024-03-01,Telur Ayam (butir),15,2500
2024-03-01,Susu Ultra Milk 250ml,6,5500
2024-03-01,Roti Tawar Sari Roti,1,15000
2024-03-01,Mie Sedaap Goreng,7,3200
2024-03-01,Sambal ABC Sachet,8,2000
2024-03-02,Indomie Goreng,9,3500
2024-03-02,Minyak Goreng Bimoli 1L,7,18000
2024-03-02,Beras Premium 5kg,1,65000
2024-03-02,Gula Pasir 1kg,5,15000
2024-03-02,Kopi Kapal Api Sachet,16,1500
2024-03-02,Sabun Mandi Lifebuoy,6,4500
2024-03-02,Deterjen Rinso 800g,2,12000
2024-03-02,Air Mineral Aqua 600ml,27,3000
2024-03-02,Teh Pucuk Harum 350ml,13,4000
2024-03-02,Rokok Gudang Garam,4,28000
2024-03-02,Telur Ayam (butir),16,2500
2024-03-02,Susu Ultra Milk 250ml,12,5500
2024-03-02,Roti Tawar Sari Roti,5,15000
2024-03-02,Mie Sedaap Goreng,7,3200
2024-03-02,Sambal ABC Sachet,14,2000
2024-03-03,Indomie Goreng,9,3500
2024-03-03,Minyak Goreng Bimoli 1L,7,18000
2024-03-03,Beras Premium 5kg,4,65000
2024-03-03,Gula Pasir 1kg,6,15000
2024-03-03,Kopi Kapal Api Sachet,21,1500
2024-03-03,Sabun Mandi Lifebuoy,10,4500
2024-03-03,Deterjen Rinso 800g,4,12000
2024-03-03,Air Mineral Aqua 600ml,21,3000
2024-03-03,Teh Pucuk Harum 350ml,21,4000
2024-03-03,Rokok Gudang Garam,10,28000
2024-03-03,Telur Ayam (butir),20,2500
2024-03-03,Susu Ultra Milk 250ml,10,5500
2024-03-03,Roti Tawar Sari Roti,5,15000
2024-03-03,Mie Sedaap Goreng,8,3200
2024-03-03,Sambal ABC Sachet,14,2000
2024-03-04,Indomie Goreng,11,3500
2024-03-04,Minyak Goreng Bimoli 1L,2,18000
2024-03-04,Beras Premium 5kg,2,65000
2024-03-04,Gula Pasir 1kg,2,15000
2024-03-04,Kopi Kapal Api Sachet,17,1500
2024-03-04,Sabun Mandi Lifebuoy,3,4500
2024-03-04,Deterjen Rinso 800g,8,12000
2024-03-04,Air Mineral Aqua 600ml,26,3000
2024-03-04,Teh Pucuk Harum 350ml,9,4000
2024-03-04,Rokok Gudang Garam,9,28000
2024-03-04,Telur Ayam (butir),22,2500
2024-03-04,Susu Ultra Milk 250ml,11,5500
2024-03-04,Roti Tawar Sari Roti,4,15000
2024-03-04,Mie Sedaap Goreng,12,3200
2024-03-04,Sambal ABC Sachet,11,2000
2024-03-05,Indomie Goreng,9,3500
2024-03-05,Minyak Goreng Bimoli 1L,10,18000
2024-03-05,Beras Premium 5kg,3,65000
2024-03-05,Gula Pasir 1kg,5,15000
2024-03-05,Kopi Kapal Api Sachet,17,1500
2024-03-05,Sabun Mandi Lifebuoy,8,4500
2024-03-05,Deterjen Rinso 800g,2,12000
2024-03-05,Air Mineral Aqua 600ml,23,3000
2024-03-05,Teh Pucuk Harum 350ml,16,4000
2024-03-05,Rokok Gudang Garam,11,28000
2024-03-05,Telur Ayam (butir),19,2500
2024-03-05,Susu Ultra Milk 250ml,7,5500
2024-03-05,Roti Tawar Sari Roti,4,15000
2024-03-05,Mie Sedaap Goreng,6,3200
2024-03-05,Sambal ABC Sachet,10,2000
2024-03-06,Indomie Goreng,12,3500
2024-03-06,Minyak Goreng Bimoli 1L,6,18000
2024-03-06,Beras Premium 5kg,5,65000
2024-03-06,Gula Pasir 1kg,6,15000
2024-03-06,Kopi Kapal Api Sachet,13,1500
2024-03-06,Sabun Mandi Lifebuoy,5,4500
2024-03-06,Deterjen Rinso 800g,2,12000
2024-03-06,Air Mineral Aqua 600ml,27,3000
2024-03-06,Teh Pucuk Harum 350ml,14,4000
2024-03-06,Rokok Gudang Garam,6,28000
2024-03-06,Telur Ayam (butir),13,2500
2024-03-06,Susu Ultra Milk 250ml,5,5500
2024-03-06,Roti Tawar Sari Roti,1,15000
2024-03-06,Mie Sedaap Goreng,9,3200
2024-03-06,Sambal ABC Sachet,15,2000
2024-03-07,Indomie Goreng,9,3500
2024-03-07,Minyak Goreng Bimoli 1L,5,18000
2024-03-07,Beras Premium 5kg,3,65000
2024-03-07,Gula Pasir 1kg,1,15000
2024-03-07,Kopi Kapal Api Sachet,13,1500
2024-03-07,Sabun Mandi Lifebuoy,2,4500
2024-03-07,Deterjen Rinso 800g,3,12000
2024-03-07,Air Mineral Aqua 600ml,20,3000
2024-03-07,Teh Pucuk Harum 350ml,5,4000
2024-03-07,Rokok Gudang Garam,6,28000
2024-03-07,Telur Ayam (butir),11,2500
2024-03-07,Susu Ultra Milk 250ml,7,5500
2024-03-07,Roti Tawar Sari Roti,7,15000
2024-03-07,Mie Sedaap Goreng,8,3200
2024-03-07,Sambal ABC Sachet,13,2000
2024-03-08,Indomie Goreng,12,3500
2024-03-08,Minyak Goreng Bimoli 1L,2,18000
2024-03-08,Beras Premium 5kg,4,65000
2024-03-08,Gula Pasir 1kg,3,15000
2024-03-08,Kopi Kapal Api Sachet,18,1500
2024-03-08,Sabun Mandi Lifebuoy,6,4500
2024-03-08,Deterjen Rinso 800g,5,12000
2024-03-08,Air Mineral Aqua 600ml,18,3000
2024-03-08,Teh Pucuk Harum 350ml,13,4000
2024-03-08,Rokok Gudang Garam,6,28000
2024-03-08,Telur Ayam (butir),13,2500
2024-03-08,Susu Ultra Milk 250ml,8,5500
2024-03-08,Roti Tawar Sari Roti,3,15000
2024-03-08,Mie Sedaap Goreng,6,3200
2024-03-08,Sambal ABC Sachet,7,2000
2024-03-09,Indomie Goreng,9,3500
2024-03-09,Minyak Goreng Bimoli 1L,9,18000
2024-03-09,Beras Premium 5kg,3,65000
2024-03-09,Gula Pasir 1kg,7,15000
2024-03-09,Kopi Kapal Api Sachet,17,1500
2024-03-09,Sabun Mandi Lifebuoy,12,4500
2024-03-09,Deterjen Rinso 800g,9,12000
2024-03-09,Air Mineral Aqua 600ml,13,3000
2024-03-09,Teh Pucuk Harum 350ml,16,4000
2024-03-09,Rokok Gudang Garam,13,28000
2024-03-09,Telur Ayam (butir),20,2500
2024-03-09,Susu Ultra Milk 250ml,13,5500
2024-03-09,Roti Tawar Sari Roti,3,15000
2024-03-09,Mie Sedaap Goreng,8,3200
2024-03-09,Sambal ABC Sachet,11,2000
2024-03-10,Indomie Goreng,18,3500
2024-03-10,Minyak Goreng Bimoli 1L,9,18000
2024-03-10,Beras Premium 5kg,4,65000
2024-03-10,Gula Pasir 1kg,5,15000
2024-03-10,Kopi Kapal Api Sachet,13,1500
2024-03-10,Sabun Mandi Lifebuoy,6,4500
2024-03-10,Deterjen Rinso 800g,9,12000
2024-03-10,Air Mineral Aqua 600ml,17,3000
2024-03-10,Teh Pucuk Harum 350ml,14,4000
2024-03-10,Rokok Gudang Garam,11,28000
2024-03-10,Telur Ayam (butir),16,2500
2024-03-10,Susu Ultra Milk 250ml,14,5500
2024-03-10,Roti Tawar Sari Roti,2,15000
2024-03-10,Mie Sedaap Goreng,12,3200
2024-03-10,Sambal ABC Sachet,11,2000
2024-03-11,Indomie Goreng,13,3500
2024-03-11,Minyak Goreng Bimoli 1L,6,18000
2024-03-11,Beras Premium 5kg,1,65000
2024-03-11,Gula Pasir 1kg,7,15000
2024-03-11,Kopi Kapal Api Sachet,19,1500
2024-03-11,Sabun Mandi Lifebuoy,3,4500
2024-03-11,Deterjen Rinso 800g,3,12000
2024-03-11,Air Mineral Aqua 600ml,27,3000
2024-03-11,Teh Pucuk Harum 350ml,5,4000
2024-03-11,Rokok Gudang Garam,6,28000
2024-03-11,Telur Ayam (butir),20,2500
2024-03-11,Susu Ultra Milk 250ml,11,5500
2024-03-11,Roti Tawar Sari Roti,5,15000
2024-03-11,Mie Sedaap Goreng,18,3200
2024-03-11,Sambal ABC Sachet,15,2000
2024-03-12,Indomie Goreng,16,3500
2024-03-12,Minyak Goreng Bimoli 1L,6,18000
2024-03-12,Beras Premium 5kg,3,65000
2024-03-12,Gula Pasir 1kg,10,15000
2024-03-12,Kopi Kapal Api Sachet,14,1500
2024-03-12,Sabun Mandi Lifebuoy,6,4500
2024-03-12,Deterjen Rinso 800g,3,12000
2024-03-12,Air Mineral Aqua 600ml,23,3000
2024-03-12,Teh Pucuk Harum 350ml,11,4000
2024-03-12,Rokok Gudang Garam,5,28000
2024-03-12,Telur Ayam (butir),19,2500
2024-03-12,Susu Ultra Milk 250ml,14,5500
2024-03-12,Roti Tawar Sari Roti,6,15000
2024-03-12,Mie Sedaap Goreng,10,3200
2024-03-12,Sambal ABC Sachet,17,2000
2024-03-13,Indomie Goreng,19,3500
2024-03-13,Minyak Goreng Bimoli 1L,8,18000
2024-03-13,Beras Premium 5kg,2,65000
2024-03-13,Gula Pasir 1kg,5,15000
2024-03-13,Kopi Kapal Api Sachet,14,1500
2024-03-13,Sabun Mandi Lifebuoy,5,4500
2024-03-13,Deterjen Rinso 800g,2,12000
2024-03-13,Air Mineral Aqua 600ml,25,3000
2024-03-13,Teh Pucuk Harum 350ml,21,4000
2024-03-13,Rokok Gudang Garam,11,28000
2024-03-13,Telur Ayam (butir),20,2500
2024-03-13,Susu Ultra Milk 250ml,11,5500
2024-03-13,Roti Tawar Sari Roti,4,15000
2024-03-13,Mie Sedaap Goreng,8,3200
2024-03-13,Sambal ABC Sachet,23,2000
2024-03-14,Indomie Goreng,11,3500
2024-03-14,Minyak Goreng Bimoli 1L,5,18000
2024-03-14,Beras Premium 5kg,2,65000
2024-03-14,Gula Pasir 1kg,2,15000
2024-03-14,Kopi Kapal Api Sachet,19,1500
2024-03-14,Sabun Mandi Lifebuoy,3,4500
2024-03-14,Deterjen Rinso 800g,5,12000
2024-03-14,Air Mineral Aqua 600ml,23,3000
2024-03-14,Teh Pucuk Harum 350ml,15,4000
2024-03-14,Rokok Gudang Garam,8,28000
2024-03-14,Telur Ayam (butir),20,2500
2024-03-14,Susu Ultra Milk 250ml,9,5500
2024-03-14,Roti Tawar Sari Roti,2,15000
2024-03-14,Mie Sedaap Goreng,6,3200
2024-03-14,Sambal ABC Sachet,25,2000
2024-03-15,Indomie Goreng,14,3500
2024-03-15,Minyak Goreng Bimoli 1L,10,18000
2024-03-15,Beras Premium 5kg,6,65000
2024-03-15,Gula Pasir 1kg,6,15000
2024-03-15,Kopi Kapal Api Sachet,24,1500
2024-03-15,Sabun Mandi Lifebuoy,5,4500
2024-03-15,Air Mineral Aqua 600ml,28,3000
2024-03-15,Teh Pucuk Harum 350ml,16,4000
2024-03-15,Rokok Gudang Garam,8,28000
2024-03-15,Telur Ayam (butir),25,2500
2024-03-15,Susu Ultra Milk 250ml,12,5500
2024-03-15,Roti Tawar Sari Roti,2,15000
2024-03-15,Mie Sedaap Goreng,10,3200
2024-03-15,Sambal ABC Sachet,13,2000
2024-03-16,Indomie Goreng,17,3500
2024-03-16,Minyak Goreng Bimoli 1L,8,18000
2024-03-16,Beras Premium 5kg,4,65000
2024-03-16,Gula Pasir 1kg,5,15000
2024-03-16,Kopi Kapal Api Sachet,19,1500
2024-03-16,Sabun Mandi Lifebuoy,5,4500
2024-03-16,Deterjen Rinso 800g,4,12000
2024-03-16,Air Mineral Aqua 600ml,37,3000
2024-03-16,Teh Pucuk Harum 350ml,10,4000
2024-03-16,Rokok Gudang Garam,8,28000
2024-03-16,Telur Ayam (butir),29,2500
2024-03-16,Susu Ultra Milk 250ml,14,5500
2024-03-16,Roti Tawar Sari Roti,2,15000
2024-03-16,Mie Sedaap Goreng,13,3200
2024-03-16,Sambal ABC Sachet,20,2000
2024-03-17,Indomie Goreng,15,3500
2024-03-17,Minyak Goreng Bimoli 1L,11,18000
2024-03-17,Beras Premium 5kg,6,65000
2024-03-17,Gula Pasir 1kg,5,15000
2024-03-17,Kopi Kapal Api Sachet,23,1500
2024-03-17,Sabun Mandi Lifebuoy,6,4500
2024-03-17,Deterjen Rinso 800g,7,12000
2024-03-17,Air Mineral Aqua 600ml,30,3000
2024-03-17,Teh Pucuk Harum 350ml,11,4000
2024-03-17,Rokok Gudang Garam,8,28000
2024-03-17,Telur Ayam (butir),17,2500
2024-03-17,Susu Ultra Milk 250ml,15,5500
2024-03-17,Roti Tawar Sari Roti,4,15000
2024-03-17,Mie Sedaap Goreng,8,3200
2024-03-17,Sambal ABC Sachet,23,2000
2024-03-18,Indomie Goreng,16,3500
2024-03-18,Minyak Goreng Bimoli 1L,2,18000
2024-03-18,Beras Premium 5kg,2,65000
2024-03-18,Gula Pasir 1kg,8,15000
2024-03-18,Kopi Kapal Api Sachet,21,1500
2024-03-18,Sabun Mandi Lifebuoy,5,4500
2024-03-18,Deterjen Rinso 800g,4,12000
2024-03-18,Air Mineral Aqua 600ml,25,3000
2024-03-18,Teh Pucuk Harum 350ml,22,4000
2024-03-18,Rokok Gudang Garam,10,28000
2024-03-18,Telur Ayam (butir),17,2500
2024-03-18,Susu Ultra Milk 250ml,10,5500
2024-03-18,Roti Tawar Sari Roti,5,15000
2024-03-18,Mie Sedaap Goreng,15,3200
2024-03-18,Sambal ABC Sachet,14,2000
2024-03-19,Indomie Goreng,15,3500
2024-03-19,Minyak Goreng Bimoli 1L,5,18000
2024-03-19,Beras Premium 5kg,2,65000
2024-03-19,Gula Pasir 1kg,4,15000
2024-03-19,Kopi Kapal Api Sachet,21,1500
2024-03-19,Sabun Mandi Lifebuoy,5,4500
2024-03-19,Deterjen Rinso 800g,2,12000
2024-03-19,Air Mineral Aqua 600ml,19,3000
2024-03-19,Teh Pucuk Harum 350ml,16,4000
2024-03-19,Rokok Gudang Garam,10,28000
2024-03-19,Telur Ayam (butir),21,2500
2024-03-19,Susu Ultra Milk 250ml,7,5500
2024-03-19,Roti Tawar Sari Roti,5,15000
2024-03-19,Mie Sedaap Goreng,7,3200
2024-03-19,Sambal ABC Sachet,12,2000
2024-03-20,Indomie Goreng,17,3500
2024-03-20,Minyak Goreng Bimoli 1L,7,18000
2024-03-20,Beras Premium 5kg,5,65000
2024-03-20,Gula Pasir 1kg,8,15000
2024-03-20,Kopi Kapal Api Sachet,17,1500
2024-03-20,Sabun Mandi Lifebuoy,4,4500
2024-03-20,Deterjen Rinso 800g,2,12000
2024-03-20,Air Mineral Aqua 600ml,18,3000
2024-03-20,Teh Pucuk Harum 350ml,13,4000
2024-03-20,Rokok Gudang Garam,11,28000
2024-03-20,Telur Ayam (butir),22,2500
2024-03-20,Susu Ultra Milk 250ml,16,5500
2024-03-20,Roti Tawar Sari Roti,4,15000
2024-03-20,Mie Sedaap Goreng,17,3200
2024-03-20,Sambal ABC Sachet,18,2000
2024-03-21,Indomie Goreng,18,3500
2024-03-21,Minyak Goreng Bimoli 1L,7,18000
2024-03-21,Beras Premium 5kg,1,65000
2024-03-21,Gula Pasir 1kg,10,15000
2024-03-21,Kopi Kapal Api Sachet,31,1500
2024-03-21,Sabun Mandi Lifebuoy,4,4500
2024-03-21,Deterjen Rinso 800g,2,12000
2024-03-21,Air Mineral Aqua 600ml,28,3000
2024-03-21,Teh Pucuk Harum 350ml,19,4000
2024-03-21,Rokok Gudang Garam,5,28000
2024-03-21,Telur Ayam (butir),25,2500
2024-03-21,Susu Ultra Milk 250ml,11,5500
2024-03-21,Roti Tawar Sari Roti,7,15000
2024-03-21,Mie Sedaap Goreng,6,3200
2024-03-21,Sambal ABC Sachet,20,2000
2024-03-22,Indomie Goreng,11,3500
2024-03-22,Minyak Goreng Bimoli 1L,8,18000
2024-03-22,Gula Pasir 1kg,3,15000
2024-03-22,Kopi Kapal Api Sachet,22,1500
2024-03-22,Sabun Mandi Lifebuoy,5,4500
2024-03-22,Deterjen Rinso 800g,6,12000
2024-03-22,Air Mineral Aqua 600ml,26,3000
2024-03-22,Teh Pucuk Harum 350ml,16,4000
2024-03-22,Rokok Gudang Garam,12,28000
2024-03-22,Telur Ayam (butir),27,2500
2024-03-22,Susu Ultra Milk 250ml,10,5500
2024-03-22,Roti Tawar Sari Roti,5,15000
2024-03-22,Mie Sedaap Goreng,13,3200
2024-03-22,Sambal ABC Sachet,16,2000
2024-03-23,Indomie Goreng,30,3500
2024-03-23,Minyak Goreng Bimoli 1L,9,18000
2024-03-23,Beras Premium 5kg,6,65000
2024-03-23,Gula Pasir 1kg,5,15000
2024-03-23,Kopi Kapal Api Sachet,21,1500
2024-03-23,Sabun Mandi Lifebuoy,6,4500
2024-03-23,Deterjen Rinso 800g,7,12000
2024-03-23,Air Mineral Aqua 600ml,36,3000
2024-03-23,Teh Pucuk Harum 350ml,14,4000
2024-03-23,Rokok Gudang Garam,14,28000
2024-03-23,Telur Ayam (butir),34,2500
2024-03-23,Susu Ultra Milk 250ml,7,5500
2024-03-23,Roti Tawar Sari Roti,4,15000
2024-03-23,Mie Sedaap Goreng,9,3200
2024-03-23,Sambal ABC Sachet,20,2000
2024-03-24,Indomie Goreng,17,3500
2024-03-24,Minyak Goreng Bimoli 1L,7,18000
2024-03-24,Beras Premium 5kg,5,65000
2024-03-24,Gula Pasir 1kg,10,15000
2024-03-24,Kopi Kapal Api Sachet,15,1500
2024-03-24,Sabun Mandi Lifebuoy,6,4500
2024-03-24,Deterjen Rinso 800g,4,12000
2024-03-24,Air Mineral Aqua 600ml,26,3000
2024-03-24,Teh Pucuk Harum 350ml,14,4000
2024-03-24,Rokok Gudang Garam,14,28000
2024-03-24,Telur Ayam (butir),30,2500
2024-03-24,Susu Ultra Milk 250ml,7,5500
2024-03-24,Roti Tawar Sari Roti,5,15000
2024-03-24,Mie Sedaap Goreng,21,3200
2024-03-24,Sambal ABC Sachet,27,2000
2024-03-25,Indomie Goreng,14,3500
2024-03-25,Minyak Goreng Bimoli 1L,9,18000
2024-03-25,Beras Premium 5kg,3,65000
2024-03-25,Gula Pasir 1kg,5,15000
2024-03-25,Kopi Kapal Api Sachet,20,1500
2024-03-25,Sabun Mandi Lifebuoy,5,4500
2024-03-25,Deterjen Rinso 800g,4,12000
2024-03-25,Air Mineral Aqua 600ml,25,3000
2024-03-25,Teh Pucuk Harum 350ml,13,4000
2024-03-25,Rokok Gudang Garam,8,28000
2024-03-25,Telur Ayam (butir),26,2500
2024-03-25,Susu Ultra Milk 250ml,10,5500
2024-03-25,Roti Tawar Sari Roti,4,15000
2024-03-25,Mie Sedaap Goreng,7,3200
2024-03-25,Sambal ABC Sachet,19,2000
2024-03-26,Indomie Goreng,12,3500
2024-03-26,Minyak Goreng Bimoli 1L,5,18000
2024-03-26,Beras Premium 5kg,4,65000
2024-03-26,Gula Pasir 1kg,5,15000
2024-03-26,Kopi Kapal Api Sachet,20,1500
2024-03-26,Sabun Mandi Lifebuoy,5,4500
2024-03-26,Deterjen Rinso 800g,1,12000
2024-03-26,Air Mineral Aqua 600ml,30,3000
2024-03-26,Teh Pucuk Harum 350ml,10,4000
2024-03-26,Rokok Gudang Garam,8,28000
2024-03-26,Telur Ayam (butir),14,2500
2024-03-26,Susu Ultra Milk 250ml,8,5500
2024-03-26,Roti Tawar Sari Roti,4,15000
2024-03-26,Mie Sedaap Goreng,9,3200
2024-03-26,Sambal ABC Sachet,10,2000
2024-03-27,Indomie Goreng,17,3500
2024-03-27,Minyak Goreng Bimoli 1L,6,18000
2024-03-27,Beras Premium 5kg,4,65000
2024-03-27,Gula Pasir 1kg,4,15000
2024-03-27,Kopi Kapal Api Sachet,19,1500
2024-03-27,Sabun Mandi Lifebuoy,6,4500
2024-03-27,Deterjen Rinso 800g,3,12000
2024-03-27,Air Mineral Aqua 600ml,24,3000
2024-03-27,Teh Pucuk Harum 350ml,16,4000
2024-03-27,Rokok Gudang Garam,14,28000
2024-03-27,Telur Ayam (butir),20,2500
2024-03-27,Susu Ultra Milk 250ml,9,5500
2024-03-27,Roti Tawar Sari Roti,6,15000
2024-03-27,Mie Sedaap Goreng,16,3200
2024-03-27,Sambal ABC Sachet,9,2000
2024-03-28,Indomie Goreng,17,3500
2024-03-28,Minyak Goreng Bimoli 1L,6,18000
2024-03-28,Beras Premium 5kg,6,65000
2024-03-28,Gula Pasir 1kg,8,15000
2024-03-28,Kopi Kapal Api Sachet,17,1500
2024-03-28,Sabun Mandi Lifebuoy,8,4500
2024-03-28,Deterjen Rinso 800g,4,12000
2024-03-28,Air Mineral Aqua 600ml,29,3000
2024-03-28,Teh Pucuk Harum 350ml,18,4000
2024-03-28,Rokok Gudang Garam,6,28000
2024-03-28,Telur Ayam (butir),18,2500
2024-03-28,Susu Ultra Milk 250ml,7,5500
2024-03-28,Roti Tawar Sari Roti,3,15000
2024-03-28,Mie Sedaap Goreng,13,3200
2024-03-28,Sambal ABC Sachet,19,2000
2024-03-29,Indomie Goreng,8,3500
2024-03-29,Minyak Goreng Bimoli 1L,5,18000
2024-03-29,Beras Premium 5kg,7,65000
2024-03-29,Gula Pasir 1kg,6,15000
2024-03-29,Kopi Kapal Api Sachet,19,1500
2024-03-29,Sabun Mandi Lifebuoy,5,4500
2024-03-29,Deterjen Rinso 800g,6,12000
2024-03-29,Air Mineral Aqua 600ml,22,3000
2024-03-29,Teh Pucuk Harum 350ml,16,4000
2024-03-29,Rokok Gudang Garam,10,28000
2024-03-29,Telur Ayam (butir),19,2500
2024-03-29,Susu Ultra Milk 250ml,10,5500
2024-03-29,Roti Tawar Sari Roti,4,15000
2024-03-29,Mie Sedaap Goreng,15,3200
2024-03-29,Sambal ABC Sachet,7,2000
2024-03-30,Indomie Goreng,17,3500
2024-03-30,Minyak Goreng Bimoli 1L,12,18000
2024-03-30,Beras Premium 5kg,2,65000
2024-03-30,Gula Pasir 1kg,6,15000
2024-03-30,Kopi Kapal Api Sachet,24,1500
2024-03-30,Sabun Mandi Lifebuoy,7,4500
2024-03-30,Deterjen Rinso 800g,5,12000
2024-03-30,Air Mineral Aqua 600ml,19,3000
2024-03-30,Teh Pucuk Harum 350ml,21,4000
2024-03-30,Rokok Gudang Garam,16,28000
2024-03-30,Telur Ayam (butir),17,2500
2024-03-30,Susu Ultra Milk 250ml,7,5500
2024-03-30,Roti Tawar Sari Roti,2,15000
2024-03-30,Mie Sedaap Goreng,10,3200
2024-03-30,Sambal ABC Sachet,27,2000
2024-03-31,Indomie Goreng,17,3500
2024-03-31,Minyak Goreng Bimoli 1L,7,18000
2024-03-31,Beras Premium 5kg,3,65000
2024-03-31,Gula Pasir 1kg,2,15000
2024-03-31,Kopi Kapal Api Sachet,28,1500
2024-03-31,Sabun Mandi Lifebuoy,10,4500
2024-03-31,Deterjen Rinso 800g,3,12000
2024-03-31,Air Mineral Aqua 600ml,36,3000
2024-03-31,Teh Pucuk Harum 350ml,16,4000
2024-03-31,Rokok Gudang Garam,16,28000
2024-03-31,Telur Ayam (butir),15,2500
2024-03-31,Susu Ultra Milk 250ml,11,5500
2024-03-31,Roti Tawar Sari Roti,5,15000
2024-03-31,Mie Sedaap Goreng,15,3200
2024-03-31,Sambal ABC Sachet,13,2000
2024-04-01,Indomie Goreng,13,3500
2024-04-01,Minyak Goreng Bimoli 1L,4,18000
2024-04-01,Beras Premium 5kg,3,65000
2024-04-01,Gula Pasir 1kg,4,15000
2024-04-01,Kopi Kapal Api Sachet,22,1500
2024-04-01,Sabun Mandi Lifebuoy,3,4500
2024-04-01,Deterjen Rinso 800g,2,12000
2024-04-01,Air Mineral Aqua 600ml,22,3000
2024-04-01,Teh Pucuk Harum 350ml,16,4000
2024-04-01,Rokok Gudang Garam,7,28000
2024-04-01,Telur Ayam (butir),24,2500
2024-04-01,Susu Ultra Milk 250ml,11,5500
2024-04-01,Roti Tawar Sari Roti,3,15000
2024-04-01,Mie Sedaap Goreng,10,3200
2024-04-01,Sambal ABC Sachet,18,2000
2024-04-02,Indomie Goreng,5,3500
2024-04-02,Minyak Goreng Bimoli 1L,6,18000
2024-04-02,Beras Premium 5kg,6,65000
2024-04-02,Gula Pasir 1kg,7,15000
2024-04-02,Kopi Kapal Api Sachet,21,1500
2024-04-02,Sabun Mandi Lifebuoy,11,4500
2024-04-02,Deterjen Rinso 800g,3,12000
2024-04-02,Air Mineral Aqua 600ml,25,3000
2024-04-02,Teh Pucuk Harum 350ml,13,4000
2024-04-02,Rokok Gudang Garam,10,28000
2024-04-02,Telur Ayam (butir),17,2500
2024-04-02,Susu Ultra Milk 250ml,8,5500
2024-04-02,Roti Tawar Sari Roti,4,15000
2024-04-02,Mie Sedaap Goreng,10,3200
2024-04-02,Sambal ABC Sachet,15,2000
2024-04-03,Indomie Goreng,19,3500
2024-04-03,Minyak Goreng Bimoli 1L,11,18000
2024-04-03,Beras Premium 5kg,6,65000
2024-04-03,Gula Pasir 1kg,6,15000
2024-04-03,Kopi Kapal Api Sachet,16,1500
2024-04-03,Sabun Mandi Lifebuoy,5,4500
2024-04-03,Deterjen Rinso 800g,2,12000
2024-04-03,Air Mineral Aqua 600ml,31,3000
2024-04-03,Teh Pucuk Harum 350ml,13,4000
2024-04-03,Rokok Gudang Garam,5,28000
2024-04-03,Telur Ayam (butir),13,2500
2024-04-03,Susu Ultra Milk 250ml,10,5500
2024-04-03,Mie Sedaap Goreng,11,3200
2024-04-03,Sambal ABC Sachet,12,2000
2024-04-04,Indomie Goreng,10,3500
2024-04-04,Minyak Goreng Bimoli 1L,8,18000
2024-04-04,Beras Premium 5kg,3,65000
2024-04-04,Gula Pasir 1kg,6,15000
2024-04-04,Kopi Kapal Api Sachet,17,1500
2024-04-04,Sabun Mandi Lifebuoy,10,4500
2024-04-04,Deterjen Rinso 800g,2,12000
2024-04-04,Air Mineral Aqua 600ml,26,3000
2024-04-04,Teh Pucuk Harum 350ml,9,4000
2024-04-04,Rokok Gudang Garam,9,28000
2024-04-04,Telur Ayam (butir),24,2500
2024-04-04,Susu Ultra Milk 250ml,12,5500
2024-04-04,Roti Tawar Sari Roti,6,15000
2024-04-04,Mie Sedaap Goreng,8,3200
2024-04-04,Sambal ABC Sachet,16,2000
2024-04-05,Indomie Goreng,10,3500
2024-04-05,Minyak Goreng Bimoli 1L,6,18000
2024-04-05,Beras Premium 5kg,4,65000
2024-04-05,Gula Pasir 1kg,5,15000
2024-04-05,Kopi Kapal Api Sachet,12,1500
2024-04-05,Sabun Mandi Lifebuoy,6,4500
2024-04-05,Deterjen Rinso 800g,4,12000
2024-04-05,Air Mineral Aqua 600ml,21,3000
2024-04-05,Teh Pucuk Harum 350ml,12,4000
2024-04-05,Rokok Gudang Garam,8,28000
2024-04-05,Telur Ayam (butir),19,2500
2024-04-05,Susu Ultra Milk 250ml,8,5500
2024-04-05,Roti Tawar Sari Roti,1,15000
2024-04-05,Mie Sedaap Goreng,13,3200
2024-04-05,Sambal ABC Sachet,7,2000
2024-04-06,Indomie Goreng,18,3500
2024-04-06,Minyak Goreng Bimoli 1L,8,18000
2024-04-06,Beras Premium 5kg,3,65000
2024-04-06,Gula Pasir 1kg,7,15000
2024-04-06,Kopi Kapal Api Sachet,22,1500
2024-04-06,Sabun Mandi Lifebuoy,9,4500
2024-04-06,Deterjen Rinso 800g,3,12000
2024-04-06,Air Mineral Aqua 600ml,39,3000
2024-04-06,Teh Pucuk Harum 350ml,21,4000
2024-04-06,Rokok Gudang Garam,10,28000
2024-04-06,Telur Ayam (butir),28,2500
2024-04-06,Susu Ultra Milk 250ml,12,5500
2024-04-06,Roti Tawar Sari Roti,7,15000
2024-04-06,Mie Sedaap Goreng,18,3200
2024-04-06,Sambal ABC Sachet,20,2000
2024-04-07,Indomie Goreng,14,3500
2024-04-07,Minyak Goreng Bimoli 1L,7,18000
2024-04-07,Beras Premium 5kg,6,65000
2024-04-07,Gula Pasir 1kg,4,15000
2024-04-07,Kopi Kapal Api Sachet,19,1500
2024-04-07,Sabun Mandi Lifebuoy,7,4500
2024-04-07,Deterjen Rinso 800g,5,12000
2024-04-07,Air Mineral Aqua 600ml,27,3000
2024-04-07,Teh Pucuk Harum 350ml,15,4000
2024-04-07,Rokok Gudang Garam,8,28000
2024-04-07,Telur Ayam (butir),23,2500
2024-04-07,Susu Ultra Milk 250ml,9,5500
2024-04-07,Roti Tawar Sari Roti,8,15000
2024-04-07,Mie Sedaap Goreng,9,3200
2024-04-07,Sambal ABC Sachet,15,2000
2024-04-08,Indomie Goreng,16,3500
2024-04-08,Minyak Goreng Bimoli 1L,8,18000
2024-04-08,Beras Premium 5kg,3,65000
2024-04-08,Gula Pasir 1kg,7,15000
2024-04-08,Kopi Kapal Api Sachet,24,1500
2024-04-08,Sabun Mandi Lifebuoy,8,4500
2024-04-08,Deterjen Rinso 800g,2,12000
2024-04-08,Air Mineral Aqua 600ml,24,3000
2024-04-08,Teh Pucuk Harum 350ml,16,4000
2024-04-08,Rokok Gudang Garam,11,28000
2024-04-08,Telur Ayam (butir),22,2500
2024-04-08,Susu Ultra Milk 250ml,7,5500
2024-04-08,Roti Tawar Sari Roti,2,15000
2024-04-08,Mie Sedaap Goreng,17,3200
2024-04-08,Sambal ABC Sachet,16,2000
2024-04-09,Indomie Goreng,8,3500
2024-04-09,Minyak Goreng Bimoli 1L,10,18000
2024-04-09,Beras Premium 5kg,6,65000
2024-04-09,Gula Pasir 1kg,5,15000
2024-04-09,Kopi Kapal Api Sachet,19,1500
2024-04-09,Sabun Mandi Lifebuoy,6,4500
2024-04-09,Deterjen Rinso 800g,3,12000
2024-04-09,Air Mineral Aqua 600ml,36,3000
2024-04-09,Teh Pucuk Harum 350ml,18,4000
2024-04-09,Rokok Gudang Garam,11,28000
2024-04-09,Telur Ayam (butir),23,2500
2024-04-09,Susu Ultra Milk 250ml,11,5500
2024-04-09,Roti Tawar Sari Roti,4,15000
2024-04-09,Mie Sedaap Goreng,12,3200
2024-04-09,Sambal ABC Sachet,14,2000
2024-04-10,Indomie Goreng,14,3500
2024-04-10,Minyak Goreng Bimoli 1L,8,18000
2024-04-10,Beras Premium 5kg,3,65000
2024-04-10,Gula Pasir 1kg,5,15000
2024-04-10,Kopi Kapal Api Sachet,22,1500
2024-04-10,Sabun Mandi Lifebuoy,5,4500
2024-04-10,Deterjen Rinso 800g,2,12000
2024-04-10,Air Mineral Aqua 600ml,21,3000
2024-04-10,Teh Pucuk Harum 350ml,9,4000
2024-04-10,Rokok Gudang Garam,7,28000
2024-04-10,Telur Ayam (butir),14,2500
2024-04-10,Susu Ultra Milk 250ml,11,5500
2024-04-10,Roti Tawar Sari Roti,2,15000
2024-04-10,Mie Sedaap Goreng,9,3200
2024-04-10,Sambal ABC Sachet,14,2000
2024-04-11,Indomie Goreng,9,3500
2024-04-11,Minyak Goreng Bimoli 1L,1,18000
2024-04-11,Beras Premium 5kg,2,65000
2024-04-11,Gula Pasir 1kg,6,15000
2024-04-11,Kopi Kapal Api Sachet,14,1500
2024-04-11,Sabun Mandi Lifebuoy,5,4500
2024-04-11,Deterjen Rinso 800g,2,12000
2024-04-11,Air Mineral Aqua 600ml,20,3000
2024-04-11,Teh Pucuk Harum 350ml,15,4000
2024-04-11,Rokok Gudang Garam,5,28000
2024-04-11,Telur Ayam (butir),15,2500
2024-04-11,Susu Ultra Milk 250ml,5,5500
2024-04-11,Roti Tawar Sari Roti,4,15000
2024-04-11,Mie Sedaap Goreng,7,3200
2024-04-11,Sambal ABC Sachet,9,2000
2024-04-12,Indomie Goreng,11,3500
2024-04-12,Minyak Goreng Bimoli 1L,2,18000
2024-04-12,Beras Premium 5kg,3,65000
2024-04-12,Gula Pasir 1kg,5,15000
2024-04-12,Kopi Kapal Api Sachet,12,1500
2024-04-12,Sabun Mandi Lifebuoy,8,4500
2024-04-12,Deterjen Rinso 800g,3,12000
2024-04-12,Air Mineral Aqua 600ml,20,3000
2024-04-12,Teh Pucuk Harum 350ml,8,4000
2024-04-12,Rokok Gudang Garam,14,28000
2024-04-12,Telur Ayam (butir),17,2500
2024-04-12,Susu Ultra Milk 250ml,6,5500
2024-04-12,Roti Tawar Sari Roti,4,15000
2024-04-12,Mie Sedaap Goreng,6,3200
2024-04-12,Sambal ABC Sachet,15,2000
2024-04-13,Indomie Goreng,11,3500
2024-04-13,Minyak Goreng Bimoli 1L,4,18000
2024-04-13,Beras Premium 5kg,4,65000
2024-04-13,Gula Pasir 1kg,6,15000
2024-04-13,Kopi Kapal Api Sachet,23,1500
2024-04-13,Sabun Mandi Lifebuoy,5,4500
2024-04-13,Deterjen Rinso 800g,5,12000
2024-04-13,Air Mineral Aqua 600ml,21,3000
2024-04-13,Teh Pucuk Harum 350ml,16,4000
2024-04-13,Rokok Gudang Garam,10,28000
2024-04-13,Telur Ayam (butir),14,2500
2024-04-13,Susu Ultra Milk 250ml,6,5500
2024-04-13,Roti Tawar Sari Roti,4,15000
2024-04-13,Mie Sedaap Goreng,8,3200
2024-04-13,Sambal ABC Sachet,8,2000
2024-04-14,Indomie Goreng,13,3500
2024-04-14,Minyak Goreng Bimoli 1L,8,18000
2024-04-14,Beras Premium 5kg,5,65000
2024-04-14,Gula Pasir 1kg,5,15000
2024-04-14,Kopi Kapal Api Sachet,17,1500
2024-04-14,Sabun Mandi Lifebuoy,4,4500
2024-04-14,Deterjen Rinso 800g,3,12000
2024-04-14,Air Mineral Aqua 600ml,27,3000
2024-04-14,Teh Pucuk Harum 350ml,23,4000
2024-04-14,Rokok Gudang Garam,13,28000
2024-04-14,Telur Ayam (butir),17,2500
2024-04-14,Susu Ultra Milk 250ml,9,5500
2024-04-14,Roti Tawar Sari Roti,4,15000
2024-04-14,Mie Sedaap Goreng,12,3200
2024-04-14,Sambal ABC Sachet,11,2000
2024-04-15,Indomie Goreng,15,3500
2024-04-15,Minyak Goreng Bimoli 1L,7,18000
2024-04-15,Beras Premium 5kg,2,65000
2024-04-15,Gula Pasir 1kg,4,15000
2024-04-15,Kopi Kapal Api Sachet,19,1500
2024-04-15,Sabun Mandi Lifebuoy,3,4500
2024-04-15,Deterjen Rinso 800g,3,12000
2024-04-15,Air Mineral Aqua 600ml,24,3000
2024-04-15,Teh Pucuk Harum 350ml,15,4000
2024-04-15,Rokok Gudang Garam,12,28000
2024-04-15,Telur Ayam (butir),18,2500
2024-04-15,Susu Ultra Milk 250ml,5,5500
2024-04-15,Roti Tawar Sari Roti,3,15000
2024-04-15,Mie Sedaap Goreng,7,3200
2024-04-15,Sambal ABC Sachet,7,2000
2024-04-16,Indomie Goreng,13,3500
2024-04-16,Minyak Goreng Bimoli 1L,3,18000
2024-04-16,Beras Premium 5kg,5,65000
2024-04-16,Gula Pasir 1kg,2,15000
2024-04-16,Kopi Kapal Api Sachet,17,1500
2024-04-16,Sabun Mandi Lifebuoy,7,4500
2024-04-16,Deterjen Rinso 800g,3,12000
2024-04-16,Air Mineral Aqua 600ml,16,3000
2024-04-16,Teh Pucuk Harum 350ml,10,4000
2024-04-16,Rokok Gudang Garam,14,28000
2024-04-16,Telur Ayam (butir),6,2500
2024-04-16,Susu Ultra Milk 250ml,3,5500
2024-04-16,Roti Tawar Sari Roti,3,15000
2024-04-16,Mie Sedaap Goreng,7,3200
2024-04-16,Sambal ABC Sachet,14,2000
2024-04-17,Indomie Goreng,13,3500
2024-04-17,Minyak Goreng Bimoli 1L,4,18000
2024-04-17,Beras Premium 5kg,3,65000
2024-04-17,Gula Pasir 1kg,10,15000
2024-04-17,Kopi Kapal Api Sachet,15,1500
2024-04-17,Sabun Mandi Lifebuoy,5,4500
2024-04-17,Deterjen Rinso 800g,3,12000
2024-04-17,Air Mineral Aqua 600ml,22,3000
2024-04-17,Teh Pucuk Harum 350ml,13,4000
2024-04-17,Rokok Gudang Garam,6,28000
2024-04-17,Telur Ayam (butir),16,2500
2024-04-17,Susu Ultra Milk 250ml,6,5500
2024-04-17,Roti Tawar Sari Roti,7,15000
2024-04-17,Mie Sedaap Goreng,9,3200
2024-04-17,Sambal ABC Sachet,15,2000
2024-04-18,Indomie Goreng,8,3500
2024-04-18,Minyak Goreng Bimoli 1L,3,18000
2024-04-18,Beras Premium 5kg,3,65000
2024-04-18,Gula Pasir 1kg,5,15000
2024-04-18,Kopi Kapal Api Sachet,14,1500
2024-04-18,Sabun Mandi Lifebuoy,6,4500
2024-04-18,Deterjen Rinso 800g,5,12000
2024-04-18,Air Mineral Aqua 600ml,13,3000
2024-04-18,Teh Pucuk Harum 350ml,11,4000
2024-04-18,Rokok Gudang Garam,5,28000
2024-04-18,Telur Ayam (butir),21,2500
2024-04-18,Susu Ultra Milk 250ml,3,5500
2024-04-18,Roti Tawar Sari Roti,4,15000
2024-04-18,Mie Sedaap Goreng,6,3200
2024-04-18,Sambal ABC Sachet,18,2000
2024-04-19,Indomie Goreng,8,3500
2024-04-19,Minyak Goreng Bimoli 1L,1,18000
2024-04-19,Beras Premium 5kg,2,65000
2024-04-19,Gula Pasir 1kg,4,15000
2024-04-19,Kopi Kapal Api Sachet,11,1500
2024-04-19,Sabun Mandi Lifebuoy,4,4500
2024-04-19,Deterjen Rinso 800g,5,12000
2024-04-19,Air Mineral Aqua 600ml,23,3000
2024-04-19,Teh Pucuk Harum 350ml,10,4000
2024-04-19,Rokok Gudang Garam,6,28000
2024-04-19,Telur Ayam (butir),16,2500
2024-04-19,Susu Ultra Milk 250ml,9,5500
2024-04-19,Roti Tawar Sari Roti,1,15000
2024-04-19,Mie Sedaap Goreng,9,3200
2024-04-19,Sambal ABC Sachet,4,2000
2024-04-20,Indomie Goreng,10,3500
2024-04-20,Minyak Goreng Bimoli 1L,3,18000
2024-04-20,Beras Premium 5kg,7,65000
2024-04-20,Gula Pasir 1kg,4,15000
2024-04-20,Kopi Kapal Api Sachet,23,1500
2024-04-20,Sabun Mandi Lifebuoy,6,4500
2024-04-20,Deterjen Rinso 800g,7,12000
2024-04-20,Air Mineral Aqua 600ml,20,3000
2024-04-20,Teh Pucuk Harum 350ml,9,4000
2024-04-20,Rokok Gudang Garam,9,28000
2024-04-20,Telur Ayam (butir),24,2500
2024-04-20,Susu Ultra Milk 250ml,2,5500
2024-04-20,Roti Tawar Sari Roti,3,15000
2024-04-20,Mie Sedaap Goreng,10,3200
2024-04-20,Sambal ABC Sachet,16,2000
2024-04-21,Indomie Goreng,11,3500
2024-04-21,Minyak Goreng Bimoli 1L,8,18000
2024-04-21,Beras Premium 5kg,4,65000
2024-04-21,Gula Pasir 1kg,5,15000
2024-04-21,Kopi Kapal Api Sachet,10,1500
2024-04-21,Sabun Mandi Lifebuoy,6,4500
2024-04-21,Deterjen Rinso 800g,4,12000
2024-04-21,Air Mineral Aqua 600ml,26,3000
2024-04-21,Teh Pucuk Harum 350ml,20,4000
2024-04-21,Rokok Gudang Garam,12,28000
2024-04-21,Telur Ayam (butir),14,2500
2024-04-21,Susu Ultra Milk 250ml,11,5500
2024-04-21,Roti Tawar Sari Roti,4,15000
2024-04-21,Mie Sedaap Goreng,13,3200
2024-04-21,Sambal ABC Sachet,14,2000
2024-04-22,Indomie Goreng,14,3500
2024-04-22,Minyak Goreng Bimoli 1L,4,18000
2024-04-22,Beras Premium 5kg,4,65000
2024-04-22,Gula Pasir 1kg,7,15000
2024-04-22,Kopi Kapal Api Sachet,19,1500
2024-04-22,Sabun Mandi Lifebuoy,5,4500
2024-04-22,Deterjen Rinso 800g,2,12000
2024-04-22,Air Mineral Aqua 600ml,25,3000
2024-04-22,Teh Pucuk Harum 350ml,9,4000
2024-04-22,Rokok Gudang Garam,6,28000
2024-04-22,Telur Ayam (butir),10,2500
2024-04-22,Susu Ultra Milk 250ml,11,5500
2024-04-22,Roti Tawar Sari Roti,1,15000
2024-04-22,Mie Sedaap Goreng,12,3200
2024-04-22,Sambal ABC Sachet,11,2000
2024-04-23,Indomie Goreng,7,3500
2024-04-23,Minyak Goreng Bimoli 1L,5,18000
2024-04-23,Beras Premium 5kg,7,65000
2024-04-23,Gula Pasir 1kg,6,15000
2024-04-23,Kopi Kapal Api Sachet,19,1500
2024-04-23,Sabun Mandi Lifebuoy,8,4500
2024-04-23,Deterjen Rinso 800g,3,12000
2024-04-23,Air Mineral Aqua 600ml,20,3000
2024-04-23,Teh Pucuk Harum 350ml,13,4000
2024-04-23,Rokok Gudang Garam,2,28000
2024-04-23,Telur Ayam (butir),20,2500
2024-04-23,Susu Ultra Milk 250ml,9,5500
2024-04-23,Roti Tawar Sari Roti,3,15000
2024-04-23,Mie Sedaap Goreng,8,3200
2024-04-23,Sambal ABC Sachet,18,2000
2024-04-24,Indomie Goreng,8,3500
2024-04-24,Minyak Goreng Bimoli 1L,5,18000
2024-04-24,Beras Premium 5kg,3,65000
2024-04-24,Gula Pasir 1kg,6,15000
2024-04-24,Kopi Kapal Api Sachet,17,1500
2024-04-24,Sabun Mandi Lifebuoy,3,4500
2024-04-24,Air Mineral Aqua 600ml,15,3000
2024-04-24,Teh Pucuk Harum 350ml,7,4000
2024-04-24,Rokok Gudang Garam,10,28000
2024-04-24,Telur Ayam (butir),16,2500
2024-04-24,Susu Ultra Milk 250ml,7,5500
2024-04-24,Roti Tawar Sari Roti,2,15000
2024-04-24,Mie Sedaap Goreng,7,3200
2024-04-24,Sambal ABC Sachet,8,2000
2024-04-25,Indomie Goreng,17,3500
2024-04-25,Minyak Goreng Bimoli 1L,5,18000
2024-04-25,Beras Premium 5kg,3,65000
2024-04-25,Gula Pasir 1kg,7,15000
2024-04-25,Kopi Kapal Api Sachet,14,1500
2024-04-25,Sabun Mandi Lifebuoy,7,4500
2024-04-25,Deterjen Rinso 800g,6,12000
2024-04-25,Air Mineral Aqua 600ml,12,3000
2024-04-25,Teh Pucuk Harum 350ml,14,4000
2024-04-25,Rokok Gudang Garam,7,28000
2024-04-25,Telur Ayam (butir),8,2500
2024-04-25,Susu Ultra Milk 250ml,6,5500
2024-04-25,Roti Tawar Sari Roti,6,15000
2024-04-25,Mie Sedaap Goreng,9,3200
2024-04-25,Sambal ABC Sachet,15,2000
2024-04-26,Indomie Goreng,14,3500
2024-04-26,Minyak Goreng Bimoli 1L,2,18000
2024-04-26,Beras Premium 5kg,3,65000
2024-04-26,Gula Pasir 1kg,1,15000
2024-04-26,Kopi Kapal Api Sachet,16,1500
2024-04-26,Sabun Mandi Lifebuoy,7,4500
2024-04-26,Deterjen Rinso 800g,1,12000
2024-04-26,Air Mineral Aqua 600ml,25,3000
2024-04-26,Teh Pucuk Harum 350ml,11,4000
2024-04-26,Rokok Gudang Garam,16,28000
2024-04-26,Telur Ayam (butir),15,2500
2024-04-26,Susu Ultra Milk 250ml,6,5500
2024-04-26,Roti Tawar Sari Roti,1,15000
2024-04-26,Mie Sedaap Goreng,10,3200
2024-04-26,Sambal ABC Sachet,7,2000
2024-04-27,Indomie Goreng,13,3500
2024-04-27,Minyak Goreng Bimoli 1L,5,18000
2024-04-27,Beras Premium 5kg,4,65000
2024-04-27,Gula Pasir 1kg,6,15000
2024-04-27,Kopi Kapal Api Sachet,28,1500
2024-04-27,Sabun Mandi Lifebuoy,12,4500
2024-04-27,Deterjen Rinso 800g,5,12000
2024-04-27,Air Mineral Aqua 600ml,23,3000
2024-04-27,Teh Pucuk Harum 350ml,15,4000
2024-04-27,Rokok Gudang Garam,6,28000
2024-04-27,Telur Ayam (butir),15,2500
2024-04-27,Susu Ultra Milk 250ml,3,5500
2024-04-27,Roti Tawar Sari Roti,3,15000
2024-04-27,Mie Sedaap Goreng,12,3200
2024-04-27,Sambal ABC Sachet,11,2000
2024-04-28,Indomie Goreng,13,3500
2024-04-28,Minyak Goreng Bimoli 1L,7,18000
2024-04-28,Beras Premium 5kg,4,65000
2024-04-28,Gula Pasir 1kg,8,15000
2024-04-28,Kopi Kapal Api Sachet,15,1500
2024-04-28,Sabun Mandi Lifebuoy,3,4500
2024-04-28,Deterjen Rinso 800g,4,12000
2024-04-28,Air Mineral Aqua 600ml,16,3000
2024-04-28,Teh Pucuk Harum 350ml,20,4000
2024-04-28,Rokok Gudang Garam,12,28000
2024-04-28,Telur Ayam (butir),11,2500
2024-04-28,Susu Ultra Milk 250ml,10,5500
2024-04-28,Roti Tawar Sari Roti,3,15000
2024-04-28,Mie Sedaap Goreng,21,3200
2024-04-28,Sambal ABC Sachet,16,2000
2024-04-29,Indomie Goreng,9,3500
2024-04-29,Minyak Goreng Bimoli 1L,9,18000
2024-04-29,Beras Premium 5kg,2,65000
2024-04-29,Gula Pasir 1kg,2,15000
2024-04-29,Kopi Kapal Api Sachet,18,1500
2024-04-29,Sabun Mandi Lifebuoy,5,4500
2024-04-29,Deterjen Rinso 800g,3,12000
2024-04-29,Air Mineral Aqua 600ml,26,3000
2024-04-29,Teh Pucuk Harum 350ml,13,4000
2024-04-29,Rokok Gudang Garam,8,28000
2024-04-29,Telur Ayam (butir),17,2500
2024-04-29,Susu Ultra Milk 250ml,10,5500
2024-04-29,Roti Tawar Sari Roti,5,15000
2024-04-29,Mie Sedaap Goreng,7,3200
2024-04-29,Sambal ABC Sachet,5,2000
2024-04-30,Indomie Goreng,8,3500
2024-04-30,Minyak Goreng Bimoli 1L,6,18000
2024-04-30,Beras Premium 5kg,5,65000
2024-04-30,Gula Pasir 1kg,6,15000
2024-04-30,Kopi Kapal Api Sachet,14,1500
2024-04-30,Sabun Mandi Lifebuoy,7,4500
2024-04-30,Deterjen Rinso 800g,3,12000
2024-04-30,Air Mineral Aqua 600ml,15,3000
2024-04-30,Teh Pucuk Harum 350ml,16,4000
2024-04-30,Rokok Gudang Garam,7,28000
2024-04-30,Telur Ayam (butir),14,2500
2024-04-30,Susu Ultra Milk 250ml,11,5500
2024-04-30,Roti Tawar Sari Roti,2,15000
2024-04-30,Mie Sedaap Goreng,8,3200
2024-04-30,Sambal ABC Sachet,16,2000
2024-05-01,Indomie Goreng,11,3500
2024-05-01,Minyak Goreng Bimoli 1L,5,18000
2024-05-01,Beras Premium 5kg,4,65000
2024-05-01,Gula Pasir 1kg,2,15000
2024-05-01,Kopi Kapal Api Sachet,17,1500
2024-05-01,Sabun Mandi Lifebuoy,1,4500
2024-05-01,Deterjen Rinso 800g,3,12000
2024-05-01,Air Mineral Aqua 600ml,21,3000
2024-05-01,Teh Pucuk Harum 350ml,6,4000
2024-05-01,Rokok Gudang Garam,4,28000
2024-05-01,Telur Ayam (butir),15,2500
2024-05-01,Susu Ultra Milk 250ml,11,5500
2024-05-01,Roti Tawar Sari Roti,3,15000
2024-05-01,Mie Sedaap Goreng,15,3200
2024-05-01,Sambal ABC Sachet,10,2000
2024-05-02,Indomie Goreng,8,3500
2024-05-02,Minyak Goreng Bimoli 1L,5,18000
2024-05-02,Beras Premium 5kg,2,65000
2024-05-02,Gula Pasir 1kg,2,15000
2024-05-02,Kopi Kapal Api Sachet,15,1500
2024-05-02,Sabun Mandi Lifebuoy,2,4500
2024-05-02,Deterjen Rinso 800g,2,12000
2024-05-02,Air Mineral Aqua 600ml,16,3000
2024-05-02,Teh Pucuk Harum 350ml,8,4000
2024-05-02,Rokok Gudang Garam,6,28000
2024-05-02,Telur Ayam (butir),10,2500
2024-05-02,Susu Ultra Milk 250ml,6,5500
2024-05-02,Roti Tawar Sari Roti,4,15000
2024-05-02,Mie Sedaap Goreng,10,3200
2024-05-02,Sambal ABC Sachet,7,2000
2024-05-03,Indomie Goreng,11,3500
2024-05-03,Minyak Goreng Bimoli 1L,3,18000
2024-05-03,Beras Premium 5kg,6,65000
2024-05-03,Gula Pasir 1kg,2,15000
2024-05-03,Kopi Kapal Api Sachet,11,1500
2024-05-03,Sabun Mandi Lifebuoy,8,4500
2024-05-03,Deterjen Rinso 800g,2,12000
2024-05-03,Air Mineral Aqua 600ml,26,3000
2024-05-03,Teh Pucuk Harum 350ml,13,4000
2024-05-03,Rokok Gudang Garam,8,28000
2024-05-03,Telur Ayam (butir),20,2500
2024-05-03,Susu Ultra Milk 250ml,6,5500
2024-05-03,Roti Tawar Sari Roti,2,15000
2024-05-03,Mie Sedaap Goreng,7,3200
2024-05-03,Sambal ABC Sachet,13,2000
2024-05-04,Indomie Goreng,16,3500
2024-05-04,Minyak Goreng Bimoli 1L,6,18000
2024-05-04,Beras Premium 5kg,2,65000
2024-05-04,Gula Pasir 1kg,5,15000
2024-05-04,Kopi Kapal Api Sachet,16,1500
2024-05-04,Sabun Mandi Lifebuoy,8,4500
2024-05-04,Air Mineral Aqua 600ml,18,3000
2024-05-04,Teh Pucuk Harum 350ml,15,4000
2024-05-04,Rokok Gudang Garam,17,28000
2024-05-04,Telur Ayam (butir),25,2500
2024-05-04,Susu Ultra Milk 250ml,14,5500
2024-05-04,Roti Tawar Sari Roti,3,15000
2024-05-04,Mie Sedaap Goreng,12,3200
2024-05-04,Sambal ABC Sachet,9,2000
2024-05-05,Indomie Goreng,15,3500
2024-05-05,Minyak Goreng Bimoli 1L,4,18000
2024-05-05,Beras Premium 5kg,3,65000
2024-05-05,Gula Pasir 1kg,8,15000
2024-05-05,Kopi Kapal Api Sachet,14,1500
2024-05-05,Sabun Mandi Lifebuoy,2,4500
2024-05-05,Deterjen Rinso 800g,7,12000
2024-05-05,Air Mineral Aqua 600ml,24,3000
2024-05-05,Teh Pucuk Harum 350ml,16,4000
2024-05-05,Rokok Gudang Garam,13,28000
2024-05-05,Telur Ayam (butir),10,2500
2024-05-05,Susu Ultra Milk 250ml,9,5500
2024-05-05,Roti Tawar Sari Roti,3,15000
2024-05-05,Mie Sedaap Goreng,13,3200
2024-05-05,Sambal ABC Sachet,21,2000
2024-05-06,Indomie Goreng,12,3500
2024-05-06,Minyak Goreng Bimoli 1L,4,18000
2024-05-06,Beras Premium 5kg,2,65000
2024-05-06,Gula Pasir 1kg,7,15000
2024-05-06,Kopi Kapal Api Sachet,16,1500
2024-05-06,Sabun Mandi Lifebuoy,4,4500
2024-05-06,Deterjen Rinso 800g,1,12000
2024-05-06,Air Mineral Aqua 600ml,17,3000
2024-05-06,Teh Pucuk Harum 350ml,11,4000
2024-05-06,Rokok Gudang Garam,10,28000
2024-05-06,Telur Ayam (butir),18,2500
2024-05-06,Susu Ultra Milk 250ml,8,5500
2024-05-06,Roti Tawar Sari Roti,6,15000
2024-05-06,Mie Sedaap Goreng,12,3200
2024-05-06,Sambal ABC Sachet,9,2000
2024-05-07,Indomie Goreng,16,3500
2024-05-07,Minyak Goreng Bimoli 1L,7,18000
2024-05-07,Beras Premium 5kg,3,65000
2024-05-07,Gula Pasir 1kg,4,15000
2024-05-07,Kopi Kapal Api Sachet,16,1500
2024-05-07,Sabun Mandi Lifebuoy,5,4500
2024-05-07,Deterjen Rinso 800g,3,12000
2024-05-07,Air Mineral Aqua 600ml,24,3000
2024-05-07,Teh Pucuk Harum 350ml,14,4000
2024-05-07,Rokok Gudang Garam,10,28000
2024-05-07,Telur Ayam (butir),21,2500
2024-05-07,Susu Ultra Milk 250ml,13,5500
2024-05-07,Roti Tawar Sari Roti,4,15000
2024-05-07,Mie Sedaap Goreng,11,3200
2024-05-07,Sambal ABC Sachet,11,2000
2024-05-08,Indomie Goreng,13,3500
2024-05-08,Minyak Goreng Bimoli 1L,9,18000
2024-05-08,Beras Premium 5kg,3,65000
2024-05-08,Gula Pasir 1kg,2,15000
2024-05-08,Kopi Kapal Api Sachet,12,1500
2024-05-08,Sabun Mandi Lifebuoy,1,4500
2024-05-08,Deterjen Rinso 800g,2,12000
2024-05-08,Air Mineral Aqua 600ml,22,3000
2024-05-08,Teh Pucuk Harum 350ml,14,4000
2024-05-08,Telur Ayam (butir),21,2500
2024-05-08,Susu Ultra Milk 250ml,13,5500
2024-05-08,Roti Tawar Sari Roti,6,15000
2024-05-08,Mie Sedaap Goreng,7,3200
2024-05-08,Sambal ABC Sachet,12,2000
2024-05-09,Indomie Goreng,9,3500
2024-05-09,Minyak Goreng Bimoli 1L,6,18000
2024-05-09,Beras Premium 5kg,4,65000
2024-05-09,Gula Pasir 1kg,4,15000
2024-05-09,Kopi Kapal Api Sachet,17,1500
2024-05-09,Sabun Mandi Lifebuoy,6,4500
2024-05-09,Deterjen Rinso 800g,4,12000
2024-05-09,Air Mineral Aqua 600ml,16,3000
2024-05-09,Teh Pucuk Harum 350ml,14,4000
2024-05-09,Rokok Gudang Garam,8,28000
2024-05-09,Telur Ayam (butir),12,2500
2024-05-09,Susu Ultra Milk 250ml,7,5500
2024-05-09,Roti Tawar Sari Roti,3,15000
2024-05-09,Mie Sedaap Goreng,15,3200
2024-05-09,Sambal ABC Sachet,6,2000
2024-05-10,Indomie Goreng,11,3500
2024-05-10,Minyak Goreng Bimoli 1L,5,18000
2024-05-10,Beras Premium 5kg,2,65000
2024-05-10,Gula Pasir 1kg,5,15000
2024-05-10,Kopi Kapal Api Sachet,17,1500
2024-05-10,Sabun Mandi Lifebuoy,7,4500
2024-05-10,Deterjen Rinso 800g,6,12000
2024-05-10,Air Mineral Aqua 600ml,16,3000
2024-05-10,Teh Pucuk Harum 350ml,11,4000
2024-05-10,Rokok Gudang Garam,12,28000
2024-05-10,Telur Ayam (butir),19,2500
2024-05-10,Susu Ultra Milk 250ml,12,5500
2024-05-10,Roti Tawar Sari Roti,1,15000
2024-05-10,Mie Sedaap Goreng,7,3200
2024-05-10,Sambal ABC Sachet,9,2000
2024-05-11,Indomie Goreng,12,3500
2024-05-11,Minyak Goreng Bimoli 1L,10,18000
2024-05-11,Gula Pasir 1kg,3,15000
2024-05-11,Kopi Kapal Api Sachet,15,1500
2024-05-11,Sabun Mandi Lifebuoy,5,4500
2024-05-11,Deterjen Rinso 800g,4,12000
2024-05-11,Air Mineral Aqua 600ml,23,3000
2024-05-11,Teh Pucuk Harum 350ml,15,4000
2024-05-11,Rokok Gudang Garam,10,28000
2024-05-11,Telur Ayam (butir),25,2500
2024-05-11,Susu Ultra Milk 250ml,13,5500
2024-05-11,Roti Tawar Sari Roti,2,15000
2024-05-11,Mie Sedaap Goreng,13,3200
2024-05-11,Sambal ABC Sachet,8,2000
2024-05-12,Indomie Goreng,12,3500
2024-05-12,Minyak Goreng Bimoli 1L,5,18000
2024-05-12,Beras Premium 5kg,2,65000
2024-05-12,Gula Pasir 1kg,7,15000
2024-05-12,Kopi Kapal Api Sachet,21,1500
2024-05-12,Sabun Mandi Lifebuoy,14,4500
2024-05-12,Deterjen Rinso 800g,1,12000
2024-05-12,Air Mineral Aqua 600ml,21,3000
2024-05-12,Teh Pucuk Harum 350ml,15,4000
2024-05-12,Rokok Gudang Garam,7,28000
2024-05-12,Telur Ayam (butir),16,2500
2024-05-12,Susu Ultra Milk 250ml,8,5500
2024-05-12,Roti Tawar Sari Roti,6,15000
2024-05-12,Mie Sedaap Goreng,12,3200
2024-05-12,Sambal ABC Sachet,9,2000
2024-05-13,Indomie Goreng,12,3500
2024-05-13,Minyak Goreng Bimoli 1L,6,18000
2024-05-13,Beras Premium 5kg,4,65000
2024-05-13,Gula Pasir 1kg,5,15000
2024-05-13,Kopi Kapal Api Sachet,22,1500
2024-05-13,Sabun Mandi Lifebuoy,5,4500
2024-05-13,Deterjen Rinso 800g,3,12000
2024-05-13,Air Mineral Aqua 600ml,20,3000
2024-05-13,Teh Pucuk Harum 350ml,6,4000
2024-05-13,Rokok Gudang Garam,9,28000
2024-05-13,Telur Ayam (butir),15,2500
2024-05-13,Susu Ultra Milk 250ml,9,5500
2024-05-13,Roti Tawar Sari Roti,3,15000
2024-05-13,Mie Sedaap Goreng,6,3200
2024-05-13,Sambal ABC Sachet,9,2000
2024-05-14,Indomie Goreng,7,3500
2024-05-14,Minyak Goreng Bimoli 1L,7,18000
2024-05-14,Beras Premium 5kg,3,65000
2024-05-14,Gula Pasir 1kg,4,15000
2024-05-14,Kopi Kapal Api Sachet,18,1500
2024-05-14,Sabun Mandi Lifebuoy,5,4500
2024-05-14,Deterjen Rinso 800g,4,12000
2024-05-14,Air Mineral Aqua 600ml,23,3000
2024-05-14,Teh Pucuk Harum 350ml,11,4000
2024-05-14,Rokok Gudang Garam,8,28000
2024-05-14,Telur Ayam (butir),17,2500
2024-05-14,Susu Ultra Milk 250ml,5,5500
2024-05-14,Mie Sedaap Goreng,10,3200
2024-05-14,Sambal ABC Sachet,7,2000
2024-05-15,Indomie Goreng,8,3500
2024-05-15,Minyak Goreng Bimoli 1L,7,18000
2024-05-15,Gula Pasir 1kg,2,15000
2024-05-15,Kopi Kapal Api Sachet,11,1500
2024-05-15,Sabun Mandi Lifebuoy,6,4500
2024-05-15,Deterjen Rinso 800g,3,12000
2024-05-15,Air Mineral Aqua 600ml,20,3000
2024-05-15,Teh Pucuk Harum 350ml,9,4000
2024-05-15,Rokok Gudang Garam,12,28000
2024-05-15,Telur Ayam (butir),18,2500
2024-05-15,Susu Ultra Milk 250ml,7,5500
2024-05-15,Roti Tawar Sari Roti,3,15000
2024-05-15,Mie Sedaap Goreng,7,3200
2024-05-15,Sambal ABC Sachet,11,2000
2024-05-16,Indomie Goreng,14,3500
2024-05-16,Minyak Goreng Bimoli 1L,4,18000
2024-05-16,Beras Premium 5kg,2,65000
2024-05-16,Gula Pasir 1kg,4,15000
2024-05-16,Kopi Kapal Api Sachet,13,1500
2024-05-16,Sabun Mandi Lifebuoy,1,4500
2024-05-16,Deterjen Rinso 800g,5,12000
2024-05-16,Air Mineral Aqua 600ml,18,3000
2024-05-16,Teh Pucuk Harum 350ml,11,4000
2024-05-16,Rokok Gudang Garam,10,28000
2024-05-16,Telur Ayam (butir),11,2500
2024-05-16,Susu Ultra Milk 250ml,9,5500
2024-05-16,Roti Tawar Sari Roti,5,15000
2024-05-16,Mie Sedaap Goreng,6,3200
2024-05-16,Sambal ABC Sachet,9,2000
2024-05-17,Indomie Goreng,12,3500
2024-05-17,Minyak Goreng Bimoli 1L,6,18000
2024-05-17,Beras Premium 5kg,7,65000
2024-05-17,Gula Pasir 1kg,7,15000
2024-05-17,Kopi Kapal Api Sachet,13,1500
2024-05-17,Sabun Mandi Lifebuoy,9,4500
2024-05-17,Deterjen Rinso 800g,3,12000
2024-05-17,Air Mineral Aqua 600ml,16,3000
2024-05-17,Teh Pucuk Harum 350ml,14,4000
2024-05-17,Rokok Gudang Garam,11,28000
2024-05-17,Telur Ayam (butir),16,2500
2024-05-17,Susu Ultra Milk 250ml,6,5500
2024-05-17,Roti Tawar Sari Roti,3,15000
2024-05-17,Mie Sedaap Goreng,6,3200
2024-05-17,Sambal ABC Sachet,10,2000
2024-05-18,Indomie Goreng,14,3500
2024-05-18,Minyak Goreng Bimoli 1L,7,18000
2024-05-18,Beras Premium 5kg,2,65000
2024-05-18,Gula Pasir 1kg,7,15000
2024-05-18,Kopi Kapal Api Sachet,13,1500
2024-05-18,Sabun Mandi Lifebuoy,3,4500
2024-05-18,Deterjen Rinso 800g,1,12000
2024-05-18,Air Mineral Aqua 600ml,21,3000
2024-05-18,Teh Pucuk Harum 350ml,8,4000
2024-05-18,Rokok Gudang Garam,6,28000
2024-05-18,Telur Ayam (butir),15,2500
2024-05-18,Susu Ultra Milk 250ml,10,5500
2024-05-18,Mie Sedaap Goreng,9,3200
2024-05-18,Sambal ABC Sachet,13,2000
2024-05-19,Indomie Goreng,21,3500
2024-05-19,Minyak Goreng Bimoli 1L,2,18000
2024-05-19,Beras Premium 5kg,2,65000
2024-05-19,Gula Pasir 1kg,6,15000
2024-05-19,Kopi Kapal Api Sachet,16,1500
2024-05-19,Sabun Mandi Lifebuoy,10,4500
2024-05-19,Deterjen Rinso 800g,2,12000
2024-05-19,Air Mineral Aqua 600ml,14,3000
2024-05-19,Teh Pucuk Harum 350ml,10,4000
2024-05-19,Rokok Gudang Garam,11,28000
2024-05-19,Telur Ayam (butir),19,2500
2024-05-19,Susu Ultra Milk 250ml,9,5500
2024-05-19,Roti Tawar Sari Roti,6,15000
2024-05-19,Mie Sedaap Goreng,9,3200
2024-05-19,Sambal ABC Sachet,10,2000
2024-05-20,Indomie Goreng,11,3500
2024-05-20,Minyak Goreng Bimoli 1L,7,18000
2024-05-20,Beras Premium 5kg,1,65000
2024-05-20,Kopi Kapal Api Sachet,12,1500
2024-05-20,Sabun Mandi Lifebuoy,2,4500
2024-05-20,Deterjen Rinso 800g,1,12000
2024-05-20,Air Mineral Aqua 600ml,23,3000
2024-05-20,Teh Pucuk Harum 350ml,13,4000
2024-05-20,Rokok Gudang Garam,8,28000
2024-05-20,Telur Ayam (butir),10,2500
2024-05-20,Susu Ultra Milk 250ml,4,5500
2024-05-20,Roti Tawar Sari Roti,7,15000
2024-05-20,Mie Sedaap Goreng,7,3200
2024-05-20,Sambal ABC Sachet,7,2000
2024-05-21,Indomie Goreng,13,3500
2024-05-21,Minyak Goreng Bimoli 1L,8,18000
2024-05-21,Beras Premium 5kg,1,65000
2024-05-21,Gula Pasir 1kg,5,15000
2024-05-21,Kopi Kapal Api Sachet,16,1500
2024-05-21,Sabun Mandi Lifebuoy,4,4500
2024-05-21,Deterjen Rinso 800g,6,12000
2024-05-21,Air Mineral Aqua 600ml,18,3000
2024-05-21,Teh Pucuk Harum 350ml,8,4000
2024-05-21,Rokok Gudang Garam,5,28000
2024-05-21,Telur Ayam (butir),15,2500
2024-05-21,Susu Ultra Milk 250ml,5,5500
2024-05-21,Roti Tawar Sari Roti,3,15000
2024-05-21,Mie Sedaap Goreng,10,3200
2024-05-21,Sambal ABC Sachet,7,2000
2024-05-22,Indomie Goreng,12,3500
2024-05-22,Minyak Goreng Bimoli 1L,3,18000
2024-05-22,Beras Premium 5kg,7,65000
2024-05-22,Gula Pasir 1kg,3,15000
2024-05-22,Kopi Kapal Api Sachet,12,1500
2024-05-22,Sabun Mandi Lifebuoy,8,4500
2024-05-22,Deterjen Rinso 800g,4,12000
2024-05-22,Air Mineral Aqua 600ml,20,3000
2024-05-22,Teh Pucuk Harum 350ml,8,4000
2024-05-22,Rokok Gudang Garam,13,28000
2024-05-22,Telur Ayam (butir),16,2500
2024-05-22,Susu Ultra Milk 250ml,6,5500
2024-05-22,Roti Tawar Sari Roti,2,15000
2024-05-22,Mie Sedaap Goreng,6,3200
2024-05-22,Sambal ABC Sachet,10,2000
2024-05-23,Indomie Goreng,15,3500
2024-05-23,Minyak Goreng Bimoli 1L,6,18000
2024-05-23,Gula Pasir 1kg,5,15000
2024-05-23,Kopi Kapal Api Sachet,13,1500
2024-05-23,Sabun Mandi Lifebuoy,8,4500
2024-05-23,Deterjen Rinso 800g,4,12000
2024-05-23,Air Mineral Aqua 600ml,16,3000
2024-05-23,Teh Pucuk Harum 350ml,11,4000
2024-05-23,Rokok Gudang Garam,8,28000
2024-05-23,Telur Ayam (butir),13,2500
2024-05-23,Susu Ultra Milk 250ml,9,5500
2024-05-23,Roti Tawar Sari Roti,4,15000
2024-05-23,Mie Sedaap Goreng,6,3200
2024-05-23,Sambal ABC Sachet,9,2000
2024-05-24,Indomie Goreng,16,3500
2024-05-24,Minyak Goreng Bimoli 1L,4,18000
2024-05-24,Beras Premium 5kg,4,65000
2024-05-24,Gula Pasir 1kg,5,15000
2024-05-24,Kopi Kapal Api Sachet,17,1500
2024-05-24,Sabun Mandi Lifebuoy,5,4500
2024-05-24,Deterjen Rinso 800g,1,12000
2024-05-24,Air Mineral Aqua 600ml,16,3000
2024-05-24,Teh Pucuk Harum 350ml,11,4000
2024-05-24,Rokok Gudang Garam,9,28000
2024-05-24,Telur Ayam (butir),13,2500
2024-05-24,Susu Ultra Milk 250ml,9,5500
2024-05-24,Roti Tawar Sari Roti,4,15000
2024-05-24,Mie Sedaap Goreng,9,3200
2024-05-24,Sambal ABC Sachet,10,2000
2024-05-25,Indomie Goreng,12,3500
2024-05-25,Minyak Goreng Bimoli 1L,8,18000
2024-05-25,Beras Premium 5kg,7,65000
2024-05-25,Gula Pasir 1kg,8,15000
2024-05-25,Kopi Kapal Api Sachet,21,1500
2024-05-25,Sabun Mandi Lifebuoy,5,4500
2024-05-25,Deterjen Rinso 800g,3,12000
2024-05-25,Air Mineral Aqua 600ml,25,3000
2024-05-25,Teh Pucuk Harum 350ml,17,4000
2024-05-25,Rokok Gudang Garam,5,28000
2024-05-25,Telur Ayam (butir),19,2500
2024-05-25,Susu Ultra Milk 250ml,10,5500
2024-05-25,Roti Tawar Sari Roti,5,15000
2024-05-25,Mie Sedaap Goreng,10,3200
2024-05-25,Sambal ABC Sachet,16,2000
2024-05-26,Indomie Goreng,11,3500
2024-05-26,Minyak Goreng Bimoli 1L,11,18000
2024-05-26,Gula Pasir 1kg,7,15000
2024-05-26,Kopi Kapal Api Sachet,16,1500
2024-05-26,Sabun Mandi Lifebuoy,8,4500
2024-05-26,Deterjen Rinso 800g,5,12000
2024-05-26,Air Mineral Aqua 600ml,26,3000
2024-05-26,Teh Pucuk Harum 350ml,11,4000
2024-05-26,Rokok Gudang Garam,7,28000
2024-05-26,Telur Ayam (butir),19,2500
2024-05-26,Susu Ultra Milk 250ml,4,5500
2024-05-26,Roti Tawar Sari Roti,2,15000
2024-05-26,Mie Sedaap Goreng,14,3200
2024-05-26,Sambal ABC Sachet,13,2000
2024-05-27,Indomie Goreng,14,3500
2024-05-27,Minyak Goreng Bimoli 1L,4,18000
2024-05-27,Beras Premium 5kg,5,65000
2024-05-27,Gula Pasir 1kg,6,15000
2024-05-27,Kopi Kapal Api Sachet,21,1500
2024-05-27,Sabun Mandi Lifebuoy,6,4500
2024-05-27,Deterjen Rinso 800g,2,12000
2024-05-27,Air Mineral Aqua 600ml,13,3000
2024-05-27,Teh Pucuk Harum 350ml,17,4000
2024-05-27,Rokok Gudang Garam,10,28000
2024-05-27,Telur Ayam (butir),20,2500
2024-05-27,Susu Ultra Milk 250ml,5,5500
2024-05-27,Roti Tawar Sari Roti,7,15000
2024-05-27,Mie Sedaap Goreng,13,3200
2024-05-27,Sambal ABC Sachet,13,2000
2024-05-28,Indomie Goreng,9,3500
2024-05-28,Minyak Goreng Bimoli 1L,5,18000
2024-05-28,Beras Premium 5kg,4,65000
2024-05-28,Gula Pasir 1kg,7,15000
2024-05-28,Kopi Kapal Api Sachet,14,1500
2024-05-28,Sabun Mandi Lifebuoy,5,4500
2024-05-28,Deterjen Rinso 800g,7,12000
2024-05-28,Air Mineral Aqua 600ml,21,3000
2024-05-28,Teh Pucuk Harum 350ml,8,4000
2024-05-28,Rokok Gudang Garam,11,28000
2024-05-28,Telur Ayam (butir),22,2500
2024-05-28,Susu Ultra Milk 250ml,9,5500
2024-05-28,Roti Tawar Sari Roti,4,15000
2024-05-28,Mie Sedaap Goreng,7,3200
2024-05-28,Sambal ABC Sachet,13,2000
2024-05-29,Indomie Goreng,9,3500
2024-05-29,Minyak Goreng Bimoli 1L,6,18000
2024-05-29,Beras Premium 5kg,3,65000
2024-05-29,Gula Pasir 1kg,8,15000
2024-05-29,Kopi Kapal Api Sachet,14,1500
2024-05-29,Sabun Mandi Lifebuoy,6,4500
2024-05-29,Deterjen Rinso 800g,5,12000
2024-05-29,Air Mineral Aqua 600ml,17,3000
2024-05-29,Teh Pucuk Harum 350ml,13,4000
2024-05-29,Rokok Gudang Garam,12,28000
2024-05-29,Telur Ayam (butir),11,2500
2024-05-29,Susu Ultra Milk 250ml,6,5500
2024-05-29,Roti Tawar Sari Roti,5,15000
2024-05-29,Mie Sedaap Goreng,10,3200
2024-05-29,Sambal ABC Sachet,10,2000
2024-05-30,Indomie Goreng,13,3500
2024-05-30,Minyak Goreng Bimoli 1L,6,18000
2024-05-30,Beras Premium 5kg,1,65000
2024-05-30,Gula Pasir 1kg,8,15000
2024-05-30,Kopi Kapal Api Sachet,8,1500
2024-05-30,Sabun Mandi Lifebuoy,2,4500
2024-05-30,Deterjen Rinso 800g,3,12000
2024-05-30,Air Mineral Aqua 600ml,15,3000
2024-05-30,Teh Pucuk Harum 350ml,10,4000
2024-05-30,Rokok Gudang Garam,7,28000
2024-05-30,Telur Ayam (butir),12,2500
2024-05-30,Susu Ultra Milk 250ml,11,5500
2024-05-30,Roti Tawar Sari Roti,1,15000
2024-05-30,Mie Sedaap Goreng,8,3200
2024-05-30,Sambal ABC Sachet,7,2000
2024-05-31,Indomie Goreng,9,3500
2024-05-31,Minyak Goreng Bimoli 1L,9,18000
2024-05-31,Beras Premium 5kg,4,65000
2024-05-31,Gula Pasir 1kg,6,15000
2024-05-31,Kopi Kapal Api Sachet,10,1500
2024-05-31,Sabun Mandi Lifebuoy,5,4500
2024-05-31,Deterjen Rinso 800g,2,12000
2024-05-31,Air Mineral Aqua 600ml,20,3000
2024-05-31,Teh Pucuk Harum 350ml,5,4000
2024-05-31,Rokok Gudang Garam,9,28000
2024-05-31,Telur Ayam (butir),14,2500
2024-05-31,Susu Ultra Milk 250ml,5,5500
2024-05-31,Roti Tawar Sari Roti,3,15000
2024-05-31,Mie Sedaap Goreng,5,3200
2024-05-31,Sambal ABC Sachet,12,2000
2024-06-01,Indomie Goreng,17,3500
2024-06-01,Minyak Goreng Bimoli 1L,6,18000
2024-06-01,Beras Premium 5kg,4,65000
2024-06-01,Gula Pasir 1kg,5,15000
2024-06-01,Kopi Kapal Api Sachet,16,1500
2024-06-01,Sabun Mandi Lifebuoy,10,4500
2024-06-01,Deterjen Rinso 800g,3,12000
2024-06-01,Air Mineral Aqua 600ml,26,3000
2024-06-01,Teh Pucuk Harum 350ml,12,4000
2024-06-01,Rokok Gudang Garam,12,28000
2024-06-01,Telur Ayam (butir),26,2500
2024-06-01,Susu Ultra Milk 250ml,11,5500
2024-06-01,Roti Tawar Sari Roti,4,15000
2024-06-01,Mie Sedaap Goreng,7,3200
2024-06-01,Sambal ABC Sachet,16,2000
2024-06-02,Indomie Goreng,11,3500
2024-06-02,Minyak Goreng Bimoli 1L,10,18000
2024-06-02,Beras Premium 5kg,1,65000
2024-06-02,Gula Pasir 1kg,6,15000
2024-06-02,Kopi Kapal Api Sachet,24,1500
2024-06-02,Sabun Mandi Lifebuoy,7,4500
2024-06-02,Deterjen Rinso 800g,5,12000
2024-06-02,Air Mineral Aqua 600ml,24,3000
2024-06-02,Teh Pucuk Harum 350ml,23,4000
2024-06-02,Rokok Gudang Garam,12,28000
2024-06-02,Telur Ayam (butir),25,2500
2024-06-02,Susu Ultra Milk 250ml,6,5500
2024-06-02,Mie Sedaap Goreng,10,3200
2024-06-02,Sambal ABC Sachet,15,2000
2024-06-03,Indomie Goreng,17,3500
2024-06-03,Minyak Goreng Bimoli 1L,6,18000
2024-06-03,Beras Premium 5kg,2,65000
2024-06-03,Gula Pasir 1kg,1,15000
2024-06-03,Kopi Kapal Api Sachet,17,1500
2024-06-03,Sabun Mandi Lifebuoy,7,4500
2024-06-03,Deterjen Rinso 800g,2,12000
2024-06-03,Air Mineral Aqua 600ml,13,3000
2024-06-03,Teh Pucuk Harum 350ml,10,4000
2024-06-03,Rokok Gudang Garam,7,28000
2024-06-03,Telur Ayam (butir),12,2500
2024-06-03,Susu Ultra Milk 250ml,13,5500
2024-06-03,Roti Tawar Sari Roti,4,15000
2024-06-03,Mie Sedaap Goreng,13,3200
2024-06-03,Sambal ABC Sachet,12,2000
2024-06-04,Indomie Goreng,18,3500
2024-06-04,Minyak Goreng Bimoli 1L,6,18000
2024-06-04,Beras Premium 5kg,6,65000
2024-06-04,Gula Pasir 1kg,4,15000
2024-06-04,Kopi Kapal Api Sachet,21,1500
2024-06-04,Sabun Mandi Lifebuoy,5,4500
2024-06-04,Deterjen Rinso 800g,5,12000
2024-06-04,Air Mineral Aqua 600ml,21,3000
2024-06-04,Teh Pucuk Harum 350ml,11,4000
2024-06-04,Rokok Gudang Garam,11,28000
2024-06-04,Telur Ayam (butir),11,2500
2024-06-04,Susu Ultra Milk 250ml,10,5500
2024-06-04,Roti Tawar Sari Roti,6,15000
2024-06-04,Mie Sedaap Goreng,8,3200
2024-06-04,Sambal ABC Sachet,15,2000
2024-06-05,Indomie Goreng,8,3500
2024-06-05,Minyak Goreng Bimoli 1L,6,18000
2024-06-05,Beras Premium 5kg,2,65000
2024-06-05,Gula Pasir 1kg,3,15000
2024-06-05,Kopi Kapal Api Sachet,14,1500
2024-06-05,Sabun Mandi Lifebuoy,4,4500
2024-06-05,Deterjen Rinso 800g,5,12000
2024-06-05,Air Mineral Aqua 600ml,19,3000
2024-06-05,Teh Pucuk Harum 350ml,13,4000
2024-06-05,Rokok Gudang Garam,9,28000
2024-06-05,Telur Ayam (butir),14,2500
2024-06-05,Susu Ultra Milk 250ml,11,5500
2024-06-05,Roti Tawar Sari Roti,3,15000
2024-06-05,Mie Sedaap Goreng,10,3200
2024-06-05,Sambal ABC Sachet,12,2000
2024-06-06,Indomie Goreng,7,3500
2024-06-06,Minyak Goreng Bimoli 1L,6,18000
2024-06-06,Gula Pasir 1kg,6,15000
2024-06-06,Kopi Kapal Api Sachet,13,1500
2024-06-06,Sabun Mandi Lifebuoy,2,4500
2024-06-06,Deterjen Rinso 800g,3,12000
2024-06-06,Air Mineral Aqua 600ml,19,3000
2024-06-06,Teh Pucuk Harum 350ml,12,4000
2024-06-06,Rokok Gudang Garam,3,28000
2024-06-06,Telur Ayam (butir),17,2500
2024-06-06,Susu Ultra Milk 250ml,12,5500
2024-06-06,Roti Tawar Sari Roti,2,15000
2024-06-06,Mie Sedaap Goreng,6,3200
2024-06-06,Sambal ABC Sachet,14,2000
2024-06-07,Indomie Goreng,12,3500
2024-06-07,Minyak Goreng Bimoli 1L,4,18000
2024-06-07,Beras Premium 5kg,5,65000
2024-06-07,Gula Pasir 1kg,3,15000
2024-06-07,Kopi Kapal Api Sachet,12,1500
2024-06-07,Sabun Mandi Lifebuoy,6,4500
2024-06-07,Deterjen Rinso 800g,3,12000
2024-06-07,Air Mineral Aqua 600ml,23,3000
2024-06-07,Teh Pucuk Harum 350ml,9,4000
2024-06-07,Rokok Gudang Garam,11,28000
2024-06-07,Telur Ayam (butir),15,2500
2024-06-07,Susu Ultra Milk 250ml,5,5500
2024-06-07,Roti Tawar Sari Roti,5,15000
2024-06-07,Mie Sedaap Goreng,11,3200
2024-06-07,Sambal ABC Sachet,11,2000
2024-06-08,Indomie Goreng,8,3500
2024-06-08,Minyak Goreng Bimoli 1L,10,18000
2024-06-08,Beras Premium 5kg,2,65000
2024-06-08,Gula Pasir 1kg,9,15000
2024-06-08,Kopi Kapal Api Sachet,22,1500
2024-06-08,Sabun Mandi Lifebuoy,7,4500
2024-06-08,Deterjen Rinso 800g,3,12000
2024-06-08,Air Mineral Aqua 600ml,16,3000
2024-06-08,Teh Pucuk Harum 350ml,19,4000
2024-06-08,Rokok Gudang Garam,5,28000
2024-06-08,Telur Ayam (butir),16,2500
2024-06-08,Susu Ultra Milk 250ml,5,5500
2024-06-08,Roti Tawar Sari Roti,4,15000
2024-06-08,Mie Sedaap Goreng,12,3200
2024-06-08,Sambal ABC Sachet,12,2000
2024-06-09,Indomie Goreng,15,3500
2024-06-09,Minyak Goreng Bimoli 1L,6,18000
2024-06-09,Beras Premium 5kg,5,65000
2024-06-09,Gula Pasir 1kg,3,15000
2024-06-09,Kopi Kapal Api Sachet,24,1500
2024-06-09,Sabun Mandi Lifebuoy,7,4500
2024-06-09,Deterjen Rinso 800g,6,12000
2024-06-09,Air Mineral Aqua 600ml,27,3000
2024-06-09,Teh Pucuk Harum 350ml,10,4000
2024-06-09,Rokok Gudang Garam,11,28000
2024-06-09,Telur Ayam (butir),12,2500
2024-06-09,Susu Ultra Milk 250ml,13,5500
2024-06-09,Roti Tawar Sari Roti,8,15000
2024-06-09,Mie Sedaap Goreng,13,3200
2024-06-09,Sambal ABC Sachet,14,2000
2024-06-10,Indomie Goreng,15,3500
2024-06-10,Minyak Goreng Bimoli 1L,7,18000
2024-06-10,Beras Premium 5kg,1,65000
2024-06-10,Gula Pasir 1kg,3,15000
2024-06-10,Kopi Kapal Api Sachet,12,1500
2024-06-10,Sabun Mandi Lifebuoy,6,4500
2024-06-10,Deterjen Rinso 800g,5,12000
2024-06-10,Air Mineral Aqua 600ml,24,3000
2024-06-10,Teh Pucuk Harum 350ml,11,4000
2024-06-10,Rokok Gudang Garam,10,28000
2024-06-10,Telur Ayam (butir),19,2500
2024-06-10,Susu Ultra Milk 250ml,5,5500
2024-06-10,Roti Tawar Sari Roti,3,15000
2024-06-10,Mie Sedaap Goreng,7,3200
2024-06-10,Sambal ABC Sachet,4,2000
2024-06-11,Indomie Goreng,11,3500
2024-06-11,Minyak Goreng Bimoli 1L,9,18000
2024-06-11,Beras Premium 5kg,5,65000
2024-06-11,Gula Pasir 1kg,3,15000
2024-06-11,Kopi Kapal Api Sachet,19,1500
2024-06-11,Sabun Mandi Lifebuoy,4,4500
2024-06-11,Deterjen Rinso 800g,9,12000
2024-06-11,Air Mineral Aqua 600ml,21,3000
2024-06-11,Teh Pucuk Harum 350ml,13,4000
2024-06-11,Rokok Gudang Garam,5,28000
2024-06-11,Telur Ayam (butir),13,2500
2024-06-11,Susu Ultra Milk 250ml,7,5500
2024-06-11,Roti Tawar Sari Roti,2,15000
2024-06-11,Mie Sedaap Goreng,11,3200
2024-06-11,Sambal ABC Sachet,11,2000
2024-06-12,Indomie Goreng,10,3500
2024-06-12,Minyak Goreng Bimoli 1L,8,18000
2024-06-12,Beras Premium 5kg,2,65000
2024-06-12,Gula Pasir 1kg,3,15000
2024-06-12,Kopi Kapal Api Sachet,20,1500
2024-06-12,Sabun Mandi Lifebuoy,5,4500
2024-06-12,Deterjen Rinso 800g,2,12000
2024-06-12,Air Mineral Aqua 600ml,17,3000
2024-06-12,Teh Pucuk Harum 350ml,11,4000
2024-06-12,Rokok Gudang Garam,10,28000
2024-06-12,Telur Ayam (butir),6,2500
2024-06-12,Susu Ultra Milk 250ml,10,5500
2024-06-12,Roti Tawar Sari Roti,3,15000
2024-06-12,Mie Sedaap Goreng,4,3200
2024-06-12,Sambal ABC Sachet,6,2000
2024-06-13,Indomie Goreng,9,3500
2024-06-13,Minyak Goreng Bimoli 1L,11,18000
2024-06-13,Beras Premium 5kg,2,65000
2024-06-13,Gula Pasir 1kg,5,15000
2024-06-13,Kopi Kapal Api Sachet,10,1500
2024-06-13,Sabun Mandi Lifebuoy,5,4500
2024-06-13,Deterjen Rinso 800g,2,12000
2024-06-13,Air Mineral Aqua 600ml,29,3000
2024-06-13,Teh Pucuk Harum 350ml,7,4000
2024-06-13,Rokok Gudang Garam,13,28000
2024-06-13,Telur Ayam (butir),6,2500
2024-06-13,Susu Ultra Milk 250ml,8,5500
2024-06-13,Mie Sedaap Goreng,14,3200
2024-06-13,Sambal ABC Sachet,12,2000
2024-06-14,Indomie Goreng,17,3500
2024-06-14,Minyak Goreng Bimoli 1L,4,18000
2024-06-14,Gula Pasir 1kg,9,15000
2024-06-14,Kopi Kapal Api Sachet,15,1500
2024-06-14,Sabun Mandi Lifebuoy,1,4500
2024-06-14,Deterjen Rinso 800g,2,12000
2024-06-14,Air Mineral Aqua 600ml,17,3000
2024-06-14,Teh Pucuk Harum 350ml,10,4000
2024-06-14,Rokok Gudang Garam,5,28000
2024-06-14,Telur Ayam (butir),21,2500
2024-06-14,Susu Ultra Milk 250ml,8,5500
2024-06-14,Roti Tawar Sari Roti,1,15000
2024-06-14,Mie Sedaap Goreng,14,3200
2024-06-14,Sambal ABC Sachet,16,2000
2024-06-15,Indomie Goreng,11,3500
2024-06-15,Minyak Goreng Bimoli 1L,4,18000
2024-06-15,Beras Premium 5kg,3,65000
2024-06-15,Gula Pasir 1kg,2,15000
2024-06-15,Kopi Kapal Api Sachet,23,1500
2024-06-15,Sabun Mandi Lifebuoy,5,4500
2024-06-15,Deterjen Rinso 800g,10,12000
2024-06-15,Air Mineral Aqua 600ml,25,3000
2024-06-15,Teh Pucuk Harum 350ml,19,4000
2024-06-15,Rokok Gudang Garam,8,28000
2024-06-15,Telur Ayam (butir),11,2500
2024-06-15,Susu Ultra Milk 250ml,9,5500
2024-06-15,Roti Tawar Sari Roti,3,15000
2024-06-15,Mie Sedaap Goreng,8,3200
2024-06-15,Sambal ABC Sachet,8,2000
2024-06-16,Indomie Goreng,23,3500
2024-06-16,Minyak Goreng Bimoli 1L,3,18000
2024-06-16,Beras Premium 5kg,3,65000
2024-06-16,Gula Pasir 1kg,10,15000
2024-06-16,Kopi Kapal Api Sachet,23,1500
2024-06-16,Sabun Mandi Lifebuoy,4,4500
2024-06-16,Deterjen Rinso 800g,5,12000
2024-06-16,Air Mineral Aqua 600ml,28,3000
2024-06-16,Teh Pucuk Harum 350ml,13,4000
2024-06-16,Rokok Gudang Garam,10,28000
2024-06-16,Telur Ayam (butir),21,2500
2024-06-16,Susu Ultra Milk 250ml,11,5500
2024-06-16,Roti Tawar Sari Roti,4,15000
2024-06-16,Mie Sedaap Goreng,9,3200
2024-06-16,Sambal ABC Sachet,14,2000
2024-06-17,Indomie Goreng,11,3500
2024-06-17,Minyak Goreng Bimoli 1L,10,18000
2024-06-17,Beras Premium 5kg,2,65000
2024-06-17,Gula Pasir 1kg,5,15000
2024-06-17,Kopi Kapal Api Sachet,18,1500
2024-06-17,Sabun Mandi Lifebuoy,3,4500
2024-06-17,Deterjen Rinso 800g,5,12000
2024-06-17,Air Mineral Aqua 600ml,16,3000
2024-06-17,Teh Pucuk Harum 350ml,8,4000
2024-06-17,Rokok Gudang Garam,12,28000
2024-06-17,Telur Ayam (butir),12,2500
2024-06-17,Susu Ultra Milk 250ml,10,5500
2024-06-17,Roti Tawar Sari Roti,6,15000
2024-06-17,Mie Sedaap Goreng,6,3200
2024-06-17,Sambal ABC Sachet,16,2000
2024-06-18,Indomie Goreng,8,3500
2024-06-18,Minyak Goreng Bimoli 1L,2,18000
2024-06-18,Beras Premium 5kg,1,65000
2024-06-18,Gula Pasir 1kg,5,15000
2024-06-18,Kopi Kapal Api Sachet,14,1500
2024-06-18,Sabun Mandi Lifebuoy,8,4500
2024-06-18,Deterjen Rinso 800g,3,12000
2024-06-18,Air Mineral Aqua 600ml,22,3000
2024-06-18,Teh Pucuk Harum 350ml,13,4000
2024-06-18,Rokok Gudang Garam,8,28000
2024-06-18,Telur Ayam (butir),15,2500
2024-06-18,Susu Ultra Milk 250ml,8,5500
2024-06-18,Roti Tawar Sari Roti,3,15000
2024-06-18,Mie Sedaap Goreng,5,3200
2024-06-18,Sambal ABC Sachet,8,2000
2024-06-19,Indomie Goreng,11,3500
2024-06-19,Minyak Goreng Bimoli 1L,3,18000
2024-06-19,Beras Premium 5kg,1,65000
2024-06-19,Gula Pasir 1kg,4,15000
2024-06-19,Kopi Kapal Api Sachet,16,1500
2024-06-19,Sabun Mandi Lifebuoy,8,4500
2024-06-19,Deterjen Rinso 800g,2,12000
2024-06-19,Air Mineral Aqua 600ml,13,3000
2024-06-19,Teh Pucuk Harum 350ml,13,4000
2024-06-19,Rokok Gudang Garam,13,28000
2024-06-19,Telur Ayam (butir),16,2500
2024-06-19,Susu Ultra Milk 250ml,10,5500
2024-06-19,Roti Tawar Sari Roti,3,15000
2024-06-19,Mie Sedaap Goreng,5,3200
2024-06-19,Sambal ABC Sachet,11,2000
2024-06-20,Indomie Goreng,16,3500
2024-06-20,Minyak Goreng Bimoli 1L,5,18000
2024-06-20,Beras Premium 5kg,5,65000
2024-06-20,Gula Pasir 1kg,6,15000
2024-06-20,Kopi Kapal Api Sachet,14,1500
2024-06-20,Sabun Mandi Lifebuoy,2,4500
2024-06-20,Deterjen Rinso 800g,3,12000
2024-06-20,Air Mineral Aqua 600ml,24,3000
2024-06-20,Teh Pucuk Harum 350ml,7,4000
2024-06-20,Rokok Gudang Garam,10,28000
2024-06-20,Telur Ayam (butir),17,2500
2024-06-20,Susu Ultra Milk 250ml,7,5500
2024-06-20,Roti Tawar Sari Roti,4,15000
2024-06-20,Mie Sedaap Goreng,8,3200
2024-06-20,Sambal ABC Sachet,13,2000
2024-06-21,Indomie Goreng,15,3500
2024-06-21,Minyak Goreng Bimoli 1L,3,18000
2024-06-21,Beras Premium 5kg,4,65000
2024-06-21,Gula Pasir 1kg,7,15000
2024-06-21,Kopi Kapal Api Sachet,11,1500
2024-06-21,Sabun Mandi Lifebuoy,10,4500
2024-06-21,Deterjen Rinso 800g,4,12000
2024-06-21,Air Mineral Aqua 600ml,12,3000
2024-06-21,Teh Pucuk Harum 350ml,16,4000
2024-06-21,Rokok Gudang Garam,8,28000
2024-06-21,Telur Ayam (butir),10,2500
2024-06-21,Susu Ultra Milk 250ml,10,5500
2024-06-21,Roti Tawar Sari Roti,3,15000
2024-06-21,Mie Sedaap Goreng,6,3200
2024-06-21,Sambal ABC Sachet,14,2000
2024-06-22,Indomie Goreng,11,3500
2024-06-22,Minyak Goreng Bimoli 1L,4,18000
2024-06-22,Beras Premium 5kg,5,65000
2024-06-22,Gula Pasir 1kg,6,15000
2024-06-22,Kopi Kapal Api Sachet,20,1500
2024-06-22,Sabun Mandi Lifebuoy,5,4500
2024-06-22,Deterjen Rinso 800g,1,12000
2024-06-22,Air Mineral Aqua 600ml,28,3000
2024-06-22,Teh Pucuk Harum 350ml,13,4000
2024-06-22,Rokok Gudang Garam,13,28000
2024-06-22,Telur Ayam (butir),16,2500
2024-06-22,Susu Ultra Milk 250ml,8,5500
2024-06-22,Roti Tawar Sari Roti,7,15000
2024-06-22,Mie Sedaap Goreng,11,3200
2024-06-22,Sambal ABC Sachet,13,2000
2024-06-23,Indomie Goreng,15,3500
2024-06-23,Minyak Goreng Bimoli 1L,4,18000
2024-06-23,Kopi Kapal Api Sachet,19,1500
2024-06-23,Sabun Mandi Lifebuoy,4,4500
2024-06-23,Deterjen Rinso 800g,4,12000
2024-06-23,Air Mineral Aqua 600ml,15,3000
2024-06-23,Teh Pucuk Harum 350ml,22,4000
2024-06-23,Rokok Gudang Garam,8,28000
2024-06-23,Telur Ayam (butir),19,2500
2024-06-23,Susu Ultra Milk 250ml,13,5500
2024-06-23,Roti Tawar Sari Roti,5,15000
2024-06-23,Mie Sedaap Goreng,12,3200
2024-06-23,Sambal ABC Sachet,8,2000
2024-06-24,Indomie Goreng,12,3500
2024-06-24,Minyak Goreng Bimoli 1L,3,18000
2024-06-24,Beras Premium 5kg,5,65000
2024-06-24,Gula Pasir 1kg,7,15000
2024-06-24,Kopi Kapal Api Sachet,8,1500
2024-06-24,Sabun Mandi Lifebuoy,7,4500
2024-06-24,Deterjen Rinso 800g,7,12000
2024-06-24,Air Mineral Aqua 600ml,17,3000
2024-06-24,Teh Pucuk Harum 350ml,17,4000
2024-06-24,Rokok Gudang Garam,7,28000
2024-06-24,Telur Ayam (butir),13,2500
2024-06-24,Susu Ultra Milk 250ml,6,5500
2024-06-24,Roti Tawar Sari Roti,5,15000
2024-06-24,Mie Sedaap Goreng,12,3200
2024-06-24,Sambal ABC Sachet,9,2000
2024-06-25,Indomie Goreng,9,3500
2024-06-25,Minyak Goreng Bimoli 1L,1,18000
2024-06-25,Beras Premium 5kg,4,65000
2024-06-25,Gula Pasir 1kg,6,15000
2024-06-25,Kopi Kapal Api Sachet,8,1500
2024-06-25,Sabun Mandi Lifebuoy,4,4500
2024-06-25,Deterjen Rinso 800g,6,12000
2024-06-25,Air Mineral Aqua 600ml,20,3000
2024-06-25,Teh Pucuk Harum 350ml,13,4000
2024-06-25,Rokok Gudang Garam,12,28000
2024-06-25,Telur Ayam (butir),12,2500
2024-06-25,Susu Ultra Milk 250ml,7,5500
2024-06-25,Roti Tawar Sari Roti,3,15000
2024-06-25,Mie Sedaap Goreng,6,3200
2024-06-25,Sambal ABC Sachet,12,2000
2024-06-26,Indomie Goreng,8,3500
2024-06-26,Minyak Goreng Bimoli 1L,4,18000
2024-06-26,Beras Premium 5kg,6,65000
2024-06-26,Gula Pasir 1kg,4,15000
2024-06-26,Kopi Kapal Api Sachet,13,1500
2024-06-26,Sabun Mandi Lifebuoy,2,4500
2024-06-26,Deterjen Rinso 800g,5,12000
2024-06-26,Air Mineral Aqua 600ml,15,3000
2024-06-26,Teh Pucuk Harum 350ml,11,4000
2024-06-26,Rokok Gudang Garam,11,28000
2024-06-26,Telur Ayam (butir),18,2500
2024-06-26,Susu Ultra Milk 250ml,6,5500
2024-06-26,Roti Tawar Sari Roti,4,15000
2024-06-26,Mie Sedaap Goreng,11,3200
2024-06-26,Sambal ABC Sachet,9,2000
2024-06-27,Indomie Goreng,11,3500
2024-06-27,Minyak Goreng Bimoli 1L,3,18000
2024-06-27,Gula Pasir 1kg,5,15000
2024-06-27,Kopi Kapal Api Sachet,16,1500
2024-06-27,Sabun Mandi Lifebuoy,4,4500
2024-06-27,Deterjen Rinso 800g,2,12000
2024-06-27,Air Mineral Aqua 600ml,15,3000
2024-06-27,Teh Pucuk Harum 350ml,11,4000
2024-06-27,Rokok Gudang Garam,9,28000
2024-06-27,Telur Ayam (butir),20,2500
2024-06-27,Susu Ultra Milk 250ml,9,5500
2024-06-27,Roti Tawar Sari Roti,4,15000
2024-06-27,Mie Sedaap Goreng,11,3200
2024-06-27,Sambal ABC Sachet,13,2000
2024-06-28,Indomie Goreng,12,3500
2024-06-28,Minyak Goreng Bimoli 1L,5,18000
2024-06-28,Beras Premium 5kg,5,65000
2024-06-28,Gula Pasir 1kg,3,15000
2024-06-28,Kopi Kapal Api Sachet,15,1500
2024-06-28,Sabun Mandi Lifebuoy,3,4500
2024-06-28,Deterjen Rinso 800g,2,12000
2024-06-28,Air Mineral Aqua 600ml,21,3000
2024-06-28,Teh Pucuk Harum 350ml,16,4000
2024-06-28,Rokok Gudang Garam,10,28000
2024-06-28,Telur Ayam (butir),14,2500
2024-06-28,Susu Ultra Milk 250ml,12,5500
2024-06-28,Roti Tawar Sari Roti,1,15000
2024-06-28,Mie Sedaap Goreng,6,3200
2024-06-28,Sambal ABC Sachet,12,2000
2024-06-29,Indomie Goreng,19,3500
2024-06-29,Minyak Goreng Bimoli 1L,10,18000
2024-06-29,Beras Premium 5kg,1,65000
2024-06-29,Gula Pasir 1kg,2,15000
2024-06-29,Kopi Kapal Api Sachet,17,1500
2024-06-29,Sabun Mandi Lifebuoy,8,4500
2024-06-29,Deterjen Rinso 800g,1,12000
2024-06-29,Air Mineral Aqua 600ml,27,3000
2024-06-29,Teh Pucuk Harum 350ml,14,4000
2024-06-29,Rokok Gudang Garam,16,28000
2024-06-29,Telur Ayam (butir),18,2500
2024-06-29,Susu Ultra Milk 250ml,8,5500
2024-06-29,Roti Tawar Sari Roti,2,15000
2024-06-29,Mie Sedaap Goreng,20,3200
2024-06-29,Sambal ABC Sachet,10,2000
2024-06-30,Indomie Goreng,15,3500
2024-06-30,Minyak Goreng Bimoli 1L,12,18000
2024-06-30,Beras Premium 5kg,1,65000
2024-06-30,Gula Pasir 1kg,4,15000
2024-06-30,Kopi Kapal Api Sachet,11,1500
2024-06-30,Sabun Mandi Lifebuoy,11,4500
2024-06-30,Deterjen Rinso 800g,7,12000
2024-06-30,Air Mineral Aqua 600ml,25,3000
2024-06-30,Teh Pucuk Harum 350ml,11,4000
2024-06-30,Rokok Gudang Garam,8,28000
2024-06-30,Telur Ayam (butir),19,2500
2024-06-30,Susu Ultra Milk 250ml,15,5500
2024-06-30,Roti Tawar Sari Roti,2,15000
2024-06-30,Mie Sedaap Goreng,13,3200
2024-06-30,Sambal ABC Sachet,10,2000
2024-07-01,Indomie Goreng,8,3500
2024-07-01,Minyak Goreng Bimoli 1L,4,18000
2024-07-01,Beras Premium 5kg,2,65000
2024-07-01,Gula Pasir 1kg,7,15000
2024-07-01,Kopi Kapal Api Sachet,11,1500
2024-07-01,Sabun Mandi Lifebuoy,4,4500
2024-07-01,Deterjen Rinso 800g,4,12000
2024-07-01,Air Mineral Aqua 600ml,11,3000
2024-07-01,Teh Pucuk Harum 350ml,6,4000
2024-07-01,Rokok Gudang Garam,11,28000
2024-07-01,Telur Ayam (butir),20,2500
2024-07-01,Susu Ultra Milk 250ml,7,5500
2024-07-01,Roti Tawar Sari Roti,3,15000
2024-07-01,Mie Sedaap Goreng,3,3200
2024-07-01,Sambal ABC Sachet,8,2000
2024-07-02,Indomie Goreng,17,3500
2024-07-02,Minyak Goreng Bimoli 1L,4,18000
2024-07-02,Beras Premium 5kg,1,65000
2024-07-02,Gula Pasir 1kg,5,15000
2024-07-02,Kopi Kapal Api Sachet,19,1500
2024-07-02,Sabun Mandi Lifebuoy,5,4500
2024-07-02,Deterjen Rinso 800g,1,12000
2024-07-02,Air Mineral Aqua 600ml,15,3000
2024-07-02,Teh Pucuk Harum 350ml,16,4000
2024-07-02,Rokok Gudang Garam,12,28000
2024-07-02,Telur Ayam (butir),16,2500
2024-07-02,Susu Ultra Milk 250ml,10,5500
2024-07-02,Roti Tawar Sari Roti,4,15000
2024-07-02,Mie Sedaap Goreng,10,3200
2024-07-02,Sambal ABC Sachet,11,2000
2024-07-03,Indomie Goreng,18,3500
2024-07-03,Minyak Goreng Bimoli 1L,5,18000
2024-07-03,Beras Premium 5kg,4,65000
2024-07-03,Gula Pasir 1kg,5,15000
2024-07-03,Kopi Kapal Api Sachet,11,1500
2024-07-03,Sabun Mandi Lifebuoy,2,4500
2024-07-03,Deterjen Rinso 800g,4,12000
2024-07-03,Air Mineral Aqua 600ml,15,3000
2024-07-03,Teh Pucuk Harum 350ml,8,4000
2024-07-03,Rokok Gudang Garam,10,28000
2024-07-03,Telur Ayam (butir),14,2500
2024-07-03,Susu Ultra Milk 250ml,4,5500
2024-07-03,Roti Tawar Sari Roti,4,15000
2024-07-03,Mie Sedaap Goreng,12,3200
2024-07-03,Sambal ABC Sachet,8,2000
2024-07-04,Indomie Goreng,11,3500
2024-07-04,Minyak Goreng Bimoli 1L,6,18000
2024-07-04,Beras Premium 5kg,2,65000
2024-07-04,Gula Pasir 1kg,4,15000
2024-07-04,Kopi Kapal Api Sachet,13,1500
2024-07-04,Sabun Mandi Lifebuoy,8,4500
2024-07-04,Deterjen Rinso 800g,4,12000
2024-07-04,Air Mineral Aqua 600ml,15,3000
2024-07-04,Teh Pucuk Harum 350ml,11,4000
2024-07-04,Rokok Gudang Garam,5,28000
2024-07-04,Telur Ayam (butir),12,2500
2024-07-04,Susu Ultra Milk 250ml,8,5500
2024-07-04,Roti Tawar Sari Roti,2,15000
2024-07-04,Mie Sedaap Goreng,12,3200
2024-07-04,Sambal ABC Sachet,13,2000
2024-07-05,Indomie Goreng,13,3500
2024-07-05,Minyak Goreng Bimoli 1L,2,18000
2024-07-05,Beras Premium 5kg,1,65000
2024-07-05,Gula Pasir 1kg,3,15000
2024-07-05,Kopi Kapal Api Sachet,17,1500
2024-07-05,Sabun Mandi Lifebuoy,6,4500
2024-07-05,Deterjen Rinso 800g,1,12000
2024-07-05,Air Mineral Aqua 600ml,8,3000
2024-07-05,Teh Pucuk Harum 350ml,17,4000
2024-07-05,Rokok Gudang Garam,13,28000
2024-07-05,Telur Ayam (butir),12,2500
2024-07-05,Susu Ultra Milk 250ml,13,5500
2024-07-05,Roti Tawar Sari Roti,5,15000
2024-07-05,Mie Sedaap Goreng,7,3200
2024-07-05,Sambal ABC Sachet,10,2000
2024-07-06,Indomie Goreng,16,3500
2024-07-06,Minyak Goreng Bimoli 1L,6,18000
2024-07-06,Beras Premium 5kg,2,65000
2024-07-06,Gula Pasir 1kg,5,15000
2024-07-06,Kopi Kapal Api Sachet,19,1500
2024-07-06,Sabun Mandi Lifebuoy,8,4500
2024-07-06,Deterjen Rinso 800g,4,12000
2024-07-06,Air Mineral Aqua 600ml,22,3000
2024-07-06,Teh Pucuk Harum 350ml,10,4000
2024-07-06,Rokok Gudang Garam,6,28000
2024-07-06,Telur Ayam (butir),19,2500
2024-07-06,Susu Ultra Milk 250ml,11,5500
2024-07-06,Roti Tawar Sari Roti,2,15000
2024-07-06,Mie Sedaap Goreng,15,3200
2024-07-06,Sambal ABC Sachet,18,2000
2024-07-07,Indomie Goreng,11,3500
2024-07-07,Minyak Goreng Bimoli 1L,5,18000
2024-07-07,Beras Premium 5kg,4,65000
2024-07-07,Gula Pasir 1kg,4,15000
2024-07-07,Kopi Kapal Api Sachet,20,1500
2024-07-07,Sabun Mandi Lifebuoy,7,4500
2024-07-07,Deterjen Rinso 800g,3,12000
2024-07-07,Air Mineral Aqua 600ml,24,3000
2024-07-07,Teh Pucuk Harum 350ml,12,4000
2024-07-07,Rokok Gudang Garam,11,28000
2024-07-07,Telur Ayam (butir),17,2500
2024-07-07,Susu Ultra Milk 250ml,9,5500
2024-07-07,Roti Tawar Sari Roti,4,15000
2024-07-07,Mie Sedaap Goreng,8,3200
2024-07-07,Sambal ABC Sachet,11,2000
2024-07-08,Indomie Goreng,18,3500
2024-07-08,Minyak Goreng Bimoli 1L,1,18000
2024-07-08,Beras Premium 5kg,4,65000
2024-07-08,Gula Pasir 1kg,3,15000
2024-07-08,Kopi Kapal Api Sachet,23,1500
2024-07-08,Sabun Mandi Lifebuoy,3,4500
2024-07-08,Deterjen Rinso 800g,3,12000
2024-07-08,Air Mineral Aqua 600ml,19,3000
2024-07-08,Teh Pucuk Harum 350ml,16,4000
2024-07-08,Rokok Gudang Garam,5,28000
2024-07-08,Telur Ayam (butir),12,2500
2024-07-08,Susu Ultra Milk 250ml,7,5500
2024-07-08,Roti Tawar Sari Roti,1,15000
2024-07-08,Mie Sedaap Goreng,18,3200
2024-07-08,Sambal ABC Sachet,10,2000
2024-07-09,Indomie Goreng,8,3500
2024-07-09,Minyak Goreng Bimoli 1L,7,18000
2024-07-09,Beras Premium 5kg,3,65000
2024-07-09,Gula Pasir 1kg,4,15000
2024-07-09,Kopi Kapal Api Sachet,21,1500
2024-07-09,Sabun Mandi Lifebuoy,9,4500
2024-07-09,Deterjen Rinso 800g,2,12000
2024-07-09,Air Mineral Aqua 600ml,24,3000
2024-07-09,Teh Pucuk Harum 350ml,13,4000
2024-07-09,Rokok Gudang Garam,9,28000
2024-07-09,Telur Ayam (butir),16,2500
2024-07-09,Susu Ultra Milk 250ml,7,5500
2024-07-09,Roti Tawar Sari Roti,3,15000
2024-07-09,Mie Sedaap Goreng,11,3200
2024-07-09,Sambal ABC Sachet,19,2000
2024-07-10,Indomie Goreng,14,3500
2024-07-10,Minyak Goreng Bimoli 1L,5,18000
2024-07-10,Beras Premium 5kg,2,65000
2024-07-10,Gula Pasir 1kg,5,15000
2024-07-10,Kopi Kapal Api Sachet,12,1500
2024-07-10,Sabun Mandi Lifebuoy,5,4500
2024-07-10,Deterjen Rinso 800g,1,12000
2024-07-10,Air Mineral Aqua 600ml,20,3000
2024-07-10,Teh Pucuk Harum 350ml,11,4000
2024-07-10,Rokok Gudang Garam,14,28000
2024-07-10,Telur Ayam (butir),13,2500
2024-07-10,Susu Ultra Milk 250ml,6,5500
2024-07-10,Roti Tawar Sari Roti,10,15000
2024-07-10,Mie Sedaap Goreng,9,3200
2024-07-10,Sambal ABC Sachet,9,2000
2024-07-11,Indomie Goreng,12,3500
2024-07-11,Minyak Goreng Bimoli 1L,4,18000
2024-07-11,Beras Premium 5kg,4,65000
2024-07-11,Gula Pasir 1kg,2,15000
2024-07-11,Kopi Kapal Api Sachet,15,1500
2024-07-11,Sabun Mandi Lifebuoy,9,4500
2024-07-11,Deterjen Rinso 800g,2,12000
2024-07-11,Air Mineral Aqua 600ml,19,3000
2024-07-11,Teh Pucuk Harum 350ml,14,4000
2024-07-11,Rokok Gudang Garam,6,28000
2024-07-11,Telur Ayam (butir),20,2500
2024-07-11,Susu Ultra Milk 250ml,10,5500
2024-07-11,Roti Tawar Sari Roti,6,15000
2024-07-11,Mie Sedaap Goreng,8,3200
2024-07-11,Sambal ABC Sachet,9,2000
2024-07-12,Indomie Goreng,13,3500
2024-07-12,Minyak Goreng Bimoli 1L,8,18000
2024-07-12,Beras Premium 5kg,2,65000
2024-07-12,Gula Pasir 1kg,7,15000
2024-07-12,Kopi Kapal Api Sachet,20,1500
2024-07-12,Sabun Mandi Lifebuoy,10,4500
2024-07-12,Deterjen Rinso 800g,1,12000
2024-07-12,Air Mineral Aqua 600ml,14,3000
2024-07-12,Teh Pucuk Harum 350ml,8,4000
2024-07-12,Rokok Gudang Garam,8,28000
2024-07-12,Telur Ayam (butir),17,2500
2024-07-12,Susu Ultra Milk 250ml,5,5500
2024-07-12,Roti Tawar Sari Roti,2,15000
2024-07-12,Mie Sedaap Goreng,14,3200
2024-07-12,Sambal ABC Sachet,18,2000
2024-07-13,Indomie Goreng,17,3500
2024-07-13,Minyak Goreng Bimoli 1L,11,18000
2024-07-13,Gula Pasir 1kg,4,15000
2024-07-13,Kopi Kapal Api Sachet,29,1500
2024-07-13,Sabun Mandi Lifebuoy,2,4500
2024-07-13,Deterjen Rinso 800g,1,12000
2024-07-13,Air Mineral Aqua 600ml,25,3000
2024-07-13,Teh Pucuk Harum 350ml,12,4000
2024-07-13,Rokok Gudang Garam,9,28000
2024-07-13,Telur Ayam (butir),18,2500
2024-07-13,Susu Ultra Milk 250ml,11,5500
2024-07-13,Roti Tawar Sari Roti,4,15000
2024-07-13,Mie Sedaap Goreng,18,3200
2024-07-13,Sambal ABC Sachet,24,2000
2024-07-14,Indomie Goreng,18,3500
2024-07-14,Minyak Goreng Bimoli 1L,5,18000
2024-07-14,Beras Premium 5kg,1,65000
2024-07-14,Gula Pasir 1kg,7,15000
2024-07-14,Kopi Kapal Api Sachet,18,1500
2024-07-14,Sabun Mandi Lifebuoy,3,4500
2024-07-14,Deterjen Rinso 800g,2,12000
2024-07-14,Air Mineral Aqua 600ml,22,3000
2024-07-14,Teh Pucuk Harum 350ml,15,4000
2024-07-14,Rokok Gudang Garam,14,28000
2024-07-14,Telur Ayam (butir),23,2500
2024-07-14,Susu Ultra Milk 250ml,15,5500
2024-07-14,Roti Tawar Sari Roti,3,15000
2024-07-14,Mie Sedaap Goreng,11,3200
2024-07-14,Sambal ABC Sachet,10,2000
2024-07-15,Indomie Goreng,11,3500
2024-07-15,Minyak Goreng Bimoli 1L,1,18000
2024-07-15,Beras Premium 5kg,6,65000
2024-07-15,Gula Pasir 1kg,9,15000
2024-07-15,Kopi Kapal Api Sachet,16,1500
2024-07-15,Sabun Mandi Lifebuoy,6,4500
2024-07-15,Deterjen Rinso 800g,2,12000
2024-07-15,Air Mineral Aqua 600ml,22,3000
2024-07-15,Teh Pucuk Harum 350ml,13,4000
2024-07-15,Rokok Gudang Garam,7,28000
2024-07-15,Telur Ayam (butir),14,2500
2024-07-15,Susu Ultra Milk 250ml,7,5500
2024-07-15,Roti Tawar Sari Roti,5,15000
2024-07-15,Mie Sedaap Goreng,11,3200
2024-07-15,Sambal ABC Sachet,6,2000
2024-07-16,Indomie Goreng,14,3500
2024-07-16,Minyak Goreng Bimoli 1L,5,18000
2024-07-16,Beras Premium 5kg,1,65000
2024-07-16,Gula Pasir 1kg,6,15000
2024-07-16,Kopi Kapal Api Sachet,12,1500
2024-07-16,Sabun Mandi Lifebuoy,7,4500
2024-07-16,Deterjen Rinso 800g,2,12000
2024-07-16,Air Mineral Aqua 600ml,20,3000
2024-07-16,Teh Pucuk Harum 350ml,6,4000
2024-07-16,Rokok Gudang Garam,13,28000
2024-07-16,Telur Ayam (butir),14,2500
2024-07-16,Susu Ultra Milk 250ml,6,5500
2024-07-16,Roti Tawar Sari Roti,4,15000
2024-07-16,Mie Sedaap Goreng,2,3200
2024-07-16,Sambal ABC Sachet,14,2000
2024-07-17,Indomie Goreng,9,3500
2024-07-17,Minyak Goreng Bimoli 1L,6,18000
2024-07-17,Gula Pasir 1kg,6,15000
2024-07-17,Kopi Kapal Api Sachet,10,1500
2024-07-17,Sabun Mandi Lifebuoy,7,4500
2024-07-17,Deterjen Rinso 800g,4,12000
2024-07-17,Air Mineral Aqua 600ml,18,3000
2024-07-17,Teh Pucuk Harum 350ml,8,4000
2024-07-17,Rokok Gudang Garam,13,28000
2024-07-17,Telur Ayam (butir),17,2500
2024-07-17,Susu Ultra Milk 250ml,5,5500
2024-07-17,Roti Tawar Sari Roti,2,15000
2024-07-17,Mie Sedaap Goreng,7,3200
2024-07-17,Sambal ABC Sachet,16,2000
2024-07-18,Indomie Goreng,7,3500
2024-07-18,Minyak Goreng Bimoli 1L,7,18000
2024-07-18,Beras Premium 5kg,1,65000
2024-07-18,Gula Pasir 1kg,2,15000
2024-07-18,Kopi Kapal Api Sachet,25,1500
2024-07-18,Sabun Mandi Lifebuoy,5,4500
2024-07-18,Deterjen Rinso 800g,3,12000
2024-07-18,Air Mineral Aqua 600ml,19,3000
2024-07-18,Teh Pucuk Harum 350ml,10,4000
2024-07-18,Rokok Gudang Garam,12,28000
2024-07-18,Telur Ayam (butir),8,2500
2024-07-18,Susu Ultra Milk 250ml,15,5500
2024-07-18,Roti Tawar Sari Roti,4,15000
2024-07-18,Mie Sedaap Goreng,5,3200
2024-07-18,Sambal ABC Sachet,13,2000
2024-07-19,Indomie Goreng,4,3500
2024-07-19,Minyak Goreng Bimoli 1L,4,18000
2024-07-19,Gula Pasir 1kg,7,15000
2024-07-19,Kopi Kapal Api Sachet,16,1500
2024-07-19,Sabun Mandi Lifebuoy,6,4500
2024-07-19,Deterjen Rinso 800g,3,12000
2024-07-19,Air Mineral Aqua 600ml,21,3000
2024-07-19,Teh Pucuk Harum 350ml,17,4000
2024-07-19,Rokok Gudang Garam,9,28000
2024-07-19,Telur Ayam (butir),21,2500
2024-07-19,Susu Ultra Milk 250ml,9,5500
2024-07-19,Roti Tawar Sari Roti,5,15000
2024-07-19,Mie Sedaap Goreng,14,3200
2024-07-19,Sambal ABC Sachet,8,2000
2024-07-20,Indomie Goreng,14,3500
2024-07-20,Minyak Goreng Bimoli 1L,3,18000
2024-07-20,Beras Premium 5kg,5,65000
2024-07-20,Gula Pasir 1kg,5,15000
2024-07-20,Kopi Kapal Api Sachet,17,1500
2024-07-20,Sabun Mandi Lifebuoy,3,4500
2024-07-20,Deterjen Rinso 800g,7,12000
2024-07-20,Air Mineral Aqua 600ml,20,3000
2024-07-20,Teh Pucuk Harum 350ml,10,4000
2024-07-20,Rokok Gudang Garam,9,28000
2024-07-20,Telur Ayam (butir),14,2500
2024-07-20,Susu Ultra Milk 250ml,10,5500
2024-07-20,Roti Tawar Sari Roti,4,15000
2024-07-20,Mie Sedaap Goreng,12,3200
2024-07-20,Sambal ABC Sachet,11,2000
2024-07-21,Indomie Goreng,12,3500
2024-07-21,Minyak Goreng Bimoli 1L,7,18000
2024-07-21,Beras Premium 5kg,4,65000
2024-07-21,Gula Pasir 1kg,5,15000
2024-07-21,Kopi Kapal Api Sachet,22,1500
2024-07-21,Sabun Mandi Lifebuoy,8,4500
2024-07-21,Deterjen Rinso 800g,2,12000
2024-07-21,Air Mineral Aqua 600ml,23,3000
2024-07-21,Teh Pucuk Harum 350ml,17,4000
2024-07-21,Rokok Gudang Garam,11,28000
2024-07-21,Telur Ayam (butir),22,2500
2024-07-21,Susu Ultra Milk 250ml,10,5500
2024-07-21,Roti Tawar Sari Roti,9,15000
2024-07-21,Mie Sedaap Goreng,15,3200
2024-07-21,Sambal ABC Sachet,12,2000
2024-07-22,Indomie Goreng,11,3500
2024-07-22,Minyak Goreng Bimoli 1L,6,18000
2024-07-22,Beras Premium 5kg,4,65000
2024-07-22,Gula Pasir 1kg,4,15000
2024-07-22,Kopi Kapal Api Sachet,17,1500
2024-07-22,Sabun Mandi Lifebuoy,10,4500
2024-07-22,Deterjen Rinso 800g,6,12000
2024-07-22,Air Mineral Aqua 600ml,18,3000
2024-07-22,Teh Pucuk Harum 350ml,7,4000
2024-07-22,Rokok Gudang Garam,8,28000
2024-07-22,Telur Ayam (butir),5,2500
2024-07-22,Susu Ultra Milk 250ml,6,5500
2024-07-22,Roti Tawar Sari Roti,5,15000
2024-07-22,Mie Sedaap Goreng,8,3200
2024-07-22,Sambal ABC Sachet,11,2000
2024-07-23,Indomie Goreng,11,3500
2024-07-23,Minyak Goreng Bimoli 1L,2,18000
2024-07-23,Beras Premium 5kg,3,65000
2024-07-23,Gula Pasir 1kg,5,15000
2024-07-23,Kopi Kapal Api Sachet,13,1500
2024-07-23,Sabun Mandi Lifebuoy,8,4500
2024-07-23,Deterjen Rinso 800g,2,12000
2024-07-23,Air Mineral Aqua 600ml,26,3000
2024-07-23,Teh Pucuk Harum 350ml,16,4000
2024-07-23,Rokok Gudang Garam,8,28000
2024-07-23,Telur Ayam (butir),11,2500
2024-07-23,Susu Ultra Milk 250ml,8,5500
2024-07-23,Mie Sedaap Goreng,11,3200
2024-07-23,Sambal ABC Sachet,14,2000
2024-07-24,Indomie Goreng,19,3500
2024-07-24,Minyak Goreng Bimoli 1L,6,18000
2024-07-24,Beras Premium 5kg,4,65000
2024-07-24,Gula Pasir 1kg,6,15000
2024-07-24,Kopi Kapal Api Sachet,23,1500
2024-07-24,Sabun Mandi Lifebuoy,6,4500
2024-07-24,Deterjen Rinso 800g,4,12000
2024-07-24,Air Mineral Aqua 600ml,19,3000
2024-07-24,Teh Pucuk Harum 350ml,10,4000
2024-07-24,Rokok Gudang Garam,9,28000
2024-07-24,Telur Ayam (butir),19,2500
2024-07-24,Susu Ultra Milk 250ml,7,5500
2024-07-24,Roti Tawar Sari Roti,6,15000
2024-07-24,Mie Sedaap Goreng,13,3200
2024-07-24,Sambal ABC Sachet,13,2000
2024-07-25,Indomie Goreng,11,3500
2024-07-25,Minyak Goreng Bimoli 1L,6,18000
2024-07-25,Gula Pasir 1kg,4,15000
2024-07-25,Kopi Kapal Api Sachet,16,1500
2024-07-25,Sabun Mandi Lifebuoy,7,4500
2024-07-25,Deterjen Rinso 800g,2,12000
2024-07-25,Air Mineral Aqua 600ml,12,3000
2024-07-25,Teh Pucuk Harum 350ml,7,4000
2024-07-25,Rokok Gudang Garam,4,28000
2024-07-25,Telur Ayam (butir),14,2500
2024-07-25,Susu Ultra Milk 250ml,3,5500
2024-07-25,Roti Tawar Sari Roti,3,15000
2024-07-25,Mie Sedaap Goreng,13,3200
2024-07-25,Sambal ABC Sachet,7,2000
2024-07-26,Indomie Goreng,12,3500
2024-07-26,Minyak Goreng Bimoli 1L,6,18000
2024-07-26,Beras Premium 5kg,1,65000
2024-07-26,Gula Pasir 1kg,3,15000
2024-07-26,Kopi Kapal Api Sachet,14,1500
2024-07-26,Sabun Mandi Lifebuoy,5,4500
2024-07-26,Deterjen Rinso 800g,8,12000
2024-07-26,Air Mineral Aqua 600ml,18,3000
2024-07-26,Teh Pucuk Harum 350ml,11,4000
2024-07-26,Rokok Gudang Garam,6,28000
2024-07-26,Telur Ayam (butir),16,2500
2024-07-26,Susu Ultra Milk 250ml,11,5500
2024-07-26,Roti Tawar Sari Roti,6,15000
2024-07-26,Mie Sedaap Goreng,7,3200
2024-07-26,Sambal ABC Sachet,8,2000
2024-07-27,Indomie Goreng,11,3500
2024-07-27,Minyak Goreng Bimoli 1L,3,18000
2024-07-27,Beras Premium 5kg,6,65000
2024-07-27,Gula Pasir 1kg,5,15000
2024-07-27,Kopi Kapal Api Sachet,24,1500
2024-07-27,Sabun Mandi Lifebuoy,8,4500
2024-07-27,Deterjen Rinso 800g,5,12000
2024-07-27,Air Mineral Aqua 600ml,18,3000
2024-07-27,Teh Pucuk Harum 350ml,16,4000
2024-07-27,Rokok Gudang Garam,6,28000
2024-07-27,Telur Ayam (butir),16,2500
2024-07-27,Susu Ultra Milk 250ml,10,5500
2024-07-27,Roti Tawar Sari Roti,1,15000
2024-07-27,Mie Sedaap Goreng,8,3200
2024-07-27,Sambal ABC Sachet,16,2000
2024-07-28,Indomie Goreng,15,3500
2024-07-28,Minyak Goreng Bimoli 1L,6,18000
2024-07-28,Beras Premium 5kg,1,65000
2024-07-28,Gula Pasir 1kg,4,15000
2024-07-28,Kopi Kapal Api Sachet,12,1500
2024-07-28,Sabun Mandi Lifebuoy,5,4500
2024-07-28,Deterjen Rinso 800g,5,12000
2024-07-28,Air Mineral Aqua 600ml,25,3000
2024-07-28,Teh Pucuk Harum 350ml,6,4000
2024-07-28,Rokok Gudang Garam,15,28000
2024-07-28,Telur Ayam (butir),17,2500
2024-07-28,Susu Ultra Milk 250ml,6,5500
2024-07-28,Roti Tawar Sari Roti,4,15000
2024-07-28,Mie Sedaap Goreng,12,3200
2024-07-28,Sambal ABC Sachet,11,2000
2024-07-29,Indomie Goreng,11,3500
2024-07-29,Minyak Goreng Bimoli 1L,4,18000
2024-07-29,Beras Premium 5kg,2,65000
2024-07-29,Gula Pasir 1kg,7,15000
2024-07-29,Kopi Kapal Api Sachet,11,1500
2024-07-29,Sabun Mandi Lifebuoy,5,4500
2024-07-29,Deterjen Rinso 800g,4,12000
2024-07-29,Air Mineral Aqua 600ml,10,3000
2024-07-29,Teh Pucuk Harum 350ml,12,4000
2024-07-29,Rokok Gudang Garam,8,28000
2024-07-29,Telur Ayam (butir),8,2500
2024-07-29,Susu Ultra Milk 250ml,4,5500
2024-07-29,Roti Tawar Sari Roti,3,15000
2024-07-29,Mie Sedaap Goreng,8,3200
2024-07-29,Sambal ABC Sachet,12,2000
2024-07-30,Indomie Goreng,12,3500
2024-07-30,Minyak Goreng Bimoli 1L,5,18000
2024-07-30,Beras Premium 5kg,2,65000
2024-07-30,Gula Pasir 1kg,5,15000
2024-07-30,Kopi Kapal Api Sachet,12,1500
2024-07-30,Sabun Mandi Lifebuoy,5,4500
2024-07-30,Deterjen Rinso 800g,4,12000
2024-07-30,Air Mineral Aqua 600ml,19,3000
2024-07-30,Teh Pucuk Harum 350ml,11,4000
2024-07-30,Rokok Gudang Garam,7,28000
2024-07-30,Telur Ayam (butir),11,2500
2024-07-30,Susu Ultra Milk 250ml,5,5500
2024-07-30,Roti Tawar Sari Roti,7,15000
2024-07-30,Mie Sedaap Goreng,8,3200
2024-07-30,Sambal ABC Sachet,10,2000
2024-07-31,Indomie Goreng,10,3500
2024-07-31,Minyak Goreng Bimoli 1L,12,18000
2024-07-31,Beras Premium 5kg,5,65000
2024-07-31,Gula Pasir 1kg,7,15000
2024-07-31,Kopi Kapal Api Sachet,14,1500
2024-07-31,Sabun Mandi Lifebuoy,4,4500
2024-07-31,Deterjen Rinso 800g,3,12000
2024-07-31,Air Mineral Aqua 600ml,15,3000
2024-07-31,Teh Pucuk Harum 350ml,14,4000
2024-07-31,Rokok Gudang Garam,9,28000
2024-07-31,Telur Ayam (butir),16,2500
2024-07-31,Susu Ultra Milk 250ml,5,5500
2024-07-31,Roti Tawar Sari Roti,3,15000
2024-07-31,Mie Sedaap Goreng,7,3200
2024-07-31,Sambal ABC Sachet,10,2000
2024-08-01,Indomie Goreng,10,3500
2024-08-01,Minyak Goreng Bimoli 1L,2,18000
2024-08-01,Beras Premium 5kg,2,65000
2024-08-01,Gula Pasir 1kg,2,15000
2024-08-01,Kopi Kapal Api Sachet,14,1500
2024-08-01,Sabun Mandi Lifebuoy,6,4500
2024-08-01,Deterjen Rinso 800g,4,12000
2024-08-01,Air Mineral Aqua 600ml,22,3000
2024-08-01,Teh Pucuk Harum 350ml,9,4000
2024-08-01,Rokok Gudang Garam,12,28000
2024-08-01,Telur Ayam (butir),20,2500
2024-08-01,Susu Ultra Milk 250ml,9,5500
2024-08-01,Roti Tawar Sari Roti,4,15000
2024-08-01,Mie Sedaap Goreng,10,3200
2024-08-01,Sambal ABC Sachet,12,2000
2024-08-02,Indomie Goreng,11,3500
2024-08-02,Minyak Goreng Bimoli 1L,3,18000
2024-08-02,Beras Premium 5kg,3,65000
2024-08-02,Gula Pasir 1kg,4,15000
2024-08-02,Kopi Kapal Api Sachet,13,1500
2024-08-02,Sabun Mandi Lifebuoy,6,4500
2024-08-02,Deterjen Rinso 800g,4,12000
2024-08-02,Air Mineral Aqua 600ml,17,3000
2024-08-02,Teh Pucuk Harum 350ml,13,4000
2024-08-02,Rokok Gudang Garam,6,28000
2024-08-02,Telur Ayam (butir),18,2500
2024-08-02,Susu Ultra Milk 250ml,9,5500
2024-08-02,Roti Tawar Sari Roti,3,15000
2024-08-02,Mie Sedaap Goreng,6,3200
2024-08-02,Sambal ABC Sachet,13,2000
2024-08-03,Indomie Goreng,21,3500
2024-08-03,Minyak Goreng Bimoli 1L,9,18000
2024-08-03,Beras Premium 5kg,1,65000
2024-08-03,Gula Pasir 1kg,3,15000
2024-08-03,Kopi Kapal Api Sachet,23,1500
2024-08-03,Sabun Mandi Lifebuoy,6,4500
2024-08-03,Deterjen Rinso 800g,4,12000
2024-08-03,Air Mineral Aqua 600ml,26,3000
2024-08-03,Teh Pucuk Harum 350ml,15,4000
2024-08-03,Rokok Gudang Garam,8,28000
2024-08-03,Telur Ayam (butir),21,2500
2024-08-03,Susu Ultra Milk 250ml,7,5500
2024-08-03,Roti Tawar Sari Roti,4,15000
2024-08-03,Mie Sedaap Goreng,16,3200
2024-08-03,Sambal ABC Sachet,14,2000
2024-08-04,Indomie Goreng,17,3500
2024-08-04,Minyak Goreng Bimoli 1L,4,18000
2024-08-04,Beras Premium 5kg,5,65000
2024-08-04,Gula Pasir 1kg,8,15000
2024-08-04,Kopi Kapal Api Sachet,12,1500
2024-08-04,Sabun Mandi Lifebuoy,3,4500
2024-08-04,Deterjen Rinso 800g,5,12000
2024-08-04,Air Mineral Aqua 600ml,28,3000
2024-08-04,Teh Pucuk Harum 350ml,15,4000
2024-08-04,Rokok Gudang Garam,8,28000
2024-08-04,Telur Ayam (butir),22,2500
2024-08-04,Susu Ultra Milk 250ml,16,5500
2024-08-04,Roti Tawar Sari Roti,5,15000
2024-08-04,Mie Sedaap Goreng,13,3200
2024-08-04,Sambal ABC Sachet,17,2000
2024-08-05,Indomie Goreng,11,3500
2024-08-05,Minyak Goreng Bimoli 1L,6,18000
2024-08-05,Gula Pasir 1kg,4,15000
2024-08-05,Kopi Kapal Api Sachet,12,1500
2024-08-05,Sabun Mandi Lifebuoy,5,4500
2024-08-05,Deterjen Rinso 800g,1,12000
2024-08-05,Air Mineral Aqua 600ml,22,3000
2024-08-05,Teh Pucuk Harum 350ml,13,4000
2024-08-05,Rokok Gudang Garam,9,28000
2024-08-05,Telur Ayam (butir),18,2500
2024-08-05,Susu Ultra Milk 250ml,7,5500
2024-08-05,Roti Tawar Sari Roti,5,15000
2024-08-05,Mie Sedaap Goreng,4,3200
2024-08-05,Sambal ABC Sachet,11,2000
2024-08-06,Indomie Goreng,12,3500
2024-08-06,Minyak Goreng Bimoli 1L,3,18000
2024-08-06,Beras Premium 5kg,1,65000
2024-08-06,Gula Pasir 1kg,4,15000
2024-08-06,Kopi Kapal Api Sachet,18,1500
2024-08-06,Sabun Mandi Lifebuoy,5,4500
2024-08-06,Deterjen Rinso 800g,6,12000
2024-08-06,Air Mineral Aqua 600ml,23,3000
2024-08-06,Teh Pucuk Harum 350ml,11,4000
2024-08-06,Rokok Gudang Garam,8,28000
2024-08-06,Telur Ayam (butir),14,2500
2024-08-06,Susu Ultra Milk 250ml,7,5500
2024-08-06,Roti Tawar Sari Roti,2,15000
2024-08-06,Mie Sedaap Goreng,6,3200
2024-08-06,Sambal ABC Sachet,10,2000
2024-08-07,Indomie Goreng,17,3500
2024-08-07,Minyak Goreng Bimoli 1L,2,18000
2024-08-07,Beras Premium 5kg,3,65000
2024-08-07,Gula Pasir 1kg,5,15000
2024-08-07,Kopi Kapal Api Sachet,14,1500
2024-08-07,Sabun Mandi Lifebuoy,5,4500
2024-08-07,Deterjen Rinso 800g,2,12000
2024-08-07,Air Mineral Aqua 600ml,21,3000
2024-08-07,Teh Pucuk Harum 350ml,11,4000
2024-08-07,Rokok Gudang Garam,5,28000
2024-08-07,Telur Ayam (butir),16,2500
2024-08-07,Susu Ultra Milk 250ml,6,5500
2024-08-07,Roti Tawar Sari Roti,4,15000
2024-08-07,Mie Sedaap Goreng,7,3200
2024-08-07,Sambal ABC Sachet,15,2000
2024-08-08,Indomie Goreng,17,3500
2024-08-08,Minyak Goreng Bimoli 1L,6,18000
2024-08-08,Beras Premium 5kg,3,65000
2024-08-08,Gula Pasir 1kg,3,15000
2024-08-08,Kopi Kapal Api Sachet,21,1500
2024-08-08,Sabun Mandi Lifebuoy,3,4500
2024-08-08,Deterjen Rinso 800g,3,12000
2024-08-08,Air Mineral Aqua 600ml,16,3000
2024-08-08,Teh Pucuk Harum 350ml,17,4000
2024-08-08,Rokok Gudang Garam,7,28000
2024-08-08,Telur Ayam (butir),11,2500
2024-08-08,Susu Ultra Milk 250ml,7,5500
2024-08-08,Roti Tawar Sari Roti,2,15000
2024-08-08,Mie Sedaap Goreng,7,3200
2024-08-08,Sambal ABC Sachet,10,2000
2024-08-09,Indomie Goreng,9,3500
2024-08-09,Minyak Goreng Bimoli 1L,3,18000
2024-08-09,Beras Premium 5kg,2,65000
2024-08-09,Gula Pasir 1kg,5,15000
2024-08-09,Kopi Kapal Api Sachet,16,1500
2024-08-09,Sabun Mandi Lifebuoy,5,4500
2024-08-09,Deterjen Rinso 800g,4,12000
2024-08-09,Air Mineral Aqua 600ml,9,3000
2024-08-09,Teh Pucuk Harum 350ml,16,4000
2024-08-09,Rokok Gudang Garam,5,28000
2024-08-09,Telur Ayam (butir),14,2500
2024-08-09,Susu Ultra Milk 250ml,9,5500
2024-08-09,Roti Tawar Sari Roti,2,15000
2024-08-09,Mie Sedaap Goreng,11,3200
2024-08-09,Sambal ABC Sachet,11,2000
2024-08-10,Indomie Goreng,14,3500
2024-08-10,Minyak Goreng Bimoli 1L,9,18000
2024-08-10,Beras Premium 5kg,5,65000
2024-08-10,Gula Pasir 1kg,4,15000
2024-08-10,Kopi Kapal Api Sachet,19,1500
2024-08-10,Sabun Mandi Lifebuoy,3,4500
2024-08-10,Deterjen Rinso 800g,1,12000
2024-08-10,Air Mineral Aqua 600ml,40,3000
2024-08-10,Teh Pucuk Harum 350ml,13,4000
2024-08-10,Rokok Gudang Garam,10,28000
2024-08-10,Telur Ayam (butir),8,2500
2024-08-10,Susu Ultra Milk 250ml,15,5500
2024-08-10,Roti Tawar Sari Roti,5,15000
2024-08-10,Mie Sedaap Goreng,13,3200
2024-08-10,Sambal ABC Sachet,12,2000
2024-08-11,Indomie Goreng,15,3500
2024-08-11,Minyak Goreng Bimoli 1L,4,18000
2024-08-11,Beras Premium 5kg,6,65000
2024-08-11,Gula Pasir 1kg,7,15000
2024-08-11,Kopi Kapal Api Sachet,16,1500
2024-08-11,Sabun Mandi Lifebuoy,3,4500
2024-08-11,Deterjen Rinso 800g,2,12000
2024-08-11,Air Mineral Aqua 600ml,14,3000
2024-08-11,Teh Pucuk Harum 350ml,10,4000
2024-08-11,Rokok Gudang Garam,8,28000
2024-08-11,Telur Ayam (butir),23,2500
2024-08-11,Susu Ultra Milk 250ml,14,5500
2024-08-11,Roti Tawar Sari Roti,1,15000
2024-08-11,Mie Sedaap Goreng,14,3200
2024-08-11,Sambal ABC Sachet,13,2000
2024-08-12,Indomie Goreng,4,3500
2024-08-12,Minyak Goreng Bimoli 1L,8,18000
2024-08-12,Beras Premium 5kg,3,65000
2024-08-12,Gula Pasir 1kg,7,15000
2024-08-12,Kopi Kapal Api Sachet,7,1500
2024-08-12,Sabun Mandi Lifebuoy,6,4500
2024-08-12,Deterjen Rinso 800g,5,12000
2024-08-12,Air Mineral Aqua 600ml,18,3000
2024-08-12,Teh Pucuk Harum 350ml,12,4000
2024-08-12,Rokok Gudang Garam,6,28000
2024-08-12,Telur Ayam (butir),16,2500
2024-08-12,Susu Ultra Milk 250ml,9,5500
2024-08-12,Roti Tawar Sari Roti,6,15000
2024-08-12,Mie Sedaap Goreng,11,3200
2024-08-12,Sambal ABC Sachet,18,2000
2024-08-13,Indomie Goreng,14,3500
2024-08-13,Minyak Goreng Bimoli 1L,7,18000
2024-08-13,Beras Premium 5kg,5,65000
2024-08-13,Gula Pasir 1kg,4,15000
2024-08-13,Kopi Kapal Api Sachet,13,1500
2024-08-13,Sabun Mandi Lifebuoy,3,4500
2024-08-13,Deterjen Rinso 800g,3,12000
2024-08-13,Air Mineral Aqua 600ml,17,3000
2024-08-13,Teh Pucuk Harum 350ml,12,4000
2024-08-13,Rokok Gudang Garam,12,28000
2024-08-13,Telur Ayam (butir),13,2500
2024-08-13,Susu Ultra Milk 250ml,5,5500
2024-08-13,Mie Sedaap Goreng,16,3200
2024-08-13,Sambal ABC Sachet,8,2000
2024-08-14,Indomie Goreng,8,3500
2024-08-14,Minyak Goreng Bimoli 1L,7,18000
2024-08-14,Gula Pasir 1kg,1,15000
2024-08-14,Kopi Kapal Api Sachet,11,1500
2024-08-14,Sabun Mandi Lifebuoy,7,4500
2024-08-14,Deterjen Rinso 800g,5,12000
2024-08-14,Air Mineral Aqua 600ml,14,3000
2024-08-14,Teh Pucuk Harum 350ml,11,4000
2024-08-14,Rokok Gudang Garam,7,28000
2024-08-14,Telur Ayam (butir),16,2500
2024-08-14,Susu Ultra Milk 250ml,6,5500
2024-08-14,Roti Tawar Sari Roti,8,15000
2024-08-14,Mie Sedaap Goreng,3,3200
2024-08-14,Sambal ABC Sachet,14,2000
2024-08-15,Indomie Goreng,14,3500
2024-08-15,Minyak Goreng Bimoli 1L,2,18000
2024-08-15,Beras Premium 5kg,2,65000
2024-08-15,Gula Pasir 1kg,1,15000
2024-08-15,Kopi Kapal Api Sachet,25,1500
2024-08-15,Sabun Mandi Lifebuoy,5,4500
2024-08-15,Deterjen Rinso 800g,3,12000
2024-08-15,Air Mineral Aqua 600ml,18,3000
2024-08-15,Teh Pucuk Harum 350ml,9,4000
2024-08-15,Rokok Gudang Garam,6,28000
2024-08-15,Telur Ayam (butir),10,2500
2024-08-15,Susu Ultra Milk 250ml,8,5500
2024-08-15,Roti Tawar Sari Roti,2,15000
2024-08-15,Mie Sedaap Goreng,8,3200
2024-08-15,Sambal ABC Sachet,19,2000
2024-08-16,Indomie Goreng,15,3500
2024-08-16,Minyak Goreng Bimoli 1L,7,18000
2024-08-16,Beras Premium 5kg,6,65000
2024-08-16,Gula Pasir 1kg,4,15000
2024-08-16,Kopi Kapal Api Sachet,18,1500
2024-08-16,Sabun Mandi Lifebuoy,8,4500
2024-08-16,Deterjen Rinso 800g,5,12000
2024-08-16,Air Mineral Aqua 600ml,19,3000
2024-08-16,Teh Pucuk Harum 350ml,17,4000
2024-08-16,Rokok Gudang Garam,4,28000
2024-08-16,Telur Ayam (butir),18,2500
2024-08-16,Susu Ultra Milk 250ml,6,5500
2024-08-16,Roti Tawar Sari Roti,3,15000
2024-08-16,Mie Sedaap Goreng,7,3200
2024-08-16,Sambal ABC Sachet,11,2000
2024-08-17,Indomie Goreng,12,3500
2024-08-17,Minyak Goreng Bimoli 1L,5,18000
2024-08-17,Beras Premium 5kg,2,65000
2024-08-17,Gula Pasir 1kg,3,15000
2024-08-17,Kopi Kapal Api Sachet,17,1500
2024-08-17,Sabun Mandi Lifebuoy,7,4500
2024-08-17,Deterjen Rinso 800g,4,12000
2024-08-17,Air Mineral Aqua 600ml,31,3000
2024-08-17,Teh Pucuk Harum 350ml,15,4000
2024-08-17,Rokok Gudang Garam,14,28000
2024-08-17,Telur Ayam (butir),18,2500
2024-08-17,Susu Ultra Milk 250ml,10,5500
2024-08-17,Roti Tawar Sari Roti,5,15000
2024-08-17,Mie Sedaap Goreng,12,3200
2024-08-17,Sambal ABC Sachet,12,2000
2024-08-18,Indomie Goreng,18,3500
2024-08-18,Minyak Goreng Bimoli 1L,7,18000
2024-08-18,Beras Premium 5kg,1,65000
2024-08-18,Gula Pasir 1kg,8,15000
2024-08-18,Kopi Kapal Api Sachet,21,1500
2024-08-18,Sabun Mandi Lifebuoy,10,4500
2024-08-18,Deterjen Rinso 800g,4,12000
2024-08-18,Air Mineral Aqua 600ml,27,3000
2024-08-18,Teh Pucuk Harum 350ml,12,4000
2024-08-18,Rokok Gudang Garam,6,28000
2024-08-18,Telur Ayam (butir),8,2500
2024-08-18,Susu Ultra Milk 250ml,10,5500
2024-08-18,Roti Tawar Sari Roti,7,15000
2024-08-18,Mie Sedaap Goreng,11,3200
2024-08-18,Sambal ABC Sachet,14,2000
2024-08-19,Indomie Goreng,10,3500
2024-08-19,Minyak Goreng Bimoli 1L,5,18000
2024-08-19,Beras Premium 5kg,6,65000
2024-08-19,Gula Pasir 1kg,3,15000
2024-08-19,Kopi Kapal Api Sachet,14,1500
2024-08-19,Sabun Mandi Lifebuoy,5,4500
2024-08-19,Deterjen Rinso 800g,6,12000
2024-08-19,Air Mineral Aqua 600ml,18,3000
2024-08-19,Teh Pucuk Harum 350ml,18,4000
2024-08-19,Rokok Gudang Garam,4,28000
2024-08-19,Telur Ayam (butir),18,2500
2024-08-19,Susu Ultra Milk 250ml,9,5500
2024-08-19,Roti Tawar Sari Roti,6,15000
2024-08-19,Mie Sedaap Goreng,9,3200
2024-08-19,Sambal ABC Sachet,11,2000
2024-08-20,Indomie Goreng,9,3500
2024-08-20,Minyak Goreng Bimoli 1L,6,18000
2024-08-20,Beras Premium 5kg,1,65000
2024-08-20,Gula Pasir 1kg,3,15000
2024-08-20,Kopi Kapal Api Sachet,16,1500
2024-08-20,Sabun Mandi Lifebuoy,8,4500
2024-08-20,Deterjen Rinso 800g,4,12000
2024-08-20,Air Mineral Aqua 600ml,23,3000
2024-08-20,Teh Pucuk Harum 350ml,2,4000
2024-08-20,Rokok Gudang Garam,11,28000
2024-08-20,Telur Ayam (butir),15,2500
2024-08-20,Susu Ultra Milk 250ml,10,5500
2024-08-20,Roti Tawar Sari Roti,6,15000
2024-08-20,Mie Sedaap Goreng,7,3200
2024-08-20,Sambal ABC Sachet,14,2000
2024-08-21,Indomie Goreng,13,3500
2024-08-21,Minyak Goreng Bimoli 1L,6,18000
2024-08-21,Beras Premium 5kg,1,65000
2024-08-21,Gula Pasir 1kg,8,15000
2024-08-21,Kopi Kapal Api Sachet,13,1500
2024-08-21,Sabun Mandi Lifebuoy,2,4500
2024-08-21,Deterjen Rinso 800g,10,12000
2024-08-21,Air Mineral Aqua 600ml,22,3000
2024-08-21,Teh Pucuk Harum 350ml,17,4000
2024-08-21,Rokok Gudang Garam,3,28000
2024-08-21,Telur Ayam (butir),15,2500
2024-08-21,Susu Ultra Milk 250ml,5,5500
2024-08-21,Roti Tawar Sari Roti,1,15000
2024-08-21,Mie Sedaap Goreng,7,3200
2024-08-21,Sambal ABC Sachet,12,2000
2024-08-22,Indomie Goreng,13,3500
2024-08-22,Minyak Goreng Bimoli 1L,5,18000
2024-08-22,Beras Premium 5kg,5,65000
2024-08-22,Gula Pasir 1kg,4,15000
2024-08-22,Kopi Kapal Api Sachet,14,1500
2024-08-22,Sabun Mandi Lifebuoy,7,4500
2024-08-22,Deterjen Rinso 800g,3,12000
2024-08-22,Air Mineral Aqua 600ml,19,3000
2024-08-22,Teh Pucuk Harum 350ml,9,4000
2024-08-22,Rokok Gudang Garam,11,28000
2024-08-22,Telur Ayam (butir),19,2500
2024-08-22,Susu Ultra Milk 250ml,7,5500
2024-08-22,Roti Tawar Sari Roti,4,15000
2024-08-22,Mie Sedaap Goreng,7,3200
2024-08-22,Sambal ABC Sachet,11,2000
2024-08-23,Indomie Goreng,13,3500
2024-08-23,Minyak Goreng Bimoli 1L,6,18000
2024-08-23,Beras Premium 5kg,3,65000
2024-08-23,Gula Pasir 1kg,1,15000
2024-08-23,Kopi Kapal Api Sachet,14,1500
2024-08-23,Sabun Mandi Lifebuoy,4,4500
2024-08-23,Deterjen Rinso 800g,3,12000
2024-08-23,Air Mineral Aqua 600ml,12,3000
2024-08-23,Teh Pucuk Harum 350ml,20,4000
2024-08-23,Rokok Gudang Garam,15,28000
2024-08-23,Telur Ayam (butir),18,2500
2024-08-23,Susu Ultra Milk 250ml,8,5500
2024-08-23,Roti Tawar Sari Roti,6,15000
2024-08-23,Mie Sedaap Goreng,7,3200
2024-08-23,Sambal ABC Sachet,10,2000
2024-08-24,Indomie Goreng,14,3500
2024-08-24,Minyak Goreng Bimoli 1L,11,18000
2024-08-24,Beras Premium 5kg,4,65000
2024-08-24,Gula Pasir 1kg,5,15000
2024-08-24,Kopi Kapal Api Sachet,15,1500
2024-08-24,Sabun Mandi Lifebuoy,6,4500
2024-08-24,Deterjen Rinso 800g,6,12000
2024-08-24,Air Mineral Aqua 600ml,25,3000
2024-08-24,Teh Pucuk Harum 350ml,14,4000
2024-08-24,Rokok Gudang Garam,12,28000
2024-08-24,Telur Ayam (butir),19,2500
2024-08-24,Susu Ultra Milk 250ml,6,5500
2024-08-24,Roti Tawar Sari Roti,4,15000
2024-08-24,Mie Sedaap Goreng,5,3200
2024-08-24,Sambal ABC Sachet,14,2000
2024-08-25,Indomie Goreng,18,3500
2024-08-25,Minyak Goreng Bimoli 1L,5,18000
2024-08-25,Beras Premium 5kg,5,65000
2024-08-25,Gula Pasir 1kg,7,15000
2024-08-25,Kopi Kapal Api Sachet,15,1500
2024-08-25,Sabun Mandi Lifebuoy,7,4500
2024-08-25,Deterjen Rinso 800g,3,12000
2024-08-25,Air Mineral Aqua 600ml,32,3000
2024-08-25,Teh Pucuk Harum 350ml,15,4000
2024-08-25,Rokok Gudang Garam,15,28000
2024-08-25,Telur Ayam (butir),17,2500
2024-08-25,Susu Ultra Milk 250ml,9,5500
2024-08-25,Roti Tawar Sari Roti,5,15000
2024-08-25,Mie Sedaap Goreng,18,3200
2024-08-25,Sambal ABC Sachet,16,2000
2024-08-26,Indomie Goreng,14,3500
2024-08-26,Minyak Goreng Bimoli 1L,8,18000
2024-08-26,Beras Premium 5kg,5,65000
2024-08-26,Gula Pasir 1kg,12,15000
2024-08-26,Kopi Kapal Api Sachet,12,1500
2024-08-26,Sabun Mandi Lifebuoy,1,4500
2024-08-26,Deterjen Rinso 800g,1,12000
2024-08-26,Air Mineral Aqua 600ml,23,3000
2024-08-26,Teh Pucuk Harum 350ml,9,4000
2024-08-26,Rokok Gudang Garam,9,28000
2024-08-26,Telur Ayam (butir),11,2500
2024-08-26,Susu Ultra Milk 250ml,6,5500
2024-08-26,Roti Tawar Sari Roti,4,15000
2024-08-26,Mie Sedaap Goreng,10,3200
2024-08-26,Sambal ABC Sachet,14,2000
2024-08-27,Indomie Goreng,13,3500
2024-08-27,Minyak Goreng Bimoli 1L,5,18000
2024-08-27,Beras Premium 5kg,3,65000
2024-08-27,Gula Pasir 1kg,7,15000
2024-08-27,Kopi Kapal Api Sachet,8,1500
2024-08-27,Sabun Mandi Lifebuoy,4,4500
2024-08-27,Deterjen Rinso 800g,5,12000
2024-08-27,Air Mineral Aqua 600ml,18,3000
2024-08-27,Teh Pucuk Harum 350ml,15,4000
2024-08-27,Rokok Gudang Garam,12,28000
2024-08-27,Telur Ayam (butir),15,2500
2024-08-27,Susu Ultra Milk 250ml,7,5500
2024-08-27,Roti Tawar Sari Roti,4,15000
2024-08-27,Mie Sedaap Goreng,15,3200
2024-08-27,Sambal ABC Sachet,12,2000
2024-08-28,Indomie Goreng,5,3500
2024-08-28,Minyak Goreng Bimoli 1L,1,18000
2024-08-28,Beras Premium 5kg,4,65000
2024-08-28,Gula Pasir 1kg,7,15000
2024-08-28,Kopi Kapal Api Sachet,16,1500
2024-08-28,Sabun Mandi Lifebuoy,8,4500
2024-08-28,Deterjen Rinso 800g,3,12000
2024-08-28,Air Mineral Aqua 600ml,17,3000
2024-08-28,Teh Pucuk Harum 350ml,13,4000
2024-08-28,Rokok Gudang Garam,10,28000
2024-08-28,Telur Ayam (butir),12,2500
2024-08-28,Susu Ultra Milk 250ml,10,5500
2024-08-28,Roti Tawar Sari Roti,3,15000
2024-08-28,Mie Sedaap Goreng,6,3200
2024-08-28,Sambal ABC Sachet,21,2000
2024-08-29,Indomie Goreng,8,3500
2024-08-29,Minyak Goreng Bimoli 1L,9,18000
2024-08-29,Beras Premium 5kg,4,65000
2024-08-29,Gula Pasir 1kg,7,15000
2024-08-29,Kopi Kapal Api Sachet,15,1500
2024-08-29,Sabun Mandi Lifebuoy,4,4500
2024-08-29,Deterjen Rinso 800g,3,12000
2024-08-29,Air Mineral Aqua 600ml,20,3000
2024-08-29,Teh Pucuk Harum 350ml,17,4000
2024-08-29,Rokok Gudang Garam,5,28000
2024-08-29,Telur Ayam (butir),16,2500
2024-08-29,Susu Ultra Milk 250ml,9,5500
2024-08-29,Roti Tawar Sari Roti,1,15000
2024-08-29,Mie Sedaap Goreng,7,3200
2024-08-29,Sambal ABC Sachet,10,2000
2024-08-30,Indomie Goreng,19,3500
2024-08-30,Minyak Goreng Bimoli 1L,2,18000
2024-08-30,Beras Premium 5kg,2,65000
2024-08-30,Gula Pasir 1kg,3,15000
2024-08-30,Kopi Kapal Api Sachet,18,1500
2024-08-30,Sabun Mandi Lifebuoy,3,4500
2024-08-30,Deterjen Rinso 800g,4,12000
2024-08-30,Air Mineral Aqua 600ml,17,3000
2024-08-30,Teh Pucuk Harum 350ml,12,4000
2024-08-30,Rokok Gudang Garam,5,28000
2024-08-30,Telur Ayam (butir),15,2500
2024-08-30,Susu Ultra Milk 250ml,8,5500
2024-08-30,Roti Tawar Sari Roti,4,15000
2024-08-30,Mie Sedaap Goreng,13,3200
2024-08-30,Sambal ABC Sachet,12,2000
2024-08-31,Indomie Goreng,14,3500
2024-08-31,Minyak Goreng Bimoli 1L,10,18000
2024-08-31,Beras Premium 5kg,8,65000
2024-08-31,Gula Pasir 1kg,5,15000
2024-08-31,Kopi Kapal Api Sachet,13,1500
2024-08-31,Sabun Mandi Lifebuoy,14,4500
2024-08-31,Deterjen Rinso 800g,2,12000
2024-08-31,Air Mineral Aqua 600ml,14,3000
2024-08-31,Teh Pucuk Harum 350ml,16,4000
2024-08-31,Rokok Gudang Garam,9,28000
2024-08-31,Telur Ayam (butir),21,2500
2024-08-31,Susu Ultra Milk 250ml,10,5500
2024-08-31,Roti Tawar Sari Roti,3,15000
2024-08-31,Mie Sedaap Goreng,9,3200
2024-08-31,Sambal ABC Sachet,9,2000
2024-09-01,Indomie Goreng,7,3500
2024-09-01,Minyak Goreng Bimoli 1L,4,18000
2024-09-01,Beras Premium 5kg,4,65000
2024-09-01,Gula Pasir 1kg,2,15000
2024-09-01,Kopi Kapal Api Sachet,18,1500
2024-09-01,Sabun Mandi Lifebuoy,9,4500
2024-09-01,Deterjen Rinso 800g,4,12000
2024-09-01,Air Mineral Aqua 600ml,22,3000
2024-09-01,Teh Pucuk Harum 350ml,11,4000
2024-09-01,Rokok Gudang Garam,11,28000
2024-09-01,Telur Ayam (butir),14,2500
2024-09-01,Susu Ultra Milk 250ml,9,5500
2024-09-01,Roti Tawar Sari Roti,4,15000
2024-09-01,Mie Sedaap Goreng,13,3200
2024-09-01,Sambal ABC Sachet,8,2000
2024-09-02,Indomie Goreng,12,3500
2024-09-02,Minyak Goreng Bimoli 1L,4,18000
2024-09-02,Beras Premium 5kg,2,65000
2024-09-02,Gula Pasir 1kg,6,15000
2024-09-02,Kopi Kapal Api Sachet,21,1500
2024-09-02,Sabun Mandi Lifebuoy,3,4500
2024-09-02,Deterjen Rinso 800g,4,12000
2024-09-02,Air Mineral Aqua 600ml,24,3000
2024-09-02,Teh Pucuk Harum 350ml,6,4000
2024-09-02,Rokok Gudang Garam,10,28000
2024-09-02,Telur Ayam (butir),11,2500
2024-09-02,Susu Ultra Milk 250ml,8,5500
2024-09-02,Roti Tawar Sari Roti,5,15000
2024-09-02,Mie Sedaap Goreng,6,3200
2024-09-02,Sambal ABC Sachet,7,2000
2024-09-03,Indomie Goreng,14,3500
2024-09-03,Minyak Goreng Bimoli 1L,4,18000
2024-09-03,Beras Premium 5kg,2,65000
2024-09-03,Gula Pasir 1kg,5,15000
2024-09-03,Kopi Kapal Api Sachet,14,1500
2024-09-03,Sabun Mandi Lifebuoy,7,4500
2024-09-03,Deterjen Rinso 800g,2,12000
2024-09-03,Air Mineral Aqua 600ml,21,3000
2024-09-03,Teh Pucuk Harum 350ml,9,4000
2024-09-03,Rokok Gudang Garam,8,28000
2024-09-03,Telur Ayam (butir),14,2500
2024-09-03,Susu Ultra Milk 250ml,10,5500
2024-09-03,Roti Tawar Sari Roti,3,15000
2024-09-03,Mie Sedaap Goreng,10,3200
2024-09-03,Sambal ABC Sachet,7,2000
2024-09-04,Indomie Goreng,8,3500
2024-09-04,Minyak Goreng Bimoli 1L,4,18000
2024-09-04,Beras Premium 5kg,2,65000
2024-09-04,Gula Pasir 1kg,5,15000
2024-09-04,Kopi Kapal Api Sachet,26,1500
2024-09-04,Sabun Mandi Lifebuoy,9,4500
2024-09-04,Deterjen Rinso 800g,4,12000
2024-09-04,Air Mineral Aqua 600ml,15,3000
2024-09-04,Teh Pucuk Harum 350ml,5,4000
2024-09-04,Rokok Gudang Garam,9,28000
2024-09-04,Telur Ayam (butir),12,2500
2024-09-04,Susu Ultra Milk 250ml,8,5500
2024-09-04,Roti Tawar Sari Roti,6,15000
2024-09-04,Mie Sedaap Goreng,8,3200
2024-09-04,Sambal ABC Sachet,10,2000
2024-09-05,Indomie Goreng,12,3500
2024-09-05,Minyak Goreng Bimoli 1L,1,18000
2024-09-05,Beras Premium 5kg,3,65000
2024-09-05,Gula Pasir 1kg,4,15000
2024-09-05,Kopi Kapal Api Sachet,23,1500
2024-09-05,Sabun Mandi Lifebuoy,4,4500
2024-09-05,Deterjen Rinso 800g,5,12000
2024-09-05,Air Mineral Aqua 600ml,22,3000
2024-09-05,Teh Pucuk Harum 350ml,13,4000
2024-09-05,Rokok Gudang Garam,10,28000
2024-09-05,Telur Ayam (butir),13,2500
2024-09-05,Susu Ultra Milk 250ml,6,5500
2024-09-05,Roti Tawar Sari Roti,5,15000
2024-09-05,Mie Sedaap Goreng,5,3200
2024-09-05,Sambal ABC Sachet,12,2000
2024-09-06,Indomie Goreng,12,3500
2024-09-06,Minyak Goreng Bimoli 1L,5,18000
2024-09-06,Beras Premium 5kg,5,65000
2024-09-06,Gula Pasir 1kg,2,15000
2024-09-06,Kopi Kapal Api Sachet,15,1500
2024-09-06,Sabun Mandi Lifebuoy,11,4500
2024-09-06,Deterjen Rinso 800g,7,12000
2024-09-06,Air Mineral Aqua 600ml,26,3000
2024-09-06,Teh Pucuk Harum 350ml,16,4000
2024-09-06,Rokok Gudang Garam,13,28000
2024-09-06,Telur Ayam (butir),12,2500
2024-09-06,Susu Ultra Milk 250ml,12,5500
2024-09-06,Roti Tawar Sari Roti,1,15000
2024-09-06,Mie Sedaap Goreng,10,3200
2024-09-06,Sambal ABC Sachet,14,2000
2024-09-07,Indomie Goreng,16,3500
2024-09-07,Minyak Goreng Bimoli 1L,9,18000
2024-09-07,Beras Premium 5kg,6,65000
2024-09-07,Gula Pasir 1kg,3,15000
2024-09-07,Kopi Kapal Api Sachet,12,1500
2024-09-07,Sabun Mandi Lifebuoy,5,4500
2024-09-07,Deterjen Rinso 800g,2,12000
2024-09-07,Air Mineral Aqua 600ml,12,3000
2024-09-07,Teh Pucuk Harum 350ml,15,4000
2024-09-07,Rokok Gudang Garam,8,28000
2024-09-07,Telur Ayam (butir),13,2500
2024-09-07,Susu Ultra Milk 250ml,4,5500
2024-09-07,Roti Tawar Sari Roti,9,15000
2024-09-07,Mie Sedaap Goreng,10,3200
2024-09-07,Sambal ABC Sachet,14,2000
2024-09-08,Indomie Goreng,13,3500
2024-09-08,Minyak Goreng Bimoli 1L,9,18000
2024-09-08,Beras Premium 5kg,1,65000
2024-09-08,Gula Pasir 1kg,8,15000
2024-09-08,Kopi Kapal Api Sachet,17,1500
2024-09-08,Sabun Mandi Lifebuoy,5,4500
2024-09-08,Deterjen Rinso 800g,6,12000
2024-09-08,Air Mineral Aqua 600ml,19,3000
2024-09-08,Teh Pucuk Harum 350ml,11,4000
2024-09-08,Rokok Gudang Garam,12,28000
2024-09-08,Telur Ayam (butir),24,2500
2024-09-08,Susu Ultra Milk 250ml,4,5500
2024-09-08,Roti Tawar Sari Roti,5,15000
2024-09-08,Mie Sedaap Goreng,8,3200
2024-09-08,Sambal ABC Sachet,14,2000
2024-09-09,Indomie Goreng,14,3500
2024-09-09,Minyak Goreng Bimoli 1L,6,18000
2024-09-09,Beras Premium 5kg,5,65000
2024-09-09,Gula Pasir 1kg,3,15000
2024-09-09,Kopi Kapal Api Sachet,16,1500
2024-09-09,Sabun Mandi Lifebuoy,6,4500
2024-09-09,Deterjen Rinso 800g,5,12000
2024-09-09,Air Mineral Aqua 600ml,21,3000
2024-09-09,Teh Pucuk Harum 350ml,10,4000
2024-09-09,Rokok Gudang Garam,7,28000
2024-09-09,Telur Ayam (butir),9,2500
2024-09-09,Susu Ultra Milk 250ml,5,5500
2024-09-09,Roti Tawar Sari Roti,2,15000
2024-09-09,Mie Sedaap Goreng,7,3200
2024-09-09,Sambal ABC Sachet,12,2000
2024-09-10,Indomie Goreng,13,3500
2024-09-10,Minyak Goreng Bimoli 1L,3,18000
2024-09-10,Beras Premium 5kg,4,65000
2024-09-10,Gula Pasir 1kg,2,15000
2024-09-10,Kopi Kapal Api Sachet,24,1500
2024-09-10,Sabun Mandi Lifebuoy,4,4500
2024-09-10,Deterjen Rinso 800g,5,12000
2024-09-10,Air Mineral Aqua 600ml,19,3000
2024-09-10,Teh Pucuk Harum 350ml,13,4000
2024-09-10,Rokok Gudang Garam,10,28000
2024-09-10,Telur Ayam (butir),15,2500
2024-09-10,Susu Ultra Milk 250ml,9,5500
2024-09-10,Roti Tawar Sari Roti,4,15000
2024-09-10,Mie Sedaap Goreng,9,3200
2024-09-10,Sambal ABC Sachet,8,2000
2024-09-11,Indomie Goreng,12,3500
2024-09-11,Minyak Goreng Bimoli 1L,9,18000
2024-09-11,Beras Premium 5kg,3,65000
2024-09-11,Gula Pasir 1kg,3,15000
2024-09-11,Kopi Kapal Api Sachet,10,1500
2024-09-11,Sabun Mandi Lifebuoy,4,4500
2024-09-11,Deterjen Rinso 800g,6,12000
2024-09-11,Air Mineral Aqua 600ml,29,3000
2024-09-11,Teh Pucuk Harum 350ml,12,4000
2024-09-11,Rokok Gudang Garam,8,28000
2024-09-11,Telur Ayam (butir),18,2500
2024-09-11,Susu Ultra Milk 250ml,6,5500
2024-09-11,Roti Tawar Sari Roti,2,15000
2024-09-11,Mie Sedaap Goreng,9,3200
2024-09-11,Sambal ABC Sachet,12,2000
2024-09-12,Indomie Goreng,12,3500
2024-09-12,Minyak Goreng Bimoli 1L,5,18000
2024-09-12,Beras Premium 5kg,2,65000
2024-09-12,Gula Pasir 1kg,2,15000
2024-09-12,Kopi Kapal Api Sachet,13,1500
2024-09-12,Sabun Mandi Lifebuoy,6,4500
2024-09-12,Deterjen Rinso 800g,2,12000
2024-09-12,Air Mineral Aqua 600ml,15,3000
2024-09-12,Teh Pucuk Harum 350ml,7,4000
2024-09-12,Rokok Gudang Garam,8,28000
2024-09-12,Telur Ayam (butir),19,2500
2024-09-12,Susu Ultra Milk 250ml,6,5500
2024-09-12,Roti Tawar Sari Roti,6,15000
2024-09-12,Mie Sedaap Goreng,12,3200
2024-09-12,Sambal ABC Sachet,16,2000
2024-09-13,Indomie Goreng,12,3500
2024-09-13,Minyak Goreng Bimoli 1L,5,18000
2024-09-13,Beras Premium 5kg,4,65000
2024-09-13,Gula Pasir 1kg,4,15000
2024-09-13,Kopi Kapal Api Sachet,15,1500
2024-09-13,Sabun Mandi Lifebuoy,8,4500
2024-09-13,Deterjen Rinso 800g,5,12000
2024-09-13,Air Mineral Aqua 600ml,15,3000
2024-09-13,Teh Pucuk Harum 350ml,13,4000
2024-09-13,Rokok Gudang Garam,11,28000
2024-09-13,Telur Ayam (butir),16,2500
2024-09-13,Susu Ultra Milk 250ml,9,5500
2024-09-13,Roti Tawar Sari Roti,6,15000
2024-09-13,Mie Sedaap Goreng,9,3200
2024-09-13,Sambal ABC Sachet,7,2000
2024-09-14,Indomie Goreng,9,3500
2024-09-14,Minyak Goreng Bimoli 1L,6,18000
2024-09-14,Beras Premium 5kg,6,65000
2024-09-14,Gula Pasir 1kg,6,15000
2024-09-14,Kopi Kapal Api Sachet,15,1500
2024-09-14,Sabun Mandi Lifebuoy,6,4500
2024-09-14,Deterjen Rinso 800g,7,12000
2024-09-14,Air Mineral Aqua 600ml,24,3000
2024-09-14,Teh Pucuk Harum 350ml,12,4000
2024-09-14,Rokok Gudang Garam,11,28000
2024-09-14,Telur Ayam (butir),17,2500
2024-09-14,Susu Ultra Milk 250ml,13,5500
2024-09-14,Roti Tawar Sari Roti,8,15000
2024-09-14,Mie Sedaap Goreng,11,3200
2024-09-14,Sambal ABC Sachet,16,2000
2024-09-15,Indomie Goreng,15,3500
2024-09-15,Minyak Goreng Bimoli 1L,7,18000
2024-09-15,Beras Premium 5kg,9,65000
2024-09-15,Gula Pasir 1kg,8,15000
2024-09-15,Kopi Kapal Api Sachet,12,1500
2024-09-15,Sabun Mandi Lifebuoy,8,4500
2024-09-15,Deterjen Rinso 800g,5,12000
2024-09-15,Air Mineral Aqua 600ml,30,3000
2024-09-15,Teh Pucuk Harum 350ml,16,4000
2024-09-15,Rokok Gudang Garam,9,28000
2024-09-15,Telur Ayam (butir),17,2500
2024-09-15,Susu Ultra Milk 250ml,7,5500
2024-09-15,Roti Tawar Sari Roti,5,15000
2024-09-15,Mie Sedaap Goreng,9,3200
2024-09-15,Sambal ABC Sachet,8,2000
2024-09-16,Indomie Goreng,11,3500
2024-09-16,Minyak Goreng Bimoli 1L,9,18000
2024-09-16,Beras Premium 5kg,3,65000
2024-09-16,Gula Pasir 1kg,1,15000
2024-09-16,Kopi Kapal Api Sachet,13,1500
2024-09-16,Sabun Mandi Lifebuoy,4,4500
2024-09-16,Deterjen Rinso 800g,3,12000
2024-09-16,Air Mineral Aqua 600ml,21,3000
2024-09-16,Teh Pucuk Harum 350ml,11,4000
2024-09-16,Rokok Gudang Garam,17,28000
2024-09-16,Telur Ayam (butir),9,2500
2024-09-16,Susu Ultra Milk 250ml,12,5500
2024-09-16,Roti Tawar Sari Roti,7,15000
2024-09-16,Mie Sedaap Goreng,8,3200
2024-09-16,Sambal ABC Sachet,11,2000
2024-09-17,Indomie Goreng,9,3500
2024-09-17,Minyak Goreng Bimoli 1L,3,18000
2024-09-17,Beras Premium 5kg,8,65000
2024-09-17,Gula Pasir 1kg,5,15000
2024-09-17,Kopi Kapal Api Sachet,14,1500
2024-09-17,Sabun Mandi Lifebuoy,12,4500
2024-09-17,Deterjen Rinso 800g,2,12000
2024-09-17,Air Mineral Aqua 600ml,24,3000
2024-09-17,Teh Pucuk Harum 350ml,11,4000
2024-09-17,Rokok Gudang Garam,5,28000
2024-09-17,Telur Ayam (butir),19,2500
2024-09-17,Susu Ultra Milk 250ml,4,5500
2024-09-17,Roti Tawar Sari Roti,4,15000
2024-09-17,Mie Sedaap Goreng,3,3200
2024-09-17,Sambal ABC Sachet,10,2000
2024-09-18,Indomie Goreng,14,3500
2024-09-18,Minyak Goreng Bimoli 1L,5,18000
2024-09-18,Beras Premium 5kg,4,65000
2024-09-18,Gula Pasir 1kg,3,15000
2024-09-18,Kopi Kapal Api Sachet,22,1500
2024-09-18,Sabun Mandi Lifebuoy,3,4500
2024-09-18,Deterjen Rinso 800g,5,12000
2024-09-18,Air Mineral Aqua 600ml,23,3000
2024-09-18,Teh Pucuk Harum 350ml,10,4000
2024-09-18,Rokok Gudang Garam,6,28000
2024-09-18,Telur Ayam (butir),13,2500
2024-09-18,Susu Ultra Milk 250ml,7,5500
2024-09-18,Roti Tawar Sari Roti,3,15000
2024-09-18,Mie Sedaap Goreng,9,3200
2024-09-18,Sambal ABC Sachet,13,2000
2024-09-19,Indomie Goreng,17,3500
2024-09-19,Minyak Goreng Bimoli 1L,6,18000
2024-09-19,Beras Premium 5kg,2,65000
2024-09-19,Gula Pasir 1kg,4,15000
2024-09-19,Kopi Kapal Api Sachet,17,1500
2024-09-19,Sabun Mandi Lifebuoy,5,4500
2024-09-19,Deterjen Rinso 800g,4,12000
2024-09-19,Air Mineral Aqua 600ml,22,3000
2024-09-19,Teh Pucuk Harum 350ml,7,4000
2024-09-19,Rokok Gudang Garam,6,28000
2024-09-19,Telur Ayam (butir),12,2500
2024-09-19,Susu Ultra Milk 250ml,5,5500
2024-09-19,Roti Tawar Sari Roti,4,15000
2024-09-19,Mie Sedaap Goreng,5,3200
2024-09-19,Sambal ABC Sachet,9,2000
2024-09-20,Indomie Goreng,8,3500
2024-09-20,Minyak Goreng Bimoli 1L,3,18000
2024-09-20,Beras Premium 5kg,3,65000
2024-09-20,Gula Pasir 1kg,2,15000
2024-09-20,Kopi Kapal Api Sachet,22,1500
2024-09-20,Sabun Mandi Lifebuoy,7,4500
2024-09-20,Deterjen Rinso 800g,3,12000
2024-09-20,Air Mineral Aqua 600ml,20,3000
2024-09-20,Teh Pucuk Harum 350ml,8,4000
2024-09-20,Rokok Gudang Garam,3,28000
2024-09-20,Telur Ayam (butir),17,2500
2024-09-20,Susu Ultra Milk 250ml,7,5500
2024-09-20,Roti Tawar Sari Roti,1,15000
2024-09-20,Mie Sedaap Goreng,9,3200
2024-09-20,Sambal ABC Sachet,11,2000
2024-09-21,Indomie Goreng,20,3500
2024-09-21,Minyak Goreng Bimoli 1L,4,18000
2024-09-21,Beras Premium 5kg,2,65000
2024-09-21,Gula Pasir 1kg,5,15000
2024-09-21,Kopi Kapal Api Sachet,25,1500
2024-09-21,Sabun Mandi Lifebuoy,5,4500
2024-09-21,Deterjen Rinso 800g,6,12000
2024-09-21,Air Mineral Aqua 600ml,23,3000
2024-09-21,Teh Pucuk Harum 350ml,10,4000
2024-09-21,Rokok Gudang Garam,14,28000
2024-09-21,Telur Ayam (butir),15,2500
2024-09-21,Susu Ultra Milk 250ml,12,5500
2024-09-21,Roti Tawar Sari Roti,2,15000
2024-09-21,Mie Sedaap Goreng,16,3200
2024-09-21,Sambal ABC Sachet,20,2000
2024-09-22,Indomie Goreng,16,3500
2024-09-22,Minyak Goreng Bimoli 1L,5,18000
2024-09-22,Beras Premium 5kg,4,65000
2024-09-22,Gula Pasir 1kg,4,15000
2024-09-22,Kopi Kapal Api Sachet,22,1500
2024-09-22,Sabun Mandi Lifebuoy,6,4500
2024-09-22,Deterjen Rinso 800g,10,12000
2024-09-22,Air Mineral Aqua 600ml,27,3000
2024-09-22,Teh Pucuk Harum 350ml,11,4000
2024-09-22,Rokok Gudang Garam,8,28000
2024-09-22,Telur Ayam (butir),13,2500
2024-09-22,Susu Ultra Milk 250ml,9,5500
2024-09-22,Roti Tawar Sari Roti,4,15000
2024-09-22,Mie Sedaap Goreng,15,3200
2024-09-22,Sambal ABC Sachet,15,2000
2024-09-23,Indomie Goreng,9,3500
2024-09-23,Minyak Goreng Bimoli 1L,5,18000
2024-09-23,Beras Premium 5kg,4,65000
2024-09-23,Gula Pasir 1kg,4,15000
2024-09-23,Kopi Kapal Api Sachet,15,1500
2024-09-23,Sabun Mandi Lifebuoy,8,4500
2024-09-23,Deterjen Rinso 800g,2,12000
2024-09-23,Air Mineral Aqua 600ml,26,3000
2024-09-23,Teh Pucuk Harum 350ml,7,4000
2024-09-23,Rokok Gudang Garam,7,28000
2024-09-23,Telur Ayam (butir),17,2500
2024-09-23,Susu Ultra Milk 250ml,7,5500
2024-09-23,Roti Tawar Sari Roti,1,15000
2024-09-23,Mie Sedaap Goreng,18,3200
2024-09-23,Sambal ABC Sachet,15,2000
2024-09-24,Indomie Goreng,9,3500
2024-09-24,Minyak Goreng Bimoli 1L,6,18000
2024-09-24,Beras Premium 5kg,2,65000
2024-09-24,Gula Pasir 1kg,1,15000
2024-09-24,Kopi Kapal Api Sachet,25,1500
2024-09-24,Sabun Mandi Lifebuoy,3,4500
2024-09-24,Deterjen Rinso 800g,2,12000
2024-09-24,Air Mineral Aqua 600ml,13,3000
2024-09-24,Teh Pucuk Harum 350ml,12,4000
2024-09-24,Rokok Gudang Garam,16,28000
2024-09-24,Telur Ayam (butir),9,2500
2024-09-24,Susu Ultra Milk 250ml,7,5500
2024-09-24,Roti Tawar Sari Roti,6,15000
2024-09-24,Mie Sedaap Goreng,10,3200
2024-09-24,Sambal ABC Sachet,14,2000
2024-09-25,Indomie Goreng,12,3500
2024-09-25,Minyak Goreng Bimoli 1L,7,18000
2024-09-25,Beras Premium 5kg,6,65000
2024-09-25,Gula Pasir 1kg,6,15000
2024-09-25,Kopi Kapal Api Sachet,12,1500
2024-09-25,Sabun Mandi Lifebuoy,4,4500
2024-09-25,Deterjen Rinso 800g,4,12000
2024-09-25,Air Mineral Aqua 600ml,20,3000
2024-09-25,Teh Pucuk Harum 350ml,7,4000
2024-09-25,Rokok Gudang Garam,6,28000
2024-09-25,Telur Ayam (butir),13,2500
2024-09-25,Susu Ultra Milk 250ml,8,5500
2024-09-25,Roti Tawar Sari Roti,2,15000
2024-09-25,Mie Sedaap Goreng,10,3200
2024-09-25,Sambal ABC Sachet,6,2000
2024-09-26,Indomie Goreng,14,3500
2024-09-26,Minyak Goreng Bimoli 1L,7,18000
2024-09-26,Beras Premium 5kg,2,65000
2024-09-26,Gula Pasir 1kg,2,15000
2024-09-26,Kopi Kapal Api Sachet,6,1500
2024-09-26,Sabun Mandi Lifebuoy,6,4500
2024-09-26,Deterjen Rinso 800g,3,12000
2024-09-26,Air Mineral Aqua 600ml,25,3000
2024-09-26,Teh Pucuk Harum 350ml,10,4000
2024-09-26,Rokok Gudang Garam,9,28000
2024-09-26,Telur Ayam (butir),15,2500
2024-09-26,Susu Ultra Milk 250ml,6,5500
2024-09-26,Roti Tawar Sari Roti,7,15000
2024-09-26,Mie Sedaap Goreng,9,3200
2024-09-26,Sambal ABC Sachet,14,2000
2024-09-27,Indomie Goreng,12,3500
2024-09-27,Minyak Goreng Bimoli 1L,6,18000
2024-09-27,Beras Premium 5kg,1,65000
2024-09-27,Gula Pasir 1kg,5,15000
2024-09-27,Kopi Kapal Api Sachet,18,1500
2024-09-27,Sabun Mandi Lifebuoy,3,4500
2024-09-27,Deterjen Rinso 800g,4,12000
2024-09-27,Air Mineral Aqua 600ml,21,3000
2024-09-27,Teh Pucuk Harum 350ml,11,4000
2024-09-27,Rokok Gudang Garam,7,28000
2024-09-27,Telur Ayam (butir),15,2500
2024-09-27,Susu Ultra Milk 250ml,8,5500
2024-09-27,Roti Tawar Sari Roti,6,15000
2024-09-27,Mie Sedaap Goreng,9,3200
2024-09-27,Sambal ABC Sachet,6,2000
2024-09-28,Indomie Goreng,12,3500
2024-09-28,Minyak Goreng Bimoli 1L,7,18000
2024-09-28,Beras Premium 5kg,3,65000
2024-09-28,Gula Pasir 1kg,7,15000
2024-09-28,Kopi Kapal Api Sachet,19,1500
2024-09-28,Sabun Mandi Lifebuoy,6,4500
2024-09-28,Deterjen Rinso 800g,5,12000
2024-09-28,Air Mineral Aqua 600ml,21,3000
2024-09-28,Teh Pucuk Harum 350ml,16,4000
2024-09-28,Rokok Gudang Garam,10,28000
2024-09-28,Telur Ayam (butir),17,2500
2024-09-28,Susu Ultra Milk 250ml,4,5500
2024-09-28,Roti Tawar Sari Roti,4,15000
2024-09-28,Mie Sedaap Goreng,15,3200
2024-09-28,Sambal ABC Sachet,16,2000
2024-09-29,Indomie Goreng,10,3500
2024-09-29,Minyak Goreng Bimoli 1L,5,18000
2024-09-29,Beras Premium 5kg,4,65000
2024-09-29,Gula Pasir 1kg,4,15000
2024-09-29,Kopi Kapal Api Sachet,8,1500
2024-09-29,Sabun Mandi Lifebuoy,8,4500
2024-09-29,Deterjen Rinso 800g,5,12000
2024-09-29,Air Mineral Aqua 600ml,25,3000
2024-09-29,Teh Pucuk Harum 350ml,9,4000
2024-09-29,Rokok Gudang Garam,5,28000
2024-09-29,Telur Ayam (butir),14,2500
2024-09-29,Susu Ultra Milk 250ml,6,5500
2024-09-29,Roti Tawar Sari Roti,6,15000
2024-09-29,Mie Sedaap Goreng,11,3200
2024-09-29,Sambal ABC Sachet,16,2000
2024-09-30,Indomie Goreng,10,3500
2024-09-30,Minyak Goreng Bimoli 1L,10,18000
2024-09-30,Beras Premium 5kg,1,65000
2024-09-30,Gula Pasir 1kg,5,15000
2024-09-30,Kopi Kapal Api Sachet,21,1500
2024-09-30,Sabun Mandi Lifebuoy,4,4500
2024-09-30,Deterjen Rinso 800g,3,12000
2024-09-30,Air Mineral Aqua 600ml,20,3000
2024-09-30,Teh Pucuk Harum 350ml,12,4000
2024-09-30,Rokok Gudang Garam,4,28000
2024-09-30,Telur Ayam (butir),16,2500
2024-09-30,Susu Ultra Milk 250ml,6,5500
2024-09-30,Roti Tawar Sari Roti,2,15000
2024-09-30,Mie Sedaap Goreng,10,3200
2024-09-30,Sambal ABC Sachet,11,2000
2024-10-01,Indomie Goreng,9,3500
2024-10-01,Minyak Goreng Bimoli 1L,8,18000
2024-10-01,Beras Premium 5kg,3,65000
2024-10-01,Gula Pasir 1kg,7,15000
2024-10-01,Kopi Kapal Api Sachet,15,1500
2024-10-01,Sabun Mandi Lifebuoy,7,4500
2024-10-01,Deterjen Rinso 800g,1,12000
2024-10-01,Air Mineral Aqua 600ml,18,3000
2024-10-01,Teh Pucuk Harum 350ml,5,4000
2024-10-01,Rokok Gudang Garam,8,28000
2024-10-01,Telur Ayam (butir),18,2500
2024-10-01,Susu Ultra Milk 250ml,7,5500
2024-10-01,Roti Tawar Sari Roti,1,15000
2024-10-01,Mie Sedaap Goreng,12,3200
2024-10-01,Sambal ABC Sachet,7,2000
2024-10-02,Indomie Goreng,13,3500
2024-10-02,Minyak Goreng Bimoli 1L,5,18000
2024-10-02,Beras Premium 5kg,1,65000
2024-10-02,Gula Pasir 1kg,1,15000
2024-10-02,Kopi Kapal Api Sachet,9,1500
2024-10-02,Sabun Mandi Lifebuoy,7,4500
2024-10-02,Deterjen Rinso 800g,2,12000
2024-10-02,Air Mineral Aqua 600ml,16,3000
2024-10-02,Teh Pucuk Harum 350ml,17,4000
2024-10-02,Rokok Gudang Garam,11,28000
2024-10-02,Telur Ayam (butir),12,2500
2024-10-02,Susu Ultra Milk 250ml,8,5500
2024-10-02,Roti Tawar Sari Roti,2,15000
2024-10-02,Mie Sedaap Goreng,13,3200
2024-10-02,Sambal ABC Sachet,17,2000
2024-10-03,Indomie Goreng,6,3500
2024-10-03,Minyak Goreng Bimoli 1L,9,18000
2024-10-03,Beras Premium 5kg,1,65000
2024-10-03,Gula Pasir 1kg,7,15000
2024-10-03,Kopi Kapal Api Sachet,19,1500
2024-10-03,Sabun Mandi Lifebuoy,7,4500
2024-10-03,Deterjen Rinso 800g,2,12000
2024-10-03,Air Mineral Aqua 600ml,23,3000
2024-10-03,Teh Pucuk Harum 350ml,10,4000
2024-10-03,Rokok Gudang Garam,7,28000
2024-10-03,Telur Ayam (butir),10,2500
2024-10-03,Susu Ultra Milk 250ml,10,5500
2024-10-03,Roti Tawar Sari Roti,2,15000
2024-10-03,Mie Sedaap Goreng,6,3200
2024-10-03,Sambal ABC Sachet,15,2000
2024-10-04,Indomie Goreng,9,3500
2024-10-04,Minyak Goreng Bimoli 1L,3,18000
2024-10-04,Beras Premium 5kg,1,65000
2024-10-04,Gula Pasir 1kg,5,15000
2024-10-04,Kopi Kapal Api Sachet,18,1500
2024-10-04,Sabun Mandi Lifebuoy,7,4500
2024-10-04,Deterjen Rinso 800g,6,12000
2024-10-04,Air Mineral Aqua 600ml,19,3000
2024-10-04,Teh Pucuk Harum 350ml,11,4000
2024-10-04,Rokok Gudang Garam,11,28000
2024-10-04,Telur Ayam (butir),8,2500
2024-10-04,Susu Ultra Milk 250ml,7,5500
2024-10-04,Roti Tawar Sari Roti,5,15000
2024-10-04,Mie Sedaap Goreng,9,3200
2024-10-04,Sambal ABC Sachet,11,2000
2024-10-05,Indomie Goreng,14,3500
2024-10-05,Minyak Goreng Bimoli 1L,7,18000
2024-10-05,Beras Premium 5kg,3,65000
2024-10-05,Gula Pasir 1kg,3,15000
2024-10-05,Kopi Kapal Api Sachet,23,1500
2024-10-05,Sabun Mandi Lifebuoy,2,4500
2024-10-05,Deterjen Rinso 800g,4,12000
2024-10-05,Air Mineral Aqua 600ml,24,3000
2024-10-05,Teh Pucuk Harum 350ml,15,4000
2024-10-05,Rokok Gudang Garam,16,28000
2024-10-05,Telur Ayam (butir),18,2500
2024-10-05,Susu Ultra Milk 250ml,5,5500
2024-10-05,Roti Tawar Sari Roti,4,15000
2024-10-05,Mie Sedaap Goreng,14,3200
2024-10-05,Sambal ABC Sachet,11,2000
2024-10-06,Indomie Goreng,18,3500
2024-10-06,Minyak Goreng Bimoli 1L,4,18000
2024-10-06,Beras Premium 5kg,3,65000
2024-10-06,Gula Pasir 1kg,7,15000
2024-10-06,Kopi Kapal Api Sachet,14,1500
2024-10-06,Sabun Mandi Lifebuoy,3,4500
2024-10-06,Deterjen Rinso 800g,5,12000
2024-10-06,Air Mineral Aqua 600ml,14,3000
2024-10-06,Teh Pucuk Harum 350ml,14,4000
2024-10-06,Rokok Gudang Garam,14,28000
2024-10-06,Telur Ayam (butir),22,2500
2024-10-06,Susu Ultra Milk 250ml,5,5500
2024-10-06,Roti Tawar Sari Roti,8,15000
2024-10-06,Mie Sedaap Goreng,14,3200
2024-10-06,Sambal ABC Sachet,13,2000
2024-10-07,Indomie Goreng,5,3500
2024-10-07,Minyak Goreng Bimoli 1L,6,18000
2024-10-07,Beras Premium 5kg,3,65000
2024-10-07,Gula Pasir 1kg,7,15000
2024-10-07,Kopi Kapal Api Sachet,19,1500
2024-10-07,Sabun Mandi Lifebuoy,6,4500
2024-10-07,Deterjen Rinso 800g,7,12000
2024-10-07,Air Mineral Aqua 600ml,14,3000
2024-10-07,Teh Pucuk Harum 350ml,10,4000
2024-10-07,Rokok Gudang Garam,10,28000
2024-10-07,Telur Ayam (butir),12,2500
2024-10-07,Susu Ultra Milk 250ml,12,5500
2024-10-07,Roti Tawar Sari Roti,4,15000
2024-10-07,Mie Sedaap Goreng,8,3200
2024-10-07,Sambal ABC Sachet,15,2000
2024-10-08,Indomie Goreng,9,3500
2024-10-08,Minyak Goreng Bimoli 1L,2,18000
2024-10-08,Beras Premium 5kg,4,65000
2024-10-08,Gula Pasir 1kg,5,15000
2024-10-08,Kopi Kapal Api Sachet,18,1500
2024-10-08,Sabun Mandi Lifebuoy,8,4500
2024-10-08,Deterjen Rinso 800g,5,12000
2024-10-08,Air Mineral Aqua 600ml,26,3000
2024-10-08,Teh Pucuk Harum 350ml,10,4000
2024-10-08,Rokok Gudang Garam,13,28000
2024-10-08,Telur Ayam (butir),10,2500
2024-10-08,Susu Ultra Milk 250ml,3,5500
2024-10-08,Roti Tawar Sari Roti,3,15000
2024-10-08,Mie Sedaap Goreng,11,3200
2024-10-08,Sambal ABC Sachet,17,2000
2024-10-09,Indomie Goreng,17,3500
2024-10-09,Minyak Goreng Bimoli 1L,2,18000
2024-10-09,Beras Premium 5kg,1,65000
2024-10-09,Gula Pasir 1kg,5,15000
2024-10-09,Kopi Kapal Api Sachet,17,1500
2024-10-09,Sabun Mandi Lifebuoy,8,4500
2024-10-09,Deterjen Rinso 800g,5,12000
2024-10-09,Air Mineral Aqua 600ml,19,3000
2024-10-09,Teh Pucuk Harum 350ml,12,4000
2024-10-09,Rokok Gudang Garam,5,28000
2024-10-09,Telur Ayam (butir),21,2500
2024-10-09,Susu Ultra Milk 250ml,7,5500
2024-10-09,Roti Tawar Sari Roti,2,15000
2024-10-09,Mie Sedaap Goreng,12,3200
2024-10-09,Sambal ABC Sachet,7,2000
2024-10-10,Indomie Goreng,10,3500
2024-10-10,Minyak Goreng Bimoli 1L,3,18000
2024-10-10,Beras Premium 5kg,2,65000
2024-10-10,Gula Pasir 1kg,4,15000
2024-10-10,Kopi Kapal Api Sachet,11,1500
2024-10-10,Sabun Mandi Lifebuoy,7,4500
2024-10-10,Deterjen Rinso 800g,5,12000
2024-10-10,Air Mineral Aqua 600ml,24,3000
2024-10-10,Teh Pucuk Harum 350ml,22,4000
2024-10-10,Rokok Gudang Garam,6,28000
2024-10-10,Telur Ayam (butir),12,2500
2024-10-10,Susu Ultra Milk 250ml,7,5500
2024-10-10,Roti Tawar Sari Roti,2,15000
2024-10-10,Mie Sedaap Goreng,13,3200
2024-10-10,Sambal ABC Sachet,18,2000
2024-10-11,Indomie Goreng,9,3500
2024-10-11,Minyak Goreng Bimoli 1L,4,18000
2024-10-11,Beras Premium 5kg,1,65000
2024-10-11,Gula Pasir 1kg,4,15000
2024-10-11,Kopi Kapal Api Sachet,16,1500
2024-10-11,Sabun Mandi Lifebuoy,6,4500
2024-10-11,Deterjen Rinso 800g,5,12000
2024-10-11,Air Mineral Aqua 600ml,14,3000
2024-10-11,Teh Pucuk Harum 350ml,15,4000
2024-10-11,Rokok Gudang Garam,7,28000
2024-10-11,Telur Ayam (butir),16,2500
2024-10-11,Susu Ultra Milk 250ml,9,5500
2024-10-11,Roti Tawar Sari Roti,6,15000
2024-10-11,Mie Sedaap Goreng,12,3200
2024-10-11,Sambal ABC Sachet,13,2000
2024-10-12,Indomie Goreng,14,3500
2024-10-12,Minyak Goreng Bimoli 1L,6,18000
2024-10-12,Beras Premium 5kg,5,65000
2024-10-12,Gula Pasir 1kg,11,15000
2024-10-12,Kopi Kapal Api Sachet,24,1500
2024-10-12,Sabun Mandi Lifebuoy,3,4500
2024-10-12,Deterjen Rinso 800g,2,12000
2024-10-12,Air Mineral Aqua 600ml,21,3000
2024-10-12,Teh Pucuk Harum 350ml,16,4000
2024-10-12,Rokok Gudang Garam,12,28000
2024-10-12,Telur Ayam (butir),14,2500
2024-10-12,Susu Ultra Milk 250ml,8,5500
2024-10-12,Roti Tawar Sari Roti,6,15000
2024-10-12,Mie Sedaap Goreng,10,3200
2024-10-12,Sambal ABC Sachet,11,2000
2024-10-13,Indomie Goreng,9,3500
2024-10-13,Minyak Goreng Bimoli 1L,2,18000
2024-10-13,Beras Premium 5kg,4,65000
2024-10-13,Gula Pasir 1kg,10,15000
2024-10-13,Kopi Kapal Api Sachet,15,1500
2024-10-13,Sabun Mandi Lifebuoy,13,4500
2024-10-13,Deterjen Rinso 800g,4,12000
2024-10-13,Air Mineral Aqua 600ml,23,3000
2024-10-13,Teh Pucuk Harum 350ml,13,4000
2024-10-13,Rokok Gudang Garam,9,28000
2024-10-13,Telur Ayam (butir),14,2500
2024-10-13,Susu Ultra Milk 250ml,12,5500
2024-10-13,Roti Tawar Sari Roti,6,15000
2024-10-13,Mie Sedaap Goreng,7,3200
2024-10-13,Sambal ABC Sachet,13,2000
2024-10-14,Indomie Goreng,12,3500
2024-10-14,Minyak Goreng Bimoli 1L,7,18000
2024-10-14,Beras Premium 5kg,1,65000
2024-10-14,Gula Pasir 1kg,6,15000
2024-10-14,Kopi Kapal Api Sachet,10,1500
2024-10-14,Sabun Mandi Lifebuoy,9,4500
2024-10-14,Deterjen Rinso 800g,3,12000
2024-10-14,Air Mineral Aqua 600ml,20,3000
2024-10-14,Teh Pucuk Harum 350ml,13,4000
2024-10-14,Rokok Gudang Garam,8,28000
2024-10-14,Telur Ayam (butir),12,2500
2024-10-14,Susu Ultra Milk 250ml,7,5500
2024-10-14,Roti Tawar Sari Roti,3,15000
2024-10-14,Mie Sedaap Goreng,8,3200
2024-10-14,Sambal ABC Sachet,21,2000
2024-10-15,Indomie Goreng,16,3500
2024-10-15,Minyak Goreng Bimoli 1L,6,18000
2024-10-15,Beras Premium 5kg,1,65000
2024-10-15,Gula Pasir 1kg,8,15000
2024-10-15,Kopi Kapal Api Sachet,12,1500
2024-10-15,Sabun Mandi Lifebuoy,5,4500
2024-10-15,Deterjen Rinso 800g,6,12000
2024-10-15,Air Mineral Aqua 600ml,13,3000
2024-10-15,Teh Pucuk Harum 350ml,12,4000
2024-10-15,Rokok Gudang Garam,4,28000
2024-10-15,Telur Ayam (butir),22,2500
2024-10-15,Susu Ultra Milk 250ml,9,5500
2024-10-15,Roti Tawar Sari Roti,6,15000
2024-10-15,Mie Sedaap Goreng,8,3200
2024-10-15,Sambal ABC Sachet,11,2000
2024-10-16,Indomie Goreng,14,3500
2024-10-16,Minyak Goreng Bimoli 1L,8,18000
2024-10-16,Beras Premium 5kg,4,65000
2024-10-16,Gula Pasir 1kg,2,15000
2024-10-16,Kopi Kapal Api Sachet,16,1500
2024-10-16,Sabun Mandi Lifebuoy,2,4500
2024-10-16,Deterjen Rinso 800g,2,12000
2024-10-16,Air Mineral Aqua 600ml,22,3000
2024-10-16,Teh Pucuk Harum 350ml,13,4000
2024-10-16,Rokok Gudang Garam,13,28000
2024-10-16,Telur Ayam (butir),13,2500
2024-10-16,Susu Ultra Milk 250ml,11,5500
2024-10-16,Roti Tawar Sari Roti,3,15000
2024-10-16,Mie Sedaap Goreng,11,3200
2024-10-16,Sambal ABC Sachet,11,2000
2024-10-17,Indomie Goreng,9,3500
2024-10-17,Minyak Goreng Bimoli 1L,5,18000
2024-10-17,Beras Premium 5kg,2,65000
2024-10-17,Gula Pasir 1kg,1,15000
2024-10-17,Kopi Kapal Api Sachet,17,1500
2024-10-17,Sabun Mandi Lifebuoy,3,4500
2024-10-17,Deterjen Rinso 800g,4,12000
2024-10-17,Air Mineral Aqua 600ml,23,3000
2024-10-17,Teh Pucuk Harum 350ml,15,4000
2024-10-17,Rokok Gudang Garam,6,28000
2024-10-17,Telur Ayam (butir),12,2500
2024-10-17,Susu Ultra Milk 250ml,13,5500
2024-10-17,Roti Tawar Sari Roti,4,15000
2024-10-17,Mie Sedaap Goreng,13,3200
2024-10-17,Sambal ABC Sachet,13,2000
2024-10-18,Indomie Goreng,9,3500
2024-10-18,Minyak Goreng Bimoli 1L,2,18000
2024-10-18,Beras Premium 5kg,2,65000
2024-10-18,Gula Pasir 1kg,6,15000
2024-10-18,Kopi Kapal Api Sachet,15,1500
2024-10-18,Sabun Mandi Lifebuoy,5,4500
2024-10-18,Deterjen Rinso 800g,2,12000
2024-10-18,Air Mineral Aqua 600ml,22,3000
2024-10-18,Teh Pucuk Harum 350ml,5,4000
2024-10-18,Rokok Gudang Garam,6,28000
2024-10-18,Telur Ayam (butir),21,2500
2024-10-18,Susu Ultra Milk 250ml,2,5500
2024-10-18,Roti Tawar Sari Roti,3,15000
2024-10-18,Mie Sedaap Goreng,12,3200
2024-10-18,Sambal ABC Sachet,11,2000
2024-10-19,Indomie Goreng,16,3500
2024-10-19,Minyak Goreng Bimoli 1L,3,18000
2024-10-19,Beras Premium 5kg,2,65000
2024-10-19,Gula Pasir 1kg,11,15000
2024-10-19,Kopi Kapal Api Sachet,18,1500
2024-10-19,Sabun Mandi Lifebuoy,4,4500
2024-10-19,Deterjen Rinso 800g,4,12000
2024-10-19,Air Mineral Aqua 600ml,25,3000
2024-10-19,Teh Pucuk Harum 350ml,16,4000
2024-10-19,Rokok Gudang Garam,12,28000
2024-10-19,Telur Ayam (butir),15,2500
2024-10-19,Susu Ultra Milk 250ml,6,5500
2024-10-19,Roti Tawar Sari Roti,4,15000
2024-10-19,Mie Sedaap Goreng,11,3200
2024-10-19,Sambal ABC Sachet,17,2000
2024-10-20,Indomie Goreng,8,3500
2024-10-20,Minyak Goreng Bimoli 1L,7,18000
2024-10-20,Beras Premium 5kg,1,65000
2024-10-20,Gula Pasir 1kg,9,15000
2024-10-20,Kopi Kapal Api Sachet,20,1500
2024-10-20,Sabun Mandi Lifebuoy,6,4500
2024-10-20,Deterjen Rinso 800g,5,12000
2024-10-20,Air Mineral Aqua 600ml,21,3000
2024-10-20,Teh Pucuk Harum 350ml,18,4000
2024-10-20,Rokok Gudang Garam,17,28000
2024-10-20,Telur Ayam (butir),13,2500
2024-10-20,Susu Ultra Milk 250ml,4,5500
2024-10-20,Roti Tawar Sari Roti,2,15000
2024-10-20,Mie Sedaap Goreng,6,3200
2024-10-20,Sambal ABC Sachet,13,2000
2024-10-21,Indomie Goreng,6,3500
2024-10-21,Minyak Goreng Bimoli 1L,7,18000
2024-10-21,Beras Premium 5kg,3,65000
2024-10-21,Gula Pasir 1kg,7,15000
2024-10-21,Kopi Kapal Api Sachet,9,1500
2024-10-21,Sabun Mandi Lifebuoy,6,4500
2024-10-21,Deterjen Rinso 800g,5,12000
2024-10-21,Air Mineral Aqua 600ml,24,3000
2024-10-21,Teh Pucuk Harum 350ml,15,4000
2024-10-21,Rokok Gudang Garam,12,28000
2024-10-21,Telur Ayam (butir),10,2500
2024-10-21,Susu Ultra Milk 250ml,12,5500
2024-10-21,Roti Tawar Sari Roti,2,15000
2024-10-21,Mie Sedaap Goreng,11,3200
2024-10-21,Sambal ABC Sachet,8,2000
2024-10-22,Indomie Goreng,18,3500
2024-10-22,Minyak Goreng Bimoli 1L,4,18000
2024-10-22,Beras Premium 5kg,4,65000
2024-10-22,Gula Pasir 1kg,6,15000
2024-10-22,Kopi Kapal Api Sachet,19,1500
2024-10-22,Sabun Mandi Lifebuoy,5,4500
2024-10-22,Deterjen Rinso 800g,3,12000
2024-10-22,Air Mineral Aqua 600ml,21,3000
2024-10-22,Teh Pucuk Harum 350ml,10,4000
2024-10-22,Rokok Gudang Garam,4,28000
2024-10-22,Telur Ayam (butir),19,2500
2024-10-22,Susu Ultra Milk 250ml,6,5500
2024-10-22,Roti Tawar Sari Roti,7,15000
2024-10-22,Mie Sedaap Goreng,5,3200
2024-10-22,Sambal ABC Sachet,12,2000
2024-10-23,Indomie Goreng,8,3500
2024-10-23,Minyak Goreng Bimoli 1L,4,18000
2024-10-23,Beras Premium 5kg,5,65000
2024-10-23,Gula Pasir 1kg,5,15000
2024-10-23,Kopi Kapal Api Sachet,15,1500
2024-10-23,Sabun Mandi Lifebuoy,6,4500
2024-10-23,Deterjen Rinso 800g,3,12000
2024-10-23,Air Mineral Aqua 600ml,25,3000
2024-10-23,Teh Pucuk Harum 350ml,13,4000
2024-10-23,Rokok Gudang Garam,9,28000
2024-10-23,Telur Ayam (butir),14,2500
2024-10-23,Susu Ultra Milk 250ml,7,5500
2024-10-23,Roti Tawar Sari Roti,2,15000
2024-10-23,Mie Sedaap Goreng,8,3200
2024-10-23,Sambal ABC Sachet,19,2000
2024-10-24,Indomie Goreng,13,3500
2024-10-24,Minyak Goreng Bimoli 1L,4,18000
2024-10-24,Beras Premium 5kg,1,65000
2024-10-24,Gula Pasir 1kg,6,15000
2024-10-24,Kopi Kapal Api Sachet,19,1500
2024-10-24,Sabun Mandi Lifebuoy,4,4500
2024-10-24,Deterjen Rinso 800g,2,12000
2024-10-24,Air Mineral Aqua 600ml,13,3000
2024-10-24,Teh Pucuk Harum 350ml,6,4000
2024-10-24,Rokok Gudang Garam,7,28000
2024-10-24,Telur Ayam (butir),20,2500
2024-10-24,Susu Ultra Milk 250ml,6,5500
2024-10-24,Roti Tawar Sari Roti,8,15000
2024-10-24,Mie Sedaap Goreng,8,3200
2024-10-24,Sambal ABC Sachet,11,2000
2024-10-25,Indomie Goreng,7,3500
2024-10-25,Minyak Goreng Bimoli 1L,5,18000
2024-10-25,Beras Premium 5kg,1,65000
2024-10-25,Gula Pasir 1kg,5,15000
2024-10-25,Kopi Kapal Api Sachet,22,1500
2024-10-25,Sabun Mandi Lifebuoy,3,4500
2024-10-25,Deterjen Rinso 800g,4,12000
2024-10-25,Air Mineral Aqua 600ml,11,3000
2024-10-25,Teh Pucuk Harum 350ml,12,4000
2024-10-25,Rokok Gudang Garam,13,28000
2024-10-25,Telur Ayam (butir),14,2500
2024-10-25,Susu Ultra Milk 250ml,6,5500
2024-10-25,Mie Sedaap Goreng,12,3200
2024-10-25,Sambal ABC Sachet,14,2000
2024-10-26,Indomie Goreng,11,3500
2024-10-26,Minyak Goreng Bimoli 1L,1,18000
2024-10-26,Beras Premium 5kg,5,65000
2024-10-26,Gula Pasir 1kg,5,15000
2024-10-26,Kopi Kapal Api Sachet,11,1500
2024-10-26,Sabun Mandi Lifebuoy,5,4500
2024-10-26,Deterjen Rinso 800g,4,12000
2024-10-26,Air Mineral Aqua 600ml,28,3000
2024-10-26,Teh Pucuk Harum 350ml,16,4000
2024-10-26,Rokok Gudang Garam,9,28000
2024-10-26,Telur Ayam (butir),19,2500
2024-10-26,Susu Ultra Milk 250ml,9,5500
2024-10-26,Mie Sedaap Goreng,7,3200
2024-10-26,Sambal ABC Sachet,15,2000
2024-10-27,Indomie Goreng,11,3500
2024-10-27,Minyak Goreng Bimoli 1L,6,18000
2024-10-27,Beras Premium 5kg,7,65000
2024-10-27,Gula Pasir 1kg,6,15000
2024-10-27,Kopi Kapal Api Sachet,15,1500
2024-10-27,Sabun Mandi Lifebuoy,7,4500
2024-10-27,Deterjen Rinso 800g,6,12000
2024-10-27,Air Mineral Aqua 600ml,23,3000
2024-10-27,Teh Pucuk Harum 350ml,16,4000
2024-10-27,Rokok Gudang Garam,5,28000
2024-10-27,Telur Ayam (butir),15,2500
2024-10-27,Susu Ultra Milk 250ml,7,5500
2024-10-27,Roti Tawar Sari Roti,4,15000
2024-10-27,Mie Sedaap Goreng,4,3200
2024-10-27,Sambal ABC Sachet,22,2000
2024-10-28,Indomie Goreng,12,3500
2024-10-28,Minyak Goreng Bimoli 1L,10,18000
2024-10-28,Beras Premium 5kg,3,65000
2024-10-28,Gula Pasir 1kg,1,15000
2024-10-28,Kopi Kapal Api Sachet,23,1500
2024-10-28,Sabun Mandi Lifebuoy,7,4500
2024-10-28,Deterjen Rinso 800g,3,12000
2024-10-28,Air Mineral Aqua 600ml,28,3000
2024-10-28,Teh Pucuk Harum 350ml,11,4000
2024-10-28,Rokok Gudang Garam,5,28000
2024-10-28,Telur Ayam (butir),13,2500
2024-10-28,Susu Ultra Milk 250ml,3,5500
2024-10-28,Roti Tawar Sari Roti,1,15000
2024-10-28,Mie Sedaap Goreng,5,3200
2024-10-28,Sambal ABC Sachet,15,2000
2024-10-29,Indomie Goreng,5,3500
2024-10-29,Minyak Goreng Bimoli 1L,5,18000
2024-10-29,Beras Premium 5kg,6,65000
2024-10-29,Gula Pasir 1kg,5,15000
2024-10-29,Kopi Kapal Api Sachet,14,1500
2024-10-29,Sabun Mandi Lifebuoy,2,4500
2024-10-29,Air Mineral Aqua 600ml,21,3000
2024-10-29,Teh Pucuk Harum 350ml,7,4000
2024-10-29,Rokok Gudang Garam,10,28000
2024-10-29,Telur Ayam (butir),11,2500
2024-10-29,Susu Ultra Milk 250ml,8,5500
2024-10-29,Roti Tawar Sari Roti,4,15000
2024-10-29,Mie Sedaap Goreng,11,3200
2024-10-29,Sambal ABC Sachet,3,2000
2024-10-30,Indomie Goreng,6,3500
2024-10-30,Minyak Goreng Bimoli 1L,6,18000
2024-10-30,Beras Premium 5kg,3,65000
2024-10-30,Gula Pasir 1kg,4,15000
2024-10-30,Kopi Kapal Api Sachet,22,1500
2024-10-30,Sabun Mandi Lifebuoy,4,4500
2024-10-30,Deterjen Rinso 800g,2,12000
2024-10-30,Air Mineral Aqua 600ml,27,3000
2024-10-30,Teh Pucuk Harum 350ml,9,4000
2024-10-30,Rokok Gudang Garam,2,28000
2024-10-30,Telur Ayam (butir),18,2500
2024-10-30,Susu Ultra Milk 250ml,8,5500
2024-10-30,Mie Sedaap Goreng,15,3200
2024-10-30,Sambal ABC Sachet,9,2000
2024-10-31,Indomie Goreng,11,3500
2024-10-31,Minyak Goreng Bimoli 1L,9,18000
2024-10-31,Beras Premium 5kg,2,65000
2024-10-31,Gula Pasir 1kg,7,15000
2024-10-31,Kopi Kapal Api Sachet,17,1500
2024-10-31,Sabun Mandi Lifebuoy,5,4500
2024-10-31,Deterjen Rinso 800g,4,12000
2024-10-31,Air Mineral Aqua 600ml,20,3000
2024-10-31,Teh Pucuk Harum 350ml,13,4000
2024-10-31,Rokok Gudang Garam,13,28000
2024-10-31,Telur Ayam (butir),18,2500
2024-10-31,Susu Ultra Milk 250ml,8,5500
2024-10-31,Roti Tawar Sari Roti,6,15000
2024-10-31,Mie Sedaap Goreng,9,3200
2024-10-31,Sambal ABC Sachet,16,2000
2024-11-01,Indomie Goreng,15,3500
2024-11-01,Minyak Goreng Bimoli 1L,6,18000
2024-11-01,Beras Premium 5kg,3,65000
2024-11-01,Gula Pasir 1kg,7,15000
2024-11-01,Kopi Kapal Api Sachet,20,1500
2024-11-01,Deterjen Rinso 800g,5,12000
2024-11-01,Air Mineral Aqua 600ml,27,3000
2024-11-01,Teh Pucuk Harum 350ml,12,4000
2024-11-01,Rokok Gudang Garam,12,28000
2024-11-01,Telur Ayam (butir),16,2500
2024-11-01,Susu Ultra Milk 250ml,5,5500
2024-11-01,Roti Tawar Sari Roti,1,15000
2024-11-01,Mie Sedaap Goreng,14,3200
2024-11-01,Sambal ABC Sachet,19,2000
2024-11-02,Indomie Goreng,17,3500
2024-11-02,Minyak Goreng Bimoli 1L,6,18000
2024-11-02,Beras Premium 5kg,3,65000
2024-11-02,Gula Pasir 1kg,5,15000
2024-11-02,Kopi Kapal Api Sachet,16,1500
2024-11-02,Sabun Mandi Lifebuoy,11,4500
2024-11-02,Deterjen Rinso 800g,4,12000
2024-11-02,Air Mineral Aqua 600ml,20,3000
2024-11-02,Teh Pucuk Harum 350ml,9,4000
2024-11-02,Rokok Gudang Garam,8,28000
2024-11-02,Telur Ayam (butir),14,2500
2024-11-02,Susu Ultra Milk 250ml,10,5500
2024-11-02,Roti Tawar Sari Roti,5,15000
2024-11-02,Mie Sedaap Goreng,7,3200
2024-11-02,Sambal ABC Sachet,11,2000
2024-11-03,Indomie Goreng,16,3500
2024-11-03,Minyak Goreng Bimoli 1L,4,18000
2024-11-03,Beras Premium 5kg,3,65000
2024-11-03,Gula Pasir 1kg,6,15000
2024-11-03,Kopi Kapal Api Sachet,27,1500
2024-11-03,Sabun Mandi Lifebuoy,7,4500
2024-11-03,Deterjen Rinso 800g,4,12000
2024-11-03,Air Mineral Aqua 600ml,23,3000
2024-11-03,Teh Pucuk Harum 350ml,9,4000
2024-11-03,Rokok Gudang Garam,13,28000
2024-11-03,Telur Ayam (butir),22,2500
2024-11-03,Susu Ultra Milk 250ml,9,5500
2024-11-03,Roti Tawar Sari Roti,3,15000
2024-11-03,Mie Sedaap Goreng,14,3200
2024-11-03,Sambal ABC Sachet,18,2000
2024-11-04,Indomie Goreng,7,3500
2024-11-04,Minyak Goreng Bimoli 1L,7,18000
2024-11-04,Beras Premium 5kg,7,65000
2024-11-04,Gula Pasir 1kg,10,15000
2024-11-04,Kopi Kapal Api Sachet,20,1500
2024-11-04,Sabun Mandi Lifebuoy,2,4500
2024-11-04,Deterjen Rinso 800g,4,12000
2024-11-04,Air Mineral Aqua 600ml,24,3000
2024-11-04,Teh Pucuk Harum 350ml,14,4000
2024-11-04,Rokok Gudang Garam,8,28000
2024-11-04,Telur Ayam (butir),18,2500
2024-11-04,Susu Ultra Milk 250ml,10,5500
2024-11-04,Roti Tawar Sari Roti,8,15000
2024-11-04,Mie Sedaap Goreng,8,3200
2024-11-04,Sambal ABC Sachet,11,2000
2024-11-05,Indomie Goreng,14,3500
2024-11-05,Minyak Goreng Bimoli 1L,6,18000
2024-11-05,Beras Premium 5kg,7,65000
2024-11-05,Gula Pasir 1kg,4,15000
2024-11-05,Kopi Kapal Api Sachet,22,1500
2024-11-05,Sabun Mandi Lifebuoy,7,4500
2024-11-05,Deterjen Rinso 800g,3,12000
2024-11-05,Air Mineral Aqua 600ml,15,3000
2024-11-05,Teh Pucuk Harum 350ml,11,4000
2024-11-05,Rokok Gudang Garam,6,28000
2024-11-05,Telur Ayam (butir),10,2500
2024-11-05,Susu Ultra Milk 250ml,6,5500
2024-11-05,Roti Tawar Sari Roti,3,15000
2024-11-05,Mie Sedaap Goreng,10,3200
2024-11-05,Sambal ABC Sachet,13,2000
2024-11-06,Indomie Goreng,11,3500
2024-11-06,Minyak Goreng Bimoli 1L,2,18000
2024-11-06,Beras Premium 5kg,1,65000
2024-11-06,Gula Pasir 1kg,7,15000
2024-11-06,Kopi Kapal Api Sachet,12,1500
2024-11-06,Sabun Mandi Lifebuoy,9,4500
2024-11-06,Deterjen Rinso 800g,8,12000
2024-11-06,Air Mineral Aqua 600ml,18,3000
2024-11-06,Teh Pucuk Harum 350ml,12,4000
2024-11-06,Rokok Gudang Garam,11,28000
2024-11-06,Telur Ayam (butir),17,2500
2024-11-06,Susu Ultra Milk 250ml,15,5500
2024-11-06,Roti Tawar Sari Roti,5,15000
2024-11-06,Mie Sedaap Goreng,12,3200
2024-11-06,Sambal ABC Sachet,6,2000
2024-11-07,Indomie Goreng,10,3500
2024-11-07,Minyak Goreng Bimoli 1L,5,18000
2024-11-07,Beras Premium 5kg,6,65000
2024-11-07,Gula Pasir 1kg,1,15000
2024-11-07,Kopi Kapal Api Sachet,20,1500
2024-11-07,Sabun Mandi Lifebuoy,10,4500
2024-11-07,Deterjen Rinso 800g,3,12000
2024-11-07,Air Mineral Aqua 600ml,22,3000
2024-11-07,Teh Pucuk Harum 350ml,11,4000
2024-11-07,Rokok Gudang Garam,6,28000
2024-11-07,Telur Ayam (butir),8,2500
2024-11-07,Susu Ultra Milk 250ml,9,5500
2024-11-07,Roti Tawar Sari Roti,4,15000
2024-11-07,Mie Sedaap Goreng,10,3200
2024-11-07,Sambal ABC Sachet,14,2000
2024-11-08,Indomie Goreng,9,3500
2024-11-08,Minyak Goreng Bimoli 1L,9,18000
2024-11-08,Beras Premium 5kg,3,65000
2024-11-08,Gula Pasir 1kg,5,15000
2024-11-08,Kopi Kapal Api Sachet,8,1500
2024-11-08,Sabun Mandi Lifebuoy,8,4500
2024-11-08,Deterjen Rinso 800g,3,12000
2024-11-08,Air Mineral Aqua 600ml,14,3000
2024-11-08,Teh Pucuk Harum 350ml,12,4000
2024-11-08,Rokok Gudang Garam,4,28000
2024-11-08,Telur Ayam (butir),17,2500
2024-11-08,Susu Ultra Milk 250ml,6,5500
2024-11-08,Roti Tawar Sari Roti,2,15000
2024-11-08,Mie Sedaap Goreng,14,3200
2024-11-08,Sambal ABC Sachet,11,2000
2024-11-09,Indomie Goreng,11,3500
2024-11-09,Minyak Goreng Bimoli 1L,8,18000
2024-11-09,Beras Premium 5kg,7,65000
2024-11-09,Gula Pasir 1kg,4,15000
2024-11-09,Kopi Kapal Api Sachet,21,1500
2024-11-09,Sabun Mandi Lifebuoy,7,4500
2024-11-09,Deterjen Rinso 800g,4,12000
2024-11-09,Air Mineral Aqua 600ml,20,3000
2024-11-09,Teh Pucuk Harum 350ml,8,4000
2024-11-09,Rokok Gudang Garam,11,28000
2024-11-09,Telur Ayam (butir),18,2500
2024-11-09,Susu Ultra Milk 250ml,7,5500
2024-11-09,Roti Tawar Sari Roti,3,15000
2024-11-09,Mie Sedaap Goreng,11,3200
2024-11-09,Sambal ABC Sachet,16,2000
2024-11-10,Indomie Goreng,16,3500
2024-11-10,Minyak Goreng Bimoli 1L,11,18000
2024-11-10,Beras Premium 5kg,2,65000
2024-11-10,Gula Pasir 1kg,7,15000
2024-11-10,Kopi Kapal Api Sachet,17,1500
2024-11-10,Sabun Mandi Lifebuoy,10,4500
2024-11-10,Deterjen Rinso 800g,2,12000
2024-11-10,Air Mineral Aqua 600ml,20,3000
2024-11-10,Teh Pucuk Harum 350ml,22,4000
2024-11-10,Rokok Gudang Garam,12,28000
2024-11-10,Telur Ayam (butir),16,2500
2024-11-10,Susu Ultra Milk 250ml,5,5500
2024-11-10,Roti Tawar Sari Roti,7,15000
2024-11-10,Mie Sedaap Goreng,14,3200
2024-11-10,Sambal ABC Sachet,9,2000
2024-11-11,Indomie Goreng,11,3500
2024-11-11,Minyak Goreng Bimoli 1L,5,18000
2024-11-11,Beras Premium 5kg,3,65000
2024-11-11,Gula Pasir 1kg,7,15000
2024-11-11,Kopi Kapal Api Sachet,17,1500
2024-11-11,Sabun Mandi Lifebuoy,3,4500
2024-11-11,Deterjen Rinso 800g,6,12000
2024-11-11,Air Mineral Aqua 600ml,25,3000
2024-11-11,Teh Pucuk Harum 350ml,11,4000
2024-11-11,Rokok Gudang Garam,7,28000
2024-11-11,Telur Ayam (butir),10,2500
2024-11-11,Susu Ultra Milk 250ml,5,5500
2024-11-11,Roti Tawar Sari Roti,4,15000
2024-11-11,Mie Sedaap Goreng,16,3200
2024-11-11,Sambal ABC Sachet,14,2000
2024-11-12,Indomie Goreng,14,3500
2024-11-12,Minyak Goreng Bimoli 1L,6,18000
2024-11-12,Beras Premium 5kg,2,65000
2024-11-12,Gula Pasir 1kg,7,15000
2024-11-12,Kopi Kapal Api Sachet,14,1500
2024-11-12,Sabun Mandi Lifebuoy,10,4500
2024-11-12,Deterjen Rinso 800g,3,12000
2024-11-12,Air Mineral Aqua 600ml,20,3000
2024-11-12,Teh Pucuk Harum 350ml,11,4000
2024-11-12,Rokok Gudang Garam,8,28000
2024-11-12,Telur Ayam (butir),13,2500
2024-11-12,Susu Ultra Milk 250ml,9,5500
2024-11-12,Roti Tawar Sari Roti,4,15000
2024-11-12,Mie Sedaap Goreng,7,3200
2024-11-12,Sambal ABC Sachet,13,2000
2024-11-13,Indomie Goreng,10,3500
2024-11-13,Minyak Goreng Bimoli 1L,6,18000
2024-11-13,Beras Premium 5kg,5,65000
2024-11-13,Gula Pasir 1kg,3,15000
2024-11-13,Kopi Kapal Api Sachet,14,1500
2024-11-13,Sabun Mandi Lifebuoy,2,4500
2024-11-13,Deterjen Rinso 800g,2,12000
2024-11-13,Air Mineral Aqua 600ml,24,3000
2024-11-13,Teh Pucuk Harum 350ml,12,4000
2024-11-13,Rokok Gudang Garam,10,28000
2024-11-13,Telur Ayam (butir),19,2500
2024-11-13,Susu Ultra Milk 250ml,7,5500
2024-11-13,Roti Tawar Sari Roti,5,15000
2024-11-13,Mie Sedaap Goreng,5,3200
2024-11-13,Sambal ABC Sachet,12,2000
2024-11-14,Indomie Goreng,8,3500
2024-11-14,Minyak Goreng Bimoli 1L,8,18000
2024-11-14,Beras Premium 5kg,3,65000
2024-11-14,Gula Pasir 1kg,4,15000
2024-11-14,Kopi Kapal Api Sachet,15,1500
2024-11-14,Sabun Mandi Lifebuoy,3,4500
2024-11-14,Deterjen Rinso 800g,2,12000
2024-11-14,Air Mineral Aqua 600ml,22,3000
2024-11-14,Teh Pucuk Harum 350ml,10,4000
2024-11-14,Rokok Gudang Garam,12,28000
2024-11-14,Telur Ayam (butir),14,2500
2024-11-14,Susu Ultra Milk 250ml,6,5500
2024-11-14,Roti Tawar Sari Roti,5,15000
2024-11-14,Mie Sedaap Goreng,10,3200
2024-11-14,Sambal ABC Sachet,13,2000
2024-11-15,Indomie Goreng,13,3500
2024-11-15,Minyak Goreng Bimoli 1L,3,18000
2024-11-15,Beras Premium 5kg,1,65000
2024-11-15,Gula Pasir 1kg,5,15000
2024-11-15,Kopi Kapal Api Sachet,16,1500
2024-11-15,Sabun Mandi Lifebuoy,9,4500
2024-11-15,Deterjen Rinso 800g,6,12000
2024-11-15,Air Mineral Aqua 600ml,20,3000
2024-11-15,Teh Pucuk Harum 350ml,10,4000
2024-11-15,Rokok Gudang Garam,16,28000
2024-11-15,Telur Ayam (butir),13,2500
2024-11-15,Susu Ultra Milk 250ml,5,5500
2024-11-15,Roti Tawar Sari Roti,2,15000
2024-11-15,Mie Sedaap Goreng,6,3200
2024-11-15,Sambal ABC Sachet,8,2000
2024-11-16,Indomie Goreng,16,3500
2024-11-16,Minyak Goreng Bimoli 1L,7,18000
2024-11-16,Beras Premium 5kg,4,65000
2024-11-16,Gula Pasir 1kg,6,15000
2024-11-16,Kopi Kapal Api Sachet,20,1500
2024-11-16,Sabun Mandi Lifebuoy,5,4500
2024-11-16,Deterjen Rinso 800g,1,12000
2024-11-16,Air Mineral Aqua 600ml,15,3000
2024-11-16,Teh Pucuk Harum 350ml,10,4000
2024-11-16,Rokok Gudang Garam,9,28000
2024-11-16,Telur Ayam (butir),16,2500
2024-11-16,Susu Ultra Milk 250ml,14,5500
2024-11-16,Roti Tawar Sari Roti,4,15000
2024-11-16,Mie Sedaap Goreng,6,3200
2024-11-16,Sambal ABC Sachet,10,2000
2024-11-17,Indomie Goreng,9,3500
2024-11-17,Minyak Goreng Bimoli 1L,5,18000
2024-11-17,Beras Premium 5kg,2,65000
2024-11-17,Gula Pasir 1kg,5,15000
2024-11-17,Kopi Kapal Api Sachet,30,1500
2024-11-17,Sabun Mandi Lifebuoy,9,4500
2024-11-17,Deterjen Rinso 800g,3,12000
2024-11-17,Air Mineral Aqua 600ml,20,3000
2024-11-17,Teh Pucuk Harum 350ml,8,4000
2024-11-17,Rokok Gudang Garam,12,28000
2024-11-17,Telur Ayam (butir),18,2500
2024-11-17,Susu Ultra Milk 250ml,4,5500
2024-11-17,Roti Tawar Sari Roti,7,15000
2024-11-17,Mie Sedaap Goreng,13,3200
2024-11-17,Sambal ABC Sachet,10,2000
2024-11-18,Indomie Goreng,13,3500
2024-11-18,Minyak Goreng Bimoli 1L,10,18000
2024-11-18,Beras Premium 5kg,1,65000
2024-11-18,Gula Pasir 1kg,5,15000
2024-11-18,Kopi Kapal Api Sachet,13,1500
2024-11-18,Sabun Mandi Lifebuoy,4,4500
2024-11-18,Deterjen Rinso 800g,1,12000
2024-11-18,Air Mineral Aqua 600ml,21,3000
2024-11-18,Teh Pucuk Harum 350ml,13,4000
2024-11-18,Rokok Gudang Garam,8,28000
2024-11-18,Telur Ayam (butir),20,2500
2024-11-18,Susu Ultra Milk 250ml,9,5500
2024-11-18,Roti Tawar Sari Roti,5,15000
2024-11-18,Mie Sedaap Goreng,11,3200
2024-11-18,Sambal ABC Sachet,7,2000
2024-11-19,Indomie Goreng,12,3500
2024-11-19,Minyak Goreng Bimoli 1L,6,18000
2024-11-19,Beras Premium 5kg,3,65000
2024-11-19,Gula Pasir 1kg,3,15000
2024-11-19,Kopi Kapal Api Sachet,15,1500
2024-11-19,Sabun Mandi Lifebuoy,3,4500
2024-11-19,Deterjen Rinso 800g,1,12000
2024-11-19,Air Mineral Aqua 600ml,21,3000
2024-11-19,Teh Pucuk Harum 350ml,10,4000
2024-11-19,Rokok Gudang Garam,3,28000
2024-11-19,Telur Ayam (butir),13,2500
2024-11-19,Susu Ultra Milk 250ml,6,5500
2024-11-19,Roti Tawar Sari Roti,1,15000
2024-11-19,Mie Sedaap Goreng,11,3200
2024-11-19,Sambal ABC Sachet,11,2000
2024-11-20,Indomie Goreng,9,3500
2024-11-20,Minyak Goreng Bimoli 1L,9,18000
2024-11-20,Beras Premium 5kg,8,65000
2024-11-20,Gula Pasir 1kg,5,15000
2024-11-20,Kopi Kapal Api Sachet,13,1500
2024-11-20,Sabun Mandi Lifebuoy,4,4500
2024-11-20,Deterjen Rinso 800g,5,12000
2024-11-20,Air Mineral Aqua 600ml,13,3000
2024-11-20,Teh Pucuk Harum 350ml,12,4000
2024-11-20,Rokok Gudang Garam,4,28000
2024-11-20,Telur Ayam (butir),21,2500
2024-11-20,Susu Ultra Milk 250ml,3,5500
2024-11-20,Roti Tawar Sari Roti,7,15000
2024-11-20,Mie Sedaap Goreng,10,3200
2024-11-20,Sambal ABC Sachet,10,2000
2024-11-21,Indomie Goreng,10,3500
2024-11-21,Minyak Goreng Bimoli 1L,6,18000
2024-11-21,Beras Premium 5kg,6,65000
2024-11-21,Gula Pasir 1kg,5,15000
2024-11-21,Kopi Kapal Api Sachet,16,1500
2024-11-21,Sabun Mandi Lifebuoy,7,4500
2024-11-21,Deterjen Rinso 800g,2,12000
2024-11-21,Air Mineral Aqua 600ml,13,3000
2024-11-21,Teh Pucuk Harum 350ml,10,4000
2024-11-21,Rokok Gudang Garam,9,28000
2024-11-21,Telur Ayam (butir),17,2500
2024-11-21,Susu Ultra Milk 250ml,9,5500
2024-11-21,Roti Tawar Sari Roti,1,15000
2024-11-21,Mie Sedaap Goreng,13,3200
2024-11-21,Sambal ABC Sachet,8,2000
2024-11-22,Indomie Goreng,11,3500
2024-11-22,Minyak Goreng Bimoli 1L,6,18000
2024-11-22,Beras Premium 5kg,3,65000
2024-11-22,Gula Pasir 1kg,6,15000
2024-11-22,Kopi Kapal Api Sachet,20,1500
2024-11-22,Sabun Mandi Lifebuoy,1,4500
2024-11-22,Deterjen Rinso 800g,7,12000
2024-11-22,Air Mineral Aqua 600ml,20,3000
2024-11-22,Teh Pucuk Harum 350ml,10,4000
2024-11-22,Rokok Gudang Garam,5,28000
2024-11-22,Telur Ayam (butir),11,2500
2024-11-22,Susu Ultra Milk 250ml,13,5500
2024-11-22,Roti Tawar Sari Roti,2,15000
2024-11-22,Mie Sedaap Goreng,11,3200
2024-11-22,Sambal ABC Sachet,9,2000
2024-11-23,Indomie Goreng,12,3500
2024-11-23,Minyak Goreng Bimoli 1L,5,18000
2024-11-23,Beras Premium 5kg,8,65000
2024-11-23,Gula Pasir 1kg,3,15000
2024-11-23,Kopi Kapal Api Sachet,13,1500
2024-11-23,Sabun Mandi Lifebuoy,8,4500
2024-11-23,Deterjen Rinso 800g,1,12000
2024-11-23,Air Mineral Aqua 600ml,21,3000
2024-11-23,Teh Pucuk Harum 350ml,11,4000
2024-11-23,Rokok Gudang Garam,7,28000
2024-11-23,Telur Ayam (butir),23,2500
2024-11-23,Susu Ultra Milk 250ml,10,5500
2024-11-23,Roti Tawar Sari Roti,5,15000
2024-11-23,Mie Sedaap Goreng,10,3200
2024-11-23,Sambal ABC Sachet,14,2000
2024-11-24,Indomie Goreng,13,3500
2024-11-24,Minyak Goreng Bimoli 1L,7,18000
2024-11-24,Beras Premium 5kg,3,65000
2024-11-24,Gula Pasir 1kg,4,15000
2024-11-24,Kopi Kapal Api Sachet,17,1500
2024-11-24,Sabun Mandi Lifebuoy,9,4500
2024-11-24,Deterjen Rinso 800g,4,12000
2024-11-24,Air Mineral Aqua 600ml,26,3000
2024-11-24,Teh Pucuk Harum 350ml,7,4000
2024-11-24,Rokok Gudang Garam,3,28000
2024-11-24,Telur Ayam (butir),19,2500
2024-11-24,Susu Ultra Milk 250ml,12,5500
2024-11-24,Roti Tawar Sari Roti,4,15000
2024-11-24,Mie Sedaap Goreng,21,3200
2024-11-24,Sambal ABC Sachet,10,2000
2024-11-25,Indomie Goreng,14,3500
2024-11-25,Minyak Goreng Bimoli 1L,3,18000
2024-11-25,Beras Premium 5kg,1,65000
2024-11-25,Gula Pasir 1kg,7,15000
2024-11-25,Kopi Kapal Api Sachet,18,1500
2024-11-25,Sabun Mandi Lifebuoy,8,4500
2024-11-25,Deterjen Rinso 800g,5,12000
2024-11-25,Air Mineral Aqua 600ml,16,3000
2024-11-25,Teh Pucuk Harum 350ml,13,4000
2024-11-25,Rokok Gudang Garam,7,28000
2024-11-25,Telur Ayam (butir),15,2500
2024-11-25,Susu Ultra Milk 250ml,8,5500
2024-11-25,Roti Tawar Sari Roti,4,15000
2024-11-25,Mie Sedaap Goreng,8,3200
2024-11-25,Sambal ABC Sachet,9,2000
2024-11-26,Indomie Goreng,15,3500
2024-11-26,Minyak Goreng Bimoli 1L,4,18000
2024-11-26,Beras Premium 5kg,3,65000
2024-11-26,Gula Pasir 1kg,4,15000
2024-11-26,Kopi Kapal Api Sachet,19,1500
2024-11-26,Sabun Mandi Lifebuoy,6,4500
2024-11-26,Deterjen Rinso 800g,3,12000
2024-11-26,Air Mineral Aqua 600ml,26,3000
2024-11-26,Teh Pucuk Harum 350ml,8,4000
2024-11-26,Rokok Gudang Garam,12,28000
2024-11-26,Telur Ayam (butir),13,2500
2024-11-26,Susu Ultra Milk 250ml,7,5500
2024-11-26,Roti Tawar Sari Roti,3,15000
2024-11-26,Mie Sedaap Goreng,11,3200
2024-11-26,Sambal ABC Sachet,11,2000
2024-11-27,Indomie Goreng,5,3500
2024-11-27,Minyak Goreng Bimoli 1L,4,18000
2024-11-27,Beras Premium 5kg,2,65000
2024-11-27,Gula Pasir 1kg,5,15000
2024-11-27,Kopi Kapal Api Sachet,9,1500
2024-11-27,Sabun Mandi Lifebuoy,5,4500
2024-11-27,Deterjen Rinso 800g,2,12000
2024-11-27,Air Mineral Aqua 600ml,19,3000
2024-11-27,Teh Pucuk Harum 350ml,10,4000
2024-11-27,Rokok Gudang Garam,7,28000
2024-11-27,Telur Ayam (butir),15,2500
2024-11-27,Susu Ultra Milk 250ml,8,5500
2024-11-27,Roti Tawar Sari Roti,4,15000
2024-11-27,Mie Sedaap Goreng,5,3200
2024-11-27,Sambal ABC Sachet,14,2000
2024-11-28,Indomie Goreng,16,3500
2024-11-28,Minyak Goreng Bimoli 1L,3,18000
2024-11-28,Beras Premium 5kg,2,65000
2024-11-28,Gula Pasir 1kg,4,15000
2024-11-28,Kopi Kapal Api Sachet,18,1500
2024-11-28,Sabun Mandi Lifebuoy,6,4500
2024-11-28,Deterjen Rinso 800g,5,12000
2024-11-28,Air Mineral Aqua 600ml,22,3000
2024-11-28,Teh Pucuk Harum 350ml,9,4000
2024-11-28,Rokok Gudang Garam,11,28000
2024-11-28,Telur Ayam (butir),17,2500
2024-11-28,Susu Ultra Milk 250ml,5,5500
2024-11-28,Roti Tawar Sari Roti,2,15000
2024-11-28,Mie Sedaap Goreng,11,3200
2024-11-28,Sambal ABC Sachet,7,2000
2024-11-29,Indomie Goreng,12,3500
2024-11-29,Minyak Goreng Bimoli 1L,5,18000
2024-11-29,Beras Premium 5kg,5,65000
2024-11-29,Gula Pasir 1kg,6,15000
2024-11-29,Kopi Kapal Api Sachet,15,1500
2024-11-29,Sabun Mandi Lifebuoy,10,4500
2024-11-29,Deterjen Rinso 800g,2,12000
2024-11-29,Air Mineral Aqua 600ml,22,3000
2024-11-29,Teh Pucuk Harum 350ml,14,4000
2024-11-29,Rokok Gudang Garam,8,28000
2024-11-29,Telur Ayam (butir),15,2500
2024-11-29,Susu Ultra Milk 250ml,7,5500
2024-11-29,Roti Tawar Sari Roti,8,15000
2024-11-29,Mie Sedaap Goreng,7,3200
2024-11-29,Sambal ABC Sachet,10,2000
2024-11-30,Indomie Goreng,10,3500
2024-11-30,Minyak Goreng Bimoli 1L,9,18000
2024-11-30,Beras Premium 5kg,7,65000
2024-11-30,Gula Pasir 1kg,6,15000
2024-11-30,Kopi Kapal Api Sachet,19,1500
2024-11-30,Sabun Mandi Lifebuoy,9,4500
2024-11-30,Deterjen Rinso 800g,4,12000
2024-11-30,Air Mineral Aqua 600ml,18,3000
2024-11-30,Teh Pucuk Harum 350ml,12,4000
2024-11-30,Rokok Gudang Garam,11,28000
2024-11-30,Telur Ayam (butir),10,2500
2024-11-30,Susu Ultra Milk 250ml,10,5500
2024-11-30,Roti Tawar Sari Roti,7,15000
2024-11-30,Mie Sedaap Goreng,11,3200
2024-11-30,Sambal ABC Sachet,8,2000
2024-12-01,Indomie Goreng,20,3500
2024-12-01,Minyak Goreng Bimoli 1L,7,18000
2024-12-01,Beras Premium 5kg,4,65000
2024-12-01,Gula Pasir 1kg,7,15000
2024-12-01,Kopi Kapal Api Sachet,17,1500
2024-12-01,Sabun Mandi Lifebuoy,12,4500
2024-12-01,Deterjen Rinso 800g,5,12000
2024-12-01,Air Mineral Aqua 600ml,34,3000
2024-12-01,Teh Pucuk Harum 350ml,19,4000
2024-12-01,Rokok Gudang Garam,13,28000
2024-12-01,Telur Ayam (butir),27,2500
2024-12-01,Susu Ultra Milk 250ml,14,5500
2024-12-01,Roti Tawar Sari Roti,2,15000
2024-12-01,Mie Sedaap Goreng,15,3200
2024-12-01,Sambal ABC Sachet,17,2000
2024-12-02,Indomie Goreng,12,3500
2024-12-02,Minyak Goreng Bimoli 1L,5,18000
2024-12-02,Beras Premium 5kg,5,65000
2024-12-02,Gula Pasir 1kg,10,15000
2024-12-02,Kopi Kapal Api Sachet,12,1500
2024-12-02,Sabun Mandi Lifebuoy,6,4500
2024-12-02,Deterjen Rinso 800g,8,12000
2024-12-02,Air Mineral Aqua 600ml,29,3000
2024-12-02,Teh Pucuk Harum 350ml,14,4000
2024-12-02,Rokok Gudang Garam,17,28000
2024-12-02,Telur Ayam (butir),26,2500
2024-12-02,Susu Ultra Milk 250ml,10,5500
2024-12-02,Roti Tawar Sari Roti,2,15000
2024-12-02,Mie Sedaap Goreng,10,3200
2024-12-02,Sambal ABC Sachet,11,2000
2024-12-03,Indomie Goreng,9,3500
2024-12-03,Minyak Goreng Bimoli 1L,4,18000
2024-12-03,Beras Premium 5kg,3,65000
2024-12-03,Gula Pasir 1kg,3,15000
2024-12-03,Kopi Kapal Api Sachet,17,1500
2024-12-03,Sabun Mandi Lifebuoy,8,4500
2024-12-03,Deterjen Rinso 800g,7,12000
2024-12-03,Air Mineral Aqua 600ml,27,3000
2024-12-03,Teh Pucuk Harum 350ml,14,4000
2024-12-03,Rokok Gudang Garam,15,28000
2024-12-03,Telur Ayam (butir),15,2500
2024-12-03,Susu Ultra Milk 250ml,8,5500
2024-12-03,Roti Tawar Sari Roti,3,15000
2024-12-03,Mie Sedaap Goreng,13,3200
2024-12-03,Sambal ABC Sachet,19,2000
2024-12-04,Indomie Goreng,9,3500
2024-12-04,Minyak Goreng Bimoli 1L,8,18000
2024-12-04,Beras Premium 5kg,10,65000
2024-12-04,Gula Pasir 1kg,3,15000
2024-12-04,Kopi Kapal Api Sachet,23,1500
2024-12-04,Sabun Mandi Lifebuoy,4,4500
2024-12-04,Deterjen Rinso 800g,4,12000
2024-12-04,Air Mineral Aqua 600ml,27,3000
2024-12-04,Teh Pucuk Harum 350ml,17,4000
2024-12-04,Rokok Gudang Garam,13,28000
2024-12-04,Telur Ayam (butir),15,2500
2024-12-04,Susu Ultra Milk 250ml,10,5500
2024-12-04,Roti Tawar Sari Roti,4,15000
2024-12-04,Mie Sedaap Goreng,8,3200
2024-12-04,Sambal ABC Sachet,13,2000
2024-12-05,Indomie Goreng,19,3500
2024-12-05,Minyak Goreng Bimoli 1L,3,18000
2024-12-05,Beras Premium 5kg,1,65000
2024-12-05,Gula Pasir 1kg,4,15000
2024-12-05,Kopi Kapal Api Sachet,19,1500
2024-12-05,Sabun Mandi Lifebuoy,9,4500
2024-12-05,Deterjen Rinso 800g,7,12000
2024-12-05,Air Mineral Aqua 600ml,24,3000
2024-12-05,Teh Pucuk Harum 350ml,15,4000
2024-12-05,Rokok Gudang Garam,10,28000
2024-12-05,Telur Ayam (butir),20,2500
2024-12-05,Susu Ultra Milk 250ml,4,5500
2024-12-05,Roti Tawar Sari Roti,4,15000
2024-12-05,Mie Sedaap Goreng,11,3200
2024-12-05,Sambal ABC Sachet,21,2000
2024-12-06,Indomie Goreng,13,3500
2024-12-06,Minyak Goreng Bimoli 1L,4,18000
2024-12-06,Beras Premium 5kg,3,65000
2024-12-06,Gula Pasir 1kg,6,15000
2024-12-06,Kopi Kapal Api Sachet,20,1500
2024-12-06,Sabun Mandi Lifebuoy,5,4500
2024-12-06,Deterjen Rinso 800g,3,12000
2024-12-06,Air Mineral Aqua 600ml,23,3000
2024-12-06,Teh Pucuk Harum 350ml,14,4000
2024-12-06,Rokok Gudang Garam,9,28000
2024-12-06,Telur Ayam (butir),18,2500
2024-12-06,Susu Ultra Milk 250ml,11,5500
2024-12-06,Roti Tawar Sari Roti,6,15000
2024-12-06,Mie Sedaap Goreng,6,3200
2024-12-06,Sambal ABC Sachet,9,2000
2024-12-07,Indomie Goreng,18,3500
2024-12-07,Minyak Goreng Bimoli 1L,12,18000
2024-12-07,Beras Premium 5kg,3,65000
2024-12-07,Gula Pasir 1kg,4,15000
2024-12-07,Kopi Kapal Api Sachet,19,1500
2024-12-07,Sabun Mandi Lifebuoy,8,4500
2024-12-07,Deterjen Rinso 800g,3,12000
2024-12-07,Air Mineral Aqua 600ml,29,3000
2024-12-07,Teh Pucuk Harum 350ml,14,4000
2024-12-07,Rokok Gudang Garam,14,28000
2024-12-07,Telur Ayam (butir),23,2500
2024-12-07,Susu Ultra Milk 250ml,10,5500
2024-12-07,Roti Tawar Sari Roti,4,15000
2024-12-07,Mie Sedaap Goreng,19,3200
2024-12-07,Sambal ABC Sachet,15,2000
2024-12-08,Indomie Goreng,15,3500
2024-12-08,Minyak Goreng Bimoli 1L,6,18000
2024-12-08,Beras Premium 5kg,2,65000
2024-12-08,Gula Pasir 1kg,9,15000
2024-12-08,Kopi Kapal Api Sachet,21,1500
2024-12-08,Sabun Mandi Lifebuoy,8,4500
2024-12-08,Deterjen Rinso 800g,12,12000
2024-12-08,Air Mineral Aqua 600ml,37,3000
2024-12-08,Teh Pucuk Harum 350ml,18,4000
2024-12-08,Rokok Gudang Garam,11,28000
2024-12-08,Telur Ayam (butir),27,2500
2024-12-08,Susu Ultra Milk 250ml,8,5500
2024-12-08,Roti Tawar Sari Roti,4,15000
2024-12-08,Mie Sedaap Goreng,15,3200
2024-12-08,Sambal ABC Sachet,16,2000
2024-12-09,Indomie Goreng,16,3500
2024-12-09,Minyak Goreng Bimoli 1L,8,18000
2024-12-09,Beras Premium 5kg,2,65000
2024-12-09,Kopi Kapal Api Sachet,24,1500
2024-12-09,Sabun Mandi Lifebuoy,6,4500
2024-12-09,Deterjen Rinso 800g,4,12000
2024-12-09,Air Mineral Aqua 600ml,21,3000
2024-12-09,Teh Pucuk Harum 350ml,18,4000
2024-12-09,Rokok Gudang Garam,8,28000
2024-12-09,Telur Ayam (butir),12,2500
2024-12-09,Susu Ultra Milk 250ml,3,5500
2024-12-09,Roti Tawar Sari Roti,3,15000
2024-12-09,Mie Sedaap Goreng,12,3200
2024-12-09,Sambal ABC Sachet,15,2000
2024-12-10,Indomie Goreng,15,3500
2024-12-10,Minyak Goreng Bimoli 1L,4,18000
2024-12-10,Beras Premium 5kg,3,65000
2024-12-10,Gula Pasir 1kg,7,15000
2024-12-10,Kopi Kapal Api Sachet,12,1500
2024-12-10,Sabun Mandi Lifebuoy,10,4500
2024-12-10,Deterjen Rinso 800g,4,12000
2024-12-10,Air Mineral Aqua 600ml,25,3000
2024-12-10,Teh Pucuk Harum 350ml,11,4000
2024-12-10,Rokok Gudang Garam,8,28000
2024-12-10,Telur Ayam (butir),13,2500
2024-12-10,Susu Ultra Milk 250ml,7,5500
2024-12-10,Roti Tawar Sari Roti,2,15000
2024-12-10,Mie Sedaap Goreng,18,3200
2024-12-10,Sambal ABC Sachet,11,2000
2024-12-11,Indomie Goreng,12,3500
2024-12-11,Minyak Goreng Bimoli 1L,9,18000
2024-12-11,Beras Premium 5kg,3,65000
2024-12-11,Gula Pasir 1kg,2,15000
2024-12-11,Kopi Kapal Api Sachet,24,1500
2024-12-11,Sabun Mandi Lifebuoy,6,4500
2024-12-11,Deterjen Rinso 800g,8,12000
2024-12-11,Air Mineral Aqua 600ml,32,3000
2024-12-11,Teh Pucuk Harum 350ml,8,4000
2024-12-11,Rokok Gudang Garam,10,28000
2024-12-11,Telur Ayam (butir),14,2500
2024-12-11,Susu Ultra Milk 250ml,6,5500
2024-12-11,Roti Tawar Sari Roti,5,15000
2024-12-11,Mie Sedaap Goreng,7,3200
2024-12-11,Sambal ABC Sachet,13,2000
2024-12-12,Indomie Goreng,13,3500
2024-12-12,Minyak Goreng Bimoli 1L,9,18000
2024-12-12,Beras Premium 5kg,6,65000
2024-12-12,Gula Pasir 1kg,2,15000
2024-12-12,Kopi Kapal Api Sachet,17,1500
2024-12-12,Sabun Mandi Lifebuoy,8,4500
2024-12-12,Deterjen Rinso 800g,2,12000
2024-12-12,Air Mineral Aqua 600ml,23,3000
2024-12-12,Teh Pucuk Harum 350ml,11,4000
2024-12-12,Rokok Gudang Garam,8,28000
2024-12-12,Telur Ayam (butir),18,2500
2024-12-12,Susu Ultra Milk 250ml,16,5500
2024-12-12,Roti Tawar Sari Roti,5,15000
2024-12-12,Mie Sedaap Goreng,10,3200
2024-12-12,Sambal ABC Sachet,14,2000
2024-12-13,Indomie Goreng,15,3500
2024-12-13,Minyak Goreng Bimoli 1L,4,18000
2024-12-13,Beras Premium 5kg,4,65000
2024-12-13,Gula Pasir 1kg,4,15000
2024-12-13,Kopi Kapal Api Sachet,21,1500
2024-12-13,Sabun Mandi Lifebuoy,11,4500
2024-12-13,Deterjen Rinso 800g,5,12000
2024-12-13,Air Mineral Aqua 600ml,18,3000
2024-12-13,Teh Pucuk Harum 350ml,22,4000
2024-12-13,Rokok Gudang Garam,15,28000
2024-12-13,Telur Ayam (butir),19,2500
2024-12-13,Susu Ultra Milk 250ml,3,5500
2024-12-13,Roti Tawar Sari Roti,2,15000
2024-12-13,Mie Sedaap Goreng,11,3200
2024-12-13,Sambal ABC Sachet,16,2000
2024-12-14,Indomie Goreng,24,3500
2024-12-14,Minyak Goreng Bimoli 1L,9,18000
2024-12-14,Beras Premium 5kg,2,65000
2024-12-14,Gula Pasir 1kg,13,15000
2024-12-14,Kopi Kapal Api Sachet,25,1500
2024-12-14,Sabun Mandi Lifebuoy,7,4500
2024-12-14,Deterjen Rinso 800g,7,12000
2024-12-14,Air Mineral Aqua 600ml,26,3000
2024-12-14,Teh Pucuk Harum 350ml,18,4000
2024-12-14,Rokok Gudang Garam,14,28000
2024-12-14,Telur Ayam (butir),15,2500
2024-12-14,Susu Ultra Milk 250ml,13,5500
2024-12-14,Roti Tawar Sari Roti,12,15000
2024-12-14,Mie Sedaap Goreng,8,3200
2024-12-14,Sambal ABC Sachet,25,2000
2024-12-15,Indomie Goreng,18,3500
2024-12-15,Minyak Goreng Bimoli 1L,6,18000
2024-12-15,Beras Premium 5kg,3,65000
2024-12-15,Gula Pasir 1kg,9,15000
2024-12-15,Kopi Kapal Api Sachet,23,1500
2024-12-15,Sabun Mandi Lifebuoy,6,4500
2024-12-15,Deterjen Rinso 800g,4,12000
2024-12-15,Air Mineral Aqua 600ml,31,3000
2024-12-15,Teh Pucuk Harum 350ml,27,4000
2024-12-15,Rokok Gudang Garam,15,28000
2024-12-15,Telur Ayam (butir),22,2500
2024-12-15,Susu Ultra Milk 250ml,9,5500
2024-12-15,Roti Tawar Sari Roti,1,15000
2024-12-15,Mie Sedaap Goreng,10,3200
2024-12-15,Sambal ABC Sachet,20,2000
2024-12-16,Indomie Goreng,13,3500
2024-12-16,Minyak Goreng Bimoli 1L,6,18000
2024-12-16,Beras Premium 5kg,5,65000
2024-12-16,Gula Pasir 1kg,7,15000
2024-12-16,Kopi Kapal Api Sachet,19,1500
2024-12-16,Sabun Mandi Lifebuoy,4,4500
2024-12-16,Deterjen Rinso 800g,5,12000
2024-12-16,Air Mineral Aqua 600ml,16,3000
2024-12-16,Teh Pucuk Harum 350ml,13,4000
2024-12-16,Rokok Gudang Garam,13,28000
2024-12-16,Telur Ayam (butir),26,2500
2024-12-16,Susu Ultra Milk 250ml,13,5500
2024-12-16,Roti Tawar Sari Roti,6,15000
2024-12-16,Mie Sedaap Goreng,6,3200
2024-12-16,Sambal ABC Sachet,12,2000
2024-12-17,Indomie Goreng,13,3500
2024-12-17,Minyak Goreng Bimoli 1L,12,18000
2024-12-17,Beras Premium 5kg,5,65000
2024-12-17,Gula Pasir 1kg,8,15000
2024-12-17,Kopi Kapal Api Sachet,14,1500
2024-12-17,Sabun Mandi Lifebuoy,10,4500
2024-12-17,Deterjen Rinso 800g,6,12000
2024-12-17,Air Mineral Aqua 600ml,29,3000
2024-12-17,Teh Pucuk Harum 350ml,15,4000
2024-12-17,Rokok Gudang Garam,15,28000
2024-12-17,Telur Ayam (butir),26,2500
2024-12-17,Susu Ultra Milk 250ml,5,5500
2024-12-17,Roti Tawar Sari Roti,4,15000
2024-12-17,Mie Sedaap Goreng,8,3200
2024-12-17,Sambal ABC Sachet,15,2000
2024-12-18,Indomie Goreng,12,3500
2024-12-18,Minyak Goreng Bimoli 1L,5,18000
2024-12-18,Beras Premium 5kg,6,65000
2024-12-18,Gula Pasir 1kg,7,15000
2024-12-18,Kopi Kapal Api Sachet,21,1500
2024-12-18,Sabun Mandi Lifebuoy,7,4500
2024-12-18,Deterjen Rinso 800g,4,12000
2024-12-18,Air Mineral Aqua 600ml,16,3000
2024-12-18,Teh Pucuk Harum 350ml,16,4000
2024-12-18,Rokok Gudang Garam,16,28000
2024-12-18,Telur Ayam (butir),17,2500
2024-12-18,Susu Ultra Milk 250ml,8,5500
2024-12-18,Roti Tawar Sari Roti,7,15000
2024-12-18,Mie Sedaap Goreng,13,3200
2024-12-18,Sambal ABC Sachet,13,2000
2024-12-19,Indomie Goreng,15,3500
2024-12-19,Minyak Goreng Bimoli 1L,7,18000
2024-12-19,Beras Premium 5kg,3,65000
2024-12-19,Gula Pasir 1kg,4,15000
2024-12-19,Kopi Kapal Api Sachet,19,1500
2024-12-19,Sabun Mandi Lifebuoy,9,4500
2024-12-19,Deterjen Rinso 800g,3,12000
2024-12-19,Air Mineral Aqua 600ml,32,3000
2024-12-19,Teh Pucuk Harum 350ml,14,4000
2024-12-19,Rokok Gudang Garam,15,28000
2024-12-19,Telur Ayam (butir),22,2500
2024-12-19,Susu Ultra Milk 250ml,9,5500
2024-12-19,Roti Tawar Sari Roti,5,15000
2024-12-19,Mie Sedaap Goreng,9,3200
2024-12-19,Sambal ABC Sachet,8,2000
2024-12-20,Indomie Goreng,7,3500
2024-12-20,Minyak Goreng Bimoli 1L,7,18000
2024-12-20,Beras Premium 5kg,2,65000
2024-12-20,Gula Pasir 1kg,8,15000
2024-12-20,Kopi Kapal Api Sachet,9,1500
2024-12-20,Sabun Mandi Lifebuoy,11,4500
2024-12-20,Deterjen Rinso 800g,1,12000
2024-12-20,Air Mineral Aqua 600ml,24,3000
2024-12-20,Teh Pucuk Harum 350ml,9,4000
2024-12-20,Rokok Gudang Garam,12,28000
2024-12-20,Telur Ayam (butir),19,2500
2024-12-20,Susu Ultra Milk 250ml,9,5500
2024-12-20,Roti Tawar Sari Roti,5,15000
2024-12-20,Mie Sedaap Goreng,7,3200
2024-12-20,Sambal ABC Sachet,11,2000
2024-12-21,Indomie Goreng,18,3500
2024-12-21,Minyak Goreng Bimoli 1L,12,18000
2024-12-21,Beras Premium 5kg,2,65000
2024-12-21,Gula Pasir 1kg,6,15000
2024-12-21,Kopi Kapal Api Sachet,21,1500
2024-12-21,Sabun Mandi Lifebuoy,7,4500
2024-12-21,Deterjen Rinso 800g,5,12000
2024-12-21,Air Mineral Aqua 600ml,26,3000
2024-12-21,Teh Pucuk Harum 350ml,18,4000
2024-12-21,Rokok Gudang Garam,5,28000
2024-12-21,Telur Ayam (butir),27,2500
2024-12-21,Susu Ultra Milk 250ml,8,5500
2024-12-21,Roti Tawar Sari Roti,5,15000
2024-12-21,Mie Sedaap Goreng,17,3200
2024-12-21,Sambal ABC Sachet,15,2000
2024-12-22,Indomie Goreng,18,3500
2024-12-22,Minyak Goreng Bimoli 1L,4,18000
2024-12-22,Beras Premium 5kg,3,65000
2024-12-22,Gula Pasir 1kg,4,15000
2024-12-22,Kopi Kapal Api Sachet,23,1500
2024-12-22,Sabun Mandi Lifebuoy,7,4500
2024-12-22,Deterjen Rinso 800g,4,12000
2024-12-22,Air Mineral Aqua 600ml,35,3000
2024-12-22,Teh Pucuk Harum 350ml,23,4000
2024-12-22,Rokok Gudang Garam,11,28000
2024-12-22,Telur Ayam (butir),22,2500
2024-12-22,Susu Ultra Milk 250ml,13,5500
2024-12-22,Roti Tawar Sari Roti,6,15000
2024-12-22,Mie Sedaap Goreng,12,3200
2024-12-22,Sambal ABC Sachet,13,2000
2024-12-23,Indomie Goreng,10,3500
2024-12-23,Minyak Goreng Bimoli 1L,6,18000
2024-12-23,Beras Premium 5kg,1,65000
2024-12-23,Gula Pasir 1kg,3,15000
2024-12-23,Kopi Kapal Api Sachet,17,1500
2024-12-23,Sabun Mandi Lifebuoy,8,4500
2024-12-23,Deterjen Rinso 800g,6,12000
2024-12-23,Air Mineral Aqua 600ml,18,3000
2024-12-23,Teh Pucuk Harum 350ml,19,4000
2024-12-23,Rokok Gudang Garam,15,28000
2024-12-23,Telur Ayam (butir),15,2500
2024-12-23,Susu Ultra Milk 250ml,8,5500
2024-12-23,Roti Tawar Sari Roti,5,15000
2024-12-23,Mie Sedaap Goreng,10,3200
2024-12-23,Sambal ABC Sachet,21,2000
2024-12-24,Indomie Goreng,13,3500
2024-12-24,Minyak Goreng Bimoli 1L,8,18000
2024-12-24,Beras Premium 5kg,2,65000
2024-12-24,Gula Pasir 1kg,7,15000
2024-12-24,Kopi Kapal Api Sachet,18,1500
2024-12-24,Sabun Mandi Lifebuoy,3,4500
2024-12-24,Deterjen Rinso 800g,3,12000
2024-12-24,Air Mineral Aqua 600ml,19,3000
2024-12-24,Teh Pucuk Harum 350ml,10,4000
2024-12-24,Rokok Gudang Garam,12,28000
2024-12-24,Telur Ayam (butir),22,2500
2024-12-24,Susu Ultra Milk 250ml,10,5500
2024-12-24,Roti Tawar Sari Roti,5,15000
2024-12-24,Mie Sedaap Goreng,16,3200
2024-12-24,Sambal ABC Sachet,19,2000
2024-12-25,Indomie Goreng,9,3500
2024-12-25,Minyak Goreng Bimoli 1L,3,18000
2024-12-25,Beras Premium 5kg,4,65000
2024-12-25,Gula Pasir 1kg,7,15000
2024-12-25,Kopi Kapal Api Sachet,17,1500
2024-12-25,Sabun Mandi Lifebuoy,4,4500
2024-12-25,Deterjen Rinso 800g,5,12000
2024-12-25,Air Mineral Aqua 600ml,26,3000
2024-12-25,Teh Pucuk Harum 350ml,14,4000
2024-12-25,Rokok Gudang Garam,11,28000
2024-12-25,Telur Ayam (butir),13,2500
2024-12-25,Susu Ultra Milk 250ml,12,5500
2024-12-25,Roti Tawar Sari Roti,3,15000
2024-12-25,Mie Sedaap Goreng,10,3200
2024-12-25,Sambal ABC Sachet,7,2000
2024-12-26,Indomie Goreng,13,3500
2024-12-26,Minyak Goreng Bimoli 1L,10,18000
2024-12-26,Beras Premium 5kg,6,65000
2024-12-26,Gula Pasir 1kg,5,15000
2024-12-26,Kopi Kapal Api Sachet,21,1500
2024-12-26,Sabun Mandi Lifebuoy,4,4500
2024-12-26,Deterjen Rinso 800g,1,12000
2024-12-26,Air Mineral Aqua 600ml,26,3000
2024-12-26,Teh Pucuk Harum 350ml,6,4000
2024-12-26,Rokok Gudang Garam,14,28000
2024-12-26,Telur Ayam (butir),19,2500
2024-12-26,Susu Ultra Milk 250ml,7,5500
2024-12-26,Roti Tawar Sari Roti,1,15000
2024-12-26,Mie Sedaap Goreng,6,3200
2024-12-26,Sambal ABC Sachet,13,2000
2024-12-27,Indomie Goreng,19,3500
2024-12-27,Minyak Goreng Bimoli 1L,6,18000
2024-12-27,Beras Premium 5kg,3,65000
2024-12-27,Gula Pasir 1kg,6,15000
2024-12-27,Kopi Kapal Api Sachet,18,1500
2024-12-27,Sabun Mandi Lifebuoy,5,4500
2024-12-27,Deterjen Rinso 800g,9,12000
2024-12-27,Air Mineral Aqua 600ml,20,3000
2024-12-27,Teh Pucuk Harum 350ml,19,4000
2024-12-27,Rokok Gudang Garam,21,28000
2024-12-27,Telur Ayam (butir),16,2500
2024-12-27,Susu Ultra Milk 250ml,5,5500
2024-12-27,Roti Tawar Sari Roti,3,15000
2024-12-27,Mie Sedaap Goreng,6,3200
2024-12-27,Sambal ABC Sachet,17,2000
2024-12-28,Indomie Goreng,26,3500
2024-12-28,Minyak Goreng Bimoli 1L,10,18000
2024-12-28,Gula Pasir 1kg,8,15000
2024-12-28,Kopi Kapal Api Sachet,15,1500
2024-12-28,Sabun Mandi Lifebuoy,7,4500
2024-12-28,Deterjen Rinso 800g,4,12000
2024-12-28,Air Mineral Aqua 600ml,27,3000
2024-12-28,Teh Pucuk Harum 350ml,13,4000
2024-12-28,Rokok Gudang Garam,12,28000
2024-12-28,Telur Ayam (butir),23,2500
2024-12-28,Susu Ultra Milk 250ml,4,5500
2024-12-28,Roti Tawar Sari Roti,4,15000
2024-12-28,Mie Sedaap Goreng,10,3200
2024-12-28,Sambal ABC Sachet,14,2000
2024-12-29,Indomie Goreng,13,3500
2024-12-29,Minyak Goreng Bimoli 1L,6,18000
2024-12-29,Beras Premium 5kg,4,65000
2024-12-29,Gula Pasir 1kg,5,15000
2024-12-29,Kopi Kapal Api Sachet,17,1500
2024-12-29,Sabun Mandi Lifebuoy,9,4500
2024-12-29,Deterjen Rinso 800g,7,12000
2024-12-29,Air Mineral Aqua 600ml,37,3000
2024-12-29,Teh Pucuk Harum 350ml,12,4000
2024-12-29,Rokok Gudang Garam,13,28000
2024-12-29,Telur Ayam (butir),30,2500
2024-12-29,Susu Ultra Milk 250ml,8,5500
2024-12-29,Roti Tawar Sari Roti,7,15000
2024-12-29,Mie Sedaap Goreng,16,3200
2024-12-29,Sambal ABC Sachet,14,2000
2024-12-30,Indomie Goreng,17,3500
2024-12-30,Minyak Goreng Bimoli 1L,8,18000
2024-12-30,Beras Premium 5kg,4,65000
2024-12-30,Gula Pasir 1kg,6,15000
2024-12-30,Kopi Kapal Api Sachet,24,1500
2024-12-30,Sabun Mandi Lifebuoy,5,4500
2024-12-30,Deterjen Rinso 800g,3,12000
2024-12-30,Air Mineral Aqua 600ml,23,3000
2024-12-30,Teh Pucuk Harum 350ml,16,4000
2024-12-30,Rokok Gudang Garam,7,28000
2024-12-30,Telur Ayam (butir),17,2500
2024-12-30,Susu Ultra Milk 250ml,9,5500
2024-12-30,Roti Tawar Sari Roti,2,15000
2024-12-30,Mie Sedaap Goreng,10,3200
2024-12-30,Sambal ABC Sachet,17,2000
2024-12-31,Indomie Goreng,21,3500
2024-12-31,Minyak Goreng Bimoli 1L,6,18000
2024-12-31,Beras Premium 5kg,7,65000
2024-12-31,Gula Pasir 1kg,5,15000
2024-12-31,Kopi Kapal Api Sachet,15,1500
2024-12-31,Sabun Mandi Lifebuoy,5,4500
2024-12-31,Deterjen Rinso 800g,9,12000
2024-12-31,Air Mineral Aqua 600ml,23,3000
2024-12-31,Teh Pucuk Harum 350ml,11,4000
2024-12-31,Rokok Gudang Garam,9,28000
2024-12-31,Telur Ayam (butir),19,2500
2024-12-31,Susu Ultra Milk 250ml,8,5500
2024-12-31,Roti Tawar Sari Roti,6,15000
2024-12-31,Mie Sedaap Goreng,7,3200
2024-12-31,Sambal ABC Sachet,6,2000
